2026-06-09 08:49:55 | INFO | P06-NB | === RUN START ===
2026-06-09 08:49:55 | INFO | P06-NB | project=P06-NB
2026-06-09 08:49:55 | INFO | P06-NB | repo_dir=datafun-06-applied
2026-06-09 08:49:55 | INFO | P06-NB | python=3.14.5
2026-06-09 08:49:55 | INFO | P06-NB | os=Windows 11
2026-06-09 08:49:55 | INFO | P06-NB | shell=powershell
2026-06-09 08:49:55 | INFO | P06-NB | cwd=notebooks
2026-06-09 08:49:55 | INFO | P06-NB | github_actions=False
2026-06-09 08:49:55 | INFO | P06-NB | Imports complete.
2026-06-09 08:49:55 | INFO | P06-NB | Loading dataset: owid-co2-data-subset
2026-06-09 09:09:13 | INFO | P06-NB | === RUN START ===
2026-06-09 09:09:13 | INFO | P06-NB | project=P06-NB
2026-06-09 09:09:13 | INFO | P06-NB | repo_dir=datafun-06-applied
2026-06-09 09:09:13 | INFO | P06-NB | python=3.14.5
2026-06-09 09:09:13 | INFO | P06-NB | os=Windows 11
2026-06-09 09:09:13 | INFO | P06-NB | shell=powershell
2026-06-09 09:09:13 | INFO | P06-NB | cwd=notebooks
2026-06-09 09:09:13 | INFO | P06-NB | github_actions=False
2026-06-09 09:09:13 | INFO | P06-NB | Imports complete.
2026-06-09 09:09:13 | INFO | P06-NB | Loading dataset: owid-co2-data-subset
2026-06-09 09:09:41 | INFO | P06-NB | === RUN START ===
2026-06-09 09:09:41 | INFO | P06-NB | project=P06-NB
2026-06-09 09:09:41 | INFO | P06-NB | repo_dir=datafun-06-applied
2026-06-09 09:09:41 | INFO | P06-NB | python=3.14.5
2026-06-09 09:09:41 | INFO | P06-NB | os=Windows 11
2026-06-09 09:09:41 | INFO | P06-NB | shell=powershell
2026-06-09 09:09:41 | INFO | P06-NB | cwd=notebooks
2026-06-09 09:09:41 | INFO | P06-NB | github_actions=False
2026-06-09 09:09:41 | INFO | P06-NB | Imports complete.
2026-06-09 09:09:41 | INFO | P06-NB | Loading dataset: owid-co2-data-subset
2026-06-09 09:09:44 | INFO | P06-NB | === RUN START ===
2026-06-09 09:09:44 | INFO | P06-NB | project=P06-NB
2026-06-09 09:09:44 | INFO | P06-NB | repo_dir=datafun-06-applied
2026-06-09 09:09:44 | INFO | P06-NB | python=3.14.5
2026-06-09 09:09:44 | INFO | P06-NB | os=Windows 11
2026-06-09 09:09:44 | INFO | P06-NB | shell=powershell
2026-06-09 09:09:44 | INFO | P06-NB | cwd=notebooks
2026-06-09 09:09:44 | INFO | P06-NB | github_actions=False
2026-06-09 09:09:44 | INFO | P06-NB | Imports complete.
2026-06-09 09:09:44 | INFO | P06-NB | Loading dataset: owid-co2-data-subset
2026-06-09 09:09:55 | INFO | P06-NB | === RUN START ===
2026-06-09 09:09:55 | INFO | P06-NB | project=P06-NB
2026-06-09 09:09:55 | INFO | P06-NB | repo_dir=datafun-06-applied
2026-06-09 09:09:55 | INFO | P06-NB | python=3.14.5
2026-06-09 09:09:55 | INFO | P06-NB | os=Windows 11
2026-06-09 09:09:55 | INFO | P06-NB | shell=powershell
2026-06-09 09:09:55 | INFO | P06-NB | cwd=notebooks
2026-06-09 09:09:55 | INFO | P06-NB | github_actions=False
2026-06-09 09:09:55 | INFO | P06-NB | Imports complete.
2026-06-09 09:09:55 | INFO | P06-NB | Loading dataset: owid-co2-data-subset
2026-06-09 09:09:56 | INFO | P06-NB | === RUN START ===
2026-06-09 09:09:56 | INFO | P06-NB | project=P06-NB
2026-06-09 09:09:56 | INFO | P06-NB | repo_dir=datafun-06-applied
2026-06-09 09:09:56 | INFO | P06-NB | python=3.14.5
2026-06-09 09:09:56 | INFO | P06-NB | os=Windows 11
2026-06-09 09:09:56 | INFO | P06-NB | shell=powershell
2026-06-09 09:09:56 | INFO | P06-NB | cwd=notebooks
2026-06-09 09:09:56 | INFO | P06-NB | github_actions=False
2026-06-09 09:09:56 | INFO | P06-NB | Imports complete.
2026-06-09 09:09:56 | INFO | P06-NB | Loading dataset: owid-co2-data-subset
2026-06-09 09:11:14 | INFO | P06-NB | === RUN START ===
2026-06-09 09:11:14 | INFO | P06-NB | project=P06-NB
2026-06-09 09:11:14 | INFO | P06-NB | repo_dir=datafun-06-applied
2026-06-09 09:11:14 | INFO | P06-NB | python=3.14.5
2026-06-09 09:11:14 | INFO | P06-NB | os=Windows 11
2026-06-09 09:11:14 | INFO | P06-NB | shell=powershell
2026-06-09 09:11:14 | INFO | P06-NB | cwd=notebooks
2026-06-09 09:11:14 | INFO | P06-NB | github_actions=False
2026-06-09 09:11:14 | INFO | P06-NB | Imports complete.
2026-06-09 09:11:14 | INFO | P06-NB | Loading dataset: owid-co2-data-subset
2026-06-09 09:11:20 | INFO | P06-NB | === RUN START ===
2026-06-09 09:11:20 | INFO | P06-NB | project=P06-NB
2026-06-09 09:11:20 | INFO | P06-NB | repo_dir=datafun-06-applied
2026-06-09 09:11:20 | INFO | P06-NB | python=3.14.5
2026-06-09 09:11:20 | INFO | P06-NB | os=Windows 11
2026-06-09 09:11:20 | INFO | P06-NB | shell=powershell
2026-06-09 09:11:20 | INFO | P06-NB | cwd=notebooks
2026-06-09 09:11:20 | INFO | P06-NB | github_actions=False
2026-06-09 09:11:20 | INFO | P06-NB | Imports complete.
2026-06-09 09:11:20 | INFO | P06-NB | Loading dataset: owid-co2-data-subset
2026-06-09 09:11:52 | INFO | P06-NB | === RUN START ===
2026-06-09 09:11:52 | INFO | P06-NB | project=P06-NB
2026-06-09 09:11:52 | INFO | P06-NB | repo_dir=datafun-06-applied
2026-06-09 09:11:52 | INFO | P06-NB | python=3.14.5
2026-06-09 09:11:52 | INFO | P06-NB | os=Windows 11
2026-06-09 09:11:52 | INFO | P06-NB | shell=powershell
2026-06-09 09:11:52 | INFO | P06-NB | cwd=notebooks
2026-06-09 09:11:52 | INFO | P06-NB | github_actions=False
2026-06-09 09:11:52 | INFO | P06-NB | Imports complete.
2026-06-09 09:11:52 | INFO | P06-NB | Loading dataset: owid-co2-data-subset
2026-06-09 09:11:58 | INFO | P06-NB | === RUN START ===
2026-06-09 09:11:58 | INFO | P06-NB | project=P06-NB
2026-06-09 09:11:58 | INFO | P06-NB | repo_dir=datafun-06-applied
2026-06-09 09:11:58 | INFO | P06-NB | python=3.14.5
2026-06-09 09:11:58 | INFO | P06-NB | os=Windows 11
2026-06-09 09:11:58 | INFO | P06-NB | shell=powershell
2026-06-09 09:11:58 | INFO | P06-NB | cwd=notebooks
2026-06-09 09:11:58 | INFO | P06-NB | github_actions=False
2026-06-09 09:11:58 | INFO | P06-NB | Imports complete.
2026-06-09 09:11:58 | INFO | P06-NB | Loading dataset: owid-co2-data-subset
2026-06-09 09:12:05 | INFO | P06-NB | Loading dataset: owid-co2-data-subset
2026-06-09 09:12:08 | INFO | P06-NB | Loading dataset: owid-co2-data-subset
2026-06-09 09:12:14 | INFO | P06-NB | Loading dataset: owid-co2-data-subset
2026-06-09 09:12:21 | INFO | P06-NB | Loading dataset: owid-co2-data-subset
2026-06-09 09:18:34 | INFO | P06-NB | Loading dataset: owid-co2-data-subset
2026-06-09 09:20:53 | INFO | P06-NB | Loading dataset: owid-co2-data-subset
2026-06-09 09:20:59 | INFO | P06-NB | Loading dataset: owid-co2-data-subset
2026-06-09 09:24:19 | INFO | P06-NB | Previewing first few rows of the dataset
2026-06-09 09:28:28 | INFO | P06-NB | Loading dataset: owid-co2-data-subset
2026-06-09 09:28:28 | INFO | P06-NB | Loaded: 350 rows, 14 columns
2026-06-09 09:28:28 | INFO | P06-NB | Previewing first few rows of the dataset
2026-06-09 09:28:28 | INFO | P06-NB | Column names
2026-06-09 09:28:28 | INFO | P06-NB | Building starter data dictionary
2026-06-09 09:28:28 | DEBUG | P06-NB | 
                         column    dtype  missing_count  missing_pct
0                       country      str              0          0.0
1                          year    int64              0          0.0
2                    population  float64              0          0.0
3                           gdp  float64             42         12.0
4                           co2  float64              0          0.0
5                co2_per_capita  float64              0          0.0
6                      coal_co2  float64              0          0.0
7                       oil_co2  float64              0          0.0
8                       gas_co2  float64              0          0.0
9                    cement_co2  float64              0          0.0
10                      methane  float64              0          0.0
11                nitrous_oxide  float64              0          0.0
12                    total_ghg  float64              0          0.0
13  temperature_change_from_co2  float64              0          0.0
2026-06-09 09:28:29 | INFO | P06-NB | Missing values per column:
2026-06-09 09:28:29 | INFO | P06-NB | country                         0
year                            0
population                      0
gdp                            42
co2                             0
co2_per_capita                  0
coal_co2                        0
oil_co2                         0
gas_co2                         0
cement_co2                      0
methane                         0
nitrous_oxide                   0
total_ghg                       0
temperature_change_from_co2     0
dtype: int64
2026-06-09 09:28:29 | INFO | P06-NB | Checking missing values per column
2026-06-09 09:28:29 | DEBUG | P06-NB | 
gdp                            42
country                         0
year                            0
population                      0
co2                             0
co2_per_capita                  0
coal_co2                        0
oil_co2                         0
gas_co2                         0
cement_co2                      0
methane                         0
nitrous_oxide                   0
total_ghg                       0
temperature_change_from_co2     0
dtype: int64
2026-06-09 09:28:29 | INFO | P06-NB | Duplicate rows detected: 0
2026-06-09 09:28:29 | INFO | P06-NB | Call describe() for numeric columns
2026-06-09 09:28:29 | DEBUG | P06-NB | 
              year           co2  co2_per_capita    population           gdp
count   350.000000    350.000000      350.000000  3.500000e+02  3.080000e+02
mean   2007.000000   4832.134691        8.145377  1.012341e+09  8.645671e+12
std      10.113964   9060.307418        5.574669  1.994109e+09  1.968629e+13
min    1990.000000    218.658000        0.668000  2.778944e+07  8.202743e+11
25%    1998.000000    500.044750        4.053000  6.530911e+07  2.047581e+12
50%    2007.000000    919.377000        7.070500  1.386678e+08  3.023014e+12
75%    2016.000000   4994.685000       10.573750  1.166760e+09  5.977619e+12
max    2024.000000  38598.578000       21.398000  8.161973e+09  1.301126e+14

2026-06-09 09:28:29 | DEBUG | P06-NB | Columns required to be non-missing: ['year', 'co2', 'co2_per_capita', 'population', 'gdp', 'country']
2026-06-09 09:28:29 | INFO | P06-NB | Original rows: 350
2026-06-09 09:28:29 | INFO | P06-NB | Clean rows:    308
2026-06-09 09:28:29 | INFO | P06-NB | Rows dropped:  42
2026-06-09 09:28:29 | INFO | P06-NB | --------------- Manual statistics ---------------
2026-06-09 09:28:29 | DEBUG | P06-NB | co2_per_capita Statistics (using numpy):
2026-06-09 09:28:29 | DEBUG | P06-NB |   Mean: 8.50
2026-06-09 09:28:29 | DEBUG | P06-NB |   Std Dev: 5.73
2026-06-09 09:28:29 | DEBUG | P06-NB |   Min: 0.67
2026-06-09 09:28:29 | DEBUG | P06-NB |   Max: 21.40
2026-06-09 09:28:29 | DEBUG | P06-NB |   Range: 20.73
2026-06-09 09:28:29 | INFO | P06-NB | Computing overall descriptive statistics
2026-06-09 09:28:29 | DEBUG | P06-NB | 
                count          mean           std           min           25%           50%           75%  \
year            308.0  2.006266e+03  9.636076e+00  1.990000e+03  1.998000e+03  2.006000e+03  2.015000e+03   
co2             308.0  3.088741e+03  6.474068e+03  2.186580e+02  4.916350e+02  8.513980e+02  2.633302e+03   
co2_per_capita  308.0  8.495893e+00  5.744199e+00  6.680000e-01  2.901500e+00  7.822000e+00  1.096975e+01   
population      308.0  6.180101e+08  1.384037e+09  2.778944e+07  6.390381e+07  1.275789e+08  4.723936e+08   
gdp             308.0  8.645671e+12  1.968629e+13  8.202743e+11  2.047581e+12  3.023014e+12  5.977619e+12   

                         max  
year            2.022000e+03  
co2             3.752777e+04  
co2_per_capita  2.139800e+01  
population      8.021407e+09  
gdp             1.301126e+14  
2026-06-09 09:28:29 | INFO | P06-NB | --------------- Using pandas groupby() and agg() ---------------
2026-06-09 09:28:29 | INFO | P06-NB | Computing descriptive statistics by group
2026-06-09 09:28:29 | DEBUG | P06-NB | 
                year                                      co2                                                   \
               count         mean       std   min   max count          mean          std        min        max   
country                                                                                                          
Brazil            33  2006.000000  9.669540  1990  2022    33    386.024121    99.416512    218.658    556.526   
Canada            33  2006.000000  9.669540  1990  2022    33    541.119818    39.995135    449.776    589.956   
China             33  2006.000000  9.669540  1990  2022    33   6658.015455  3207.545348   2483.534  11711.808   
France            33  2006.000000  9.669540  1990  2022    33    374.195273    40.136420    281.515    419.119   
Germany           33  2006.000000  9.669540  1990  2022    33    855.715788    97.477463    647.177   1054.796   
India             33  2006.000000  9.669540  1990  2022    33   1496.659909   717.113573    577.987   2831.132   
Japan             33  2006.000000  9.669540  1990  2022    33   1210.712667    74.291661   1029.645   1311.876   
United Kingdom    33  2006.000000  9.669540  1990  2022    33    506.447697    90.802625    311.118    609.413   
United States     33  2006.000000  9.669540  1990  2022    33   5535.547455   377.675710   4689.954   6126.903   
World             11  2013.454545  9.943477  1990  2022    11  33791.427545  4958.051414  22732.145  37527.773   

               co2_per_capita                                      population                              \
                        count       mean       std     min     max      count          mean           std   
country                                                                                                     
Brazil                     33   2.065606  0.352282   1.466   2.781         33  1.840960e+08  1.883102e+07   
Canada                     33  16.459121  1.218597  13.733  18.344         33  3.303238e+07  3.291569e+06   
China                      33   4.940697  2.137014   2.153   8.218         33  1.313988e+09  8.344915e+07   
France                     33   6.095394  0.899886   4.272   7.318         33  6.179824e+07  3.078375e+06   
Germany                    33  10.458455  1.275180   7.739  13.233         33  8.190820e+07  1.020909e+06   
India                      33   1.227273  0.424370   0.668   1.986         33  1.162973e+09  1.736689e+08   
Japan                      33   9.551061  0.540427   8.213  10.271         33  1.267329e+08  1.324991e+06   
United Kingdom             33   8.291152  1.868601   4.563  10.588         33  6.184516e+07  3.544911e+06   
United States              33  18.674636  2.286546  13.817  21.398         33  2.992977e+08  2.770057e+07   
World                      11   4.594818  0.214085   4.134   4.752         11  7.327269e+09  8.477486e+08   

                                             gdp                                                          
                         min           max count          mean           std           min           max  
country                                                                                                   
Brazil          1.491432e+08  2.103064e+08    33  2.262925e+12  7.097089e+11  1.185475e+12  3.187413e+12  
Canada          2.778944e+07  3.882126e+07    33  1.291902e+12  2.981411e+11  8.202743e+11  1.761296e+12  
China           1.153583e+09  1.426437e+09    33  1.171751e+13  7.417495e+12  3.385122e+12  2.696602e+13  
France          5.699024e+07  6.627741e+07    33  2.183964e+12  3.303561e+11  1.636208e+12  2.671569e+12  
Germany         7.970796e+07  8.408623e+07    33  3.049515e+12  5.985213e+11  2.015547e+12  3.909613e+12  
India           8.649722e+08  1.425423e+09    33  4.891528e+12  2.764509e+12  1.750993e+12  1.047625e+13  
Japan           1.233998e+08  1.281925e+08    33  4.368696e+12  3.311838e+11  3.699822e+12  4.852985e+12  
United Kingdom  5.736787e+07  6.817932e+07    33  2.080226e+12  3.617837e+11  1.488075e+12  2.624285e+12  
United States   2.533734e+08  3.415340e+08    33  1.429605e+13  3.052282e+12  9.224688e+12  1.949317e+13  
World           5.327803e+09  8.021407e+09    11  1.036518e+14  2.819317e+13  4.303361e+13  1.301126e+14  
2026-06-09 09:28:29 | INFO | P06-NB | --------------- Improving the output ---------------
2026-06-09 09:28:29 | DEBUG | P06-NB | 
                               count          mean           std           min           max
country                                                                                     
Brazil         year               33  2.006000e+03  9.669540e+00  1.990000e+03  2.022000e+03
               co2                33  3.860241e+02  9.941651e+01  2.186580e+02  5.565260e+02
               co2_per_capita     33  2.065606e+00  3.522824e-01  1.466000e+00  2.781000e+00
               population         33  1.840960e+08  1.883102e+07  1.491432e+08  2.103064e+08
               gdp                33  2.262925e+12  7.097089e+11  1.185475e+12  3.187413e+12
Canada         year               33  2.006000e+03  9.669540e+00  1.990000e+03  2.022000e+03
               co2                33  5.411198e+02  3.999514e+01  4.497760e+02  5.899560e+02
               co2_per_capita     33  1.645912e+01  1.218597e+00  1.373300e+01  1.834400e+01
               population         33  3.303238e+07  3.291569e+06  2.778944e+07  3.882126e+07
               gdp                33  1.291902e+12  2.981411e+11  8.202743e+11  1.761296e+12
China          year               33  2.006000e+03  9.669540e+00  1.990000e+03  2.022000e+03
               co2                33  6.658015e+03  3.207545e+03  2.483534e+03  1.171181e+04
               co2_per_capita     33  4.940697e+00  2.137014e+00  2.153000e+00  8.218000e+00
               population         33  1.313988e+09  8.344915e+07  1.153583e+09  1.426437e+09
               gdp                33  1.171751e+13  7.417495e+12  3.385122e+12  2.696602e+13
France         year               33  2.006000e+03  9.669540e+00  1.990000e+03  2.022000e+03
               co2                33  3.741953e+02  4.013642e+01  2.815150e+02  4.191190e+02
               co2_per_capita     33  6.095394e+00  8.998860e-01  4.272000e+00  7.318000e+00
               population         33  6.179824e+07  3.078375e+06  5.699024e+07  6.627741e+07
               gdp                33  2.183964e+12  3.303561e+11  1.636208e+12  2.671569e+12
Germany        year               33  2.006000e+03  9.669540e+00  1.990000e+03  2.022000e+03
               co2                33  8.557158e+02  9.747746e+01  6.471770e+02  1.054796e+03
               co2_per_capita     33  1.045845e+01  1.275180e+00  7.739000e+00  1.323300e+01
               population         33  8.190820e+07  1.020909e+06  7.970796e+07  8.408623e+07
               gdp                33  3.049515e+12  5.985213e+11  2.015547e+12  3.909613e+12
India          year               33  2.006000e+03  9.669540e+00  1.990000e+03  2.022000e+03
               co2                33  1.496660e+03  7.171136e+02  5.779870e+02  2.831132e+03
               co2_per_capita     33  1.227273e+00  4.243703e-01  6.680000e-01  1.986000e+00
               population         33  1.162973e+09  1.736689e+08  8.649722e+08  1.425423e+09
               gdp                33  4.891528e+12  2.764509e+12  1.750993e+12  1.047625e+13
Japan          year               33  2.006000e+03  9.669540e+00  1.990000e+03  2.022000e+03
               co2                33  1.210713e+03  7.429166e+01  1.029645e+03  1.311876e+03
               co2_per_capita     33  9.551061e+00  5.404270e-01  8.213000e+00  1.027100e+01
               population         33  1.267329e+08  1.324991e+06  1.233998e+08  1.281925e+08
               gdp                33  4.368696e+12  3.311838e+11  3.699822e+12  4.852985e+12
United Kingdom year               33  2.006000e+03  9.669540e+00  1.990000e+03  2.022000e+03
               co2                33  5.064477e+02  9.080263e+01  3.111180e+02  6.094130e+02
               co2_per_capita     33  8.291152e+00  1.868601e+00  4.563000e+00  1.058800e+01
               population         33  6.184516e+07  3.544911e+06  5.736787e+07  6.817932e+07
               gdp                33  2.080226e+12  3.617837e+11  1.488075e+12  2.624285e+12
United States  year               33  2.006000e+03  9.669540e+00  1.990000e+03  2.022000e+03
               co2                33  5.535547e+03  3.776757e+02  4.689954e+03  6.126903e+03
               co2_per_capita     33  1.867464e+01  2.286546e+00  1.381700e+01  2.139800e+01
               population         33  2.992977e+08  2.770057e+07  2.533734e+08  3.415340e+08
               gdp                33  1.429605e+13  3.052282e+12  9.224688e+12  1.949317e+13
World          year               11  2.013455e+03  9.943477e+00  1.990000e+03  2.022000e+03
               co2                11  3.379143e+04  4.958051e+03  2.273215e+04  3.752777e+04
               co2_per_capita     11  4.594818e+00  2.140854e-01  4.134000e+00  4.752000e+00
               population         11  7.327269e+09  8.477486e+08  5.327803e+09  8.021407e+09
               gdp                11  1.036518e+14  2.819317e+13  4.303361e+13  1.301126e+14
2026-06-09 09:28:29 | INFO | P06-NB | Computing correlation matrix for numeric columns
2026-06-09 09:28:29 | INFO | P06-NB | 
Correlation matrix:
2026-06-09 09:28:29 | DEBUG | P06-NB | 
                    year       co2  co2_per_capita  population       gdp
year            1.000000  0.215089       -0.091293    0.178675  0.263472
co2             0.215089  1.000000       -0.029367    0.945842  0.977864
co2_per_capita -0.091293 -0.029367        1.000000   -0.272804 -0.053033
population      0.178675  0.945842       -0.272804    1.000000  0.940825
gdp             0.263472  0.977864       -0.053033    0.940825  1.000000
2026-06-09 09:28:29 | INFO | P06-NB | ---------Visualize Correlation Matrix as a Heatmap---------------
2026-06-09 09:28:29 | INFO | P06-NB | ---- Creating Scatter Plot to see Relationships ------
2026-06-09 09:28:29 | INFO | P06-NB | ----   Use clean dataframe ---------------------------
2026-06-09 09:28:29 | INFO | P06-NB | ----   Set x to GDP -----------------------
2026-06-09 09:28:29 | INFO | P06-NB | ----   Set y to CO2 emissions --------------------------
2026-06-09 09:28:29 | INFO | P06-NB | ----   Set the hue (color mapping) to the group column --
2026-06-09 09:28:30 | INFO | P06-NB | ------- Creating another chart -------
2026-06-09 09:28:30 | INFO | P06-NB | ------ Creating Box Plot to see Distribution: ---------
2026-06-09 09:28:30 | INFO | P06-NB | ------   Use clean dataframe --------------------------
2026-06-09 09:28:30 | INFO | P06-NB | ------   Set x to the group column --------------------
2026-06-09 09:28:30 | INFO | P06-NB | ------   Set y to CO2 per capita ----------------------
2026-06-09 09:28:30 | INFO | P06-NB | ========================
2026-06-09 09:28:30 | INFO | P06-NB | SUMMARY
2026-06-09 09:28:30 | INFO | P06-NB | ========================
2026-06-09 09:28:30 | INFO | P06-NB | Dataset: owid-co2-data-subset
2026-06-09 09:28:30 | INFO | P06-NB | Original rows: 350
2026-06-09 09:28:30 | INFO | P06-NB | Clean rows:    308
2026-06-09 09:28:30 | INFO | P06-NB | Groups found in country: ['Brazil', 'Canada', 'China', 'France', 'Germany', 'India', 'Japan', 'United Kingdom', 'United States', 'World']
2026-06-09 09:28:30 | INFO | P06-NB | ======================
2026-06-09 09:28:30 | INFO | P06-NB | Review the results. 
2026-06-09 09:28:30 | INFO | P06-NB | Determine the strongest correlations. 
2026-06-09 09:28:30 | INFO | P06-NB | ======================
2026-06-09 09:28:30 | INFO | P06-NB | Look for interesting patterns in the charts. 
2026-06-09 09:28:30 | INFO | P06-NB | Repeat the process, exploring additional angles.
2026-06-09 09:28:30 | INFO | P06-NB | After finding interesting insights, conclude your analysis.
2026-06-09 09:28:30 | INFO | P06-NB | ======================
2026-06-09 09:28:30 | INFO | P06-NB | Include instructions and specifics in your README.md file.
2026-06-09 09:28:30 | INFO | P06-NB | Write up your narrative on your docs/index.md file.
2026-06-09 09:28:30 | INFO | P06-NB | Include your next step suggestions for further analysis or modeling.
2026-06-09 09:28:30 | INFO | P06-NB | ======================
2026-06-09 09:28:30 | INFO | P06-NB | EDA workflow complete
2026-06-09 09:28:30 | INFO | P06-NB | ========================
2026-06-09 09:28:30 | INFO | P06-NB | Executed successfully!
2026-06-09 09:28:30 | INFO | P06-NB | ========================
2026-06-09 09:29:03 | INFO | P06-NB | === RUN START ===
2026-06-09 09:29:03 | INFO | P06-NB | project=P06-NB
2026-06-09 09:29:03 | INFO | P06-NB | repo_dir=datafun-06-applied
2026-06-09 09:29:03 | INFO | P06-NB | python=3.14.5
2026-06-09 09:29:03 | INFO | P06-NB | os=Windows 11
2026-06-09 09:29:03 | INFO | P06-NB | shell=powershell
2026-06-09 09:29:03 | INFO | P06-NB | cwd=notebooks
2026-06-09 09:29:03 | INFO | P06-NB | github_actions=False
2026-06-09 09:29:03 | INFO | P06-NB | Imports complete.
2026-06-09 09:29:03 | INFO | P06-NB | Loading dataset: owid-co2-data-subset
2026-06-09 09:29:03 | INFO | P06-NB | Loaded: 350 rows, 14 columns
2026-06-09 09:29:03 | INFO | P06-NB | Previewing first few rows of the dataset
2026-06-09 09:29:03 | INFO | P06-NB | Column names
2026-06-09 09:29:03 | INFO | P06-NB | Building starter data dictionary
2026-06-09 09:29:03 | DEBUG | P06-NB | 
                         column    dtype  missing_count  missing_pct
0                       country      str              0          0.0
1                          year    int64              0          0.0
2                    population  float64              0          0.0
3                           gdp  float64             42         12.0
4                           co2  float64              0          0.0
5                co2_per_capita  float64              0          0.0
6                      coal_co2  float64              0          0.0
7                       oil_co2  float64              0          0.0
8                       gas_co2  float64              0          0.0
9                    cement_co2  float64              0          0.0
10                      methane  float64              0          0.0
11                nitrous_oxide  float64              0          0.0
12                    total_ghg  float64              0          0.0
13  temperature_change_from_co2  float64              0          0.0
2026-06-09 09:29:03 | INFO | P06-NB | Missing values per column:
2026-06-09 09:29:03 | INFO | P06-NB | country                         0
year                            0
population                      0
gdp                            42
co2                             0
co2_per_capita                  0
coal_co2                        0
oil_co2                         0
gas_co2                         0
cement_co2                      0
methane                         0
nitrous_oxide                   0
total_ghg                       0
temperature_change_from_co2     0
dtype: int64
2026-06-09 09:29:03 | INFO | P06-NB | Checking missing values per column
2026-06-09 09:29:03 | DEBUG | P06-NB | 
gdp                            42
country                         0
year                            0
population                      0
co2                             0
co2_per_capita                  0
coal_co2                        0
oil_co2                         0
gas_co2                         0
cement_co2                      0
methane                         0
nitrous_oxide                   0
total_ghg                       0
temperature_change_from_co2     0
dtype: int64
2026-06-09 09:29:03 | INFO | P06-NB | Duplicate rows detected: 0
2026-06-09 09:29:03 | INFO | P06-NB | Call describe() for numeric columns
2026-06-09 09:29:03 | DEBUG | P06-NB | 
              year           co2  co2_per_capita    population           gdp
count   350.000000    350.000000      350.000000  3.500000e+02  3.080000e+02
mean   2007.000000   4832.134691        8.145377  1.012341e+09  8.645671e+12
std      10.113964   9060.307418        5.574669  1.994109e+09  1.968629e+13
min    1990.000000    218.658000        0.668000  2.778944e+07  8.202743e+11
25%    1998.000000    500.044750        4.053000  6.530911e+07  2.047581e+12
50%    2007.000000    919.377000        7.070500  1.386678e+08  3.023014e+12
75%    2016.000000   4994.685000       10.573750  1.166760e+09  5.977619e+12
max    2024.000000  38598.578000       21.398000  8.161973e+09  1.301126e+14

2026-06-09 09:29:03 | DEBUG | P06-NB | Columns required to be non-missing: ['year', 'co2', 'co2_per_capita', 'population', 'gdp', 'country']
2026-06-09 09:29:03 | INFO | P06-NB | Original rows: 350
2026-06-09 09:29:03 | INFO | P06-NB | Clean rows:    308
2026-06-09 09:29:03 | INFO | P06-NB | Rows dropped:  42
2026-06-09 09:29:03 | INFO | P06-NB | --------------- Manual statistics ---------------
2026-06-09 09:29:03 | DEBUG | P06-NB | co2_per_capita Statistics (using numpy):
2026-06-09 09:29:03 | DEBUG | P06-NB |   Mean: 8.50
2026-06-09 09:29:03 | DEBUG | P06-NB |   Std Dev: 5.73
2026-06-09 09:29:03 | DEBUG | P06-NB |   Min: 0.67
2026-06-09 09:29:03 | DEBUG | P06-NB |   Max: 21.40
2026-06-09 09:29:03 | DEBUG | P06-NB |   Range: 20.73
2026-06-09 09:29:03 | INFO | P06-NB | Computing overall descriptive statistics
2026-06-09 09:29:03 | DEBUG | P06-NB | 
                count          mean           std           min           25%           50%           75%  \
year            308.0  2.006266e+03  9.636076e+00  1.990000e+03  1.998000e+03  2.006000e+03  2.015000e+03   
co2             308.0  3.088741e+03  6.474068e+03  2.186580e+02  4.916350e+02  8.513980e+02  2.633302e+03   
co2_per_capita  308.0  8.495893e+00  5.744199e+00  6.680000e-01  2.901500e+00  7.822000e+00  1.096975e+01   
population      308.0  6.180101e+08  1.384037e+09  2.778944e+07  6.390381e+07  1.275789e+08  4.723936e+08   
gdp             308.0  8.645671e+12  1.968629e+13  8.202743e+11  2.047581e+12  3.023014e+12  5.977619e+12   

                         max  
year            2.022000e+03  
co2             3.752777e+04  
co2_per_capita  2.139800e+01  
population      8.021407e+09  
gdp             1.301126e+14  
2026-06-09 09:29:03 | INFO | P06-NB | --------------- Using pandas groupby() and agg() ---------------
2026-06-09 09:29:03 | INFO | P06-NB | Computing descriptive statistics by group
2026-06-09 09:29:03 | DEBUG | P06-NB | 
                year                                      co2                                                   \
               count         mean       std   min   max count          mean          std        min        max   
country                                                                                                          
Brazil            33  2006.000000  9.669540  1990  2022    33    386.024121    99.416512    218.658    556.526   
Canada            33  2006.000000  9.669540  1990  2022    33    541.119818    39.995135    449.776    589.956   
China             33  2006.000000  9.669540  1990  2022    33   6658.015455  3207.545348   2483.534  11711.808   
France            33  2006.000000  9.669540  1990  2022    33    374.195273    40.136420    281.515    419.119   
Germany           33  2006.000000  9.669540  1990  2022    33    855.715788    97.477463    647.177   1054.796   
India             33  2006.000000  9.669540  1990  2022    33   1496.659909   717.113573    577.987   2831.132   
Japan             33  2006.000000  9.669540  1990  2022    33   1210.712667    74.291661   1029.645   1311.876   
United Kingdom    33  2006.000000  9.669540  1990  2022    33    506.447697    90.802625    311.118    609.413   
United States     33  2006.000000  9.669540  1990  2022    33   5535.547455   377.675710   4689.954   6126.903   
World             11  2013.454545  9.943477  1990  2022    11  33791.427545  4958.051414  22732.145  37527.773   

               co2_per_capita                                      population                              \
                        count       mean       std     min     max      count          mean           std   
country                                                                                                     
Brazil                     33   2.065606  0.352282   1.466   2.781         33  1.840960e+08  1.883102e+07   
Canada                     33  16.459121  1.218597  13.733  18.344         33  3.303238e+07  3.291569e+06   
China                      33   4.940697  2.137014   2.153   8.218         33  1.313988e+09  8.344915e+07   
France                     33   6.095394  0.899886   4.272   7.318         33  6.179824e+07  3.078375e+06   
Germany                    33  10.458455  1.275180   7.739  13.233         33  8.190820e+07  1.020909e+06   
India                      33   1.227273  0.424370   0.668   1.986         33  1.162973e+09  1.736689e+08   
Japan                      33   9.551061  0.540427   8.213  10.271         33  1.267329e+08  1.324991e+06   
United Kingdom             33   8.291152  1.868601   4.563  10.588         33  6.184516e+07  3.544911e+06   
United States              33  18.674636  2.286546  13.817  21.398         33  2.992977e+08  2.770057e+07   
World                      11   4.594818  0.214085   4.134   4.752         11  7.327269e+09  8.477486e+08   

                                             gdp                                                          
                         min           max count          mean           std           min           max  
country                                                                                                   
Brazil          1.491432e+08  2.103064e+08    33  2.262925e+12  7.097089e+11  1.185475e+12  3.187413e+12  
Canada          2.778944e+07  3.882126e+07    33  1.291902e+12  2.981411e+11  8.202743e+11  1.761296e+12  
China           1.153583e+09  1.426437e+09    33  1.171751e+13  7.417495e+12  3.385122e+12  2.696602e+13  
France          5.699024e+07  6.627741e+07    33  2.183964e+12  3.303561e+11  1.636208e+12  2.671569e+12  
Germany         7.970796e+07  8.408623e+07    33  3.049515e+12  5.985213e+11  2.015547e+12  3.909613e+12  
India           8.649722e+08  1.425423e+09    33  4.891528e+12  2.764509e+12  1.750993e+12  1.047625e+13  
Japan           1.233998e+08  1.281925e+08    33  4.368696e+12  3.311838e+11  3.699822e+12  4.852985e+12  
United Kingdom  5.736787e+07  6.817932e+07    33  2.080226e+12  3.617837e+11  1.488075e+12  2.624285e+12  
United States   2.533734e+08  3.415340e+08    33  1.429605e+13  3.052282e+12  9.224688e+12  1.949317e+13  
World           5.327803e+09  8.021407e+09    11  1.036518e+14  2.819317e+13  4.303361e+13  1.301126e+14  
2026-06-09 09:29:03 | INFO | P06-NB | --------------- Improving the output ---------------
2026-06-09 09:29:03 | DEBUG | P06-NB | 
                               count          mean           std           min           max
country                                                                                     
Brazil         year               33  2.006000e+03  9.669540e+00  1.990000e+03  2.022000e+03
               co2                33  3.860241e+02  9.941651e+01  2.186580e+02  5.565260e+02
               co2_per_capita     33  2.065606e+00  3.522824e-01  1.466000e+00  2.781000e+00
               population         33  1.840960e+08  1.883102e+07  1.491432e+08  2.103064e+08
               gdp                33  2.262925e+12  7.097089e+11  1.185475e+12  3.187413e+12
Canada         year               33  2.006000e+03  9.669540e+00  1.990000e+03  2.022000e+03
               co2                33  5.411198e+02  3.999514e+01  4.497760e+02  5.899560e+02
               co2_per_capita     33  1.645912e+01  1.218597e+00  1.373300e+01  1.834400e+01
               population         33  3.303238e+07  3.291569e+06  2.778944e+07  3.882126e+07
               gdp                33  1.291902e+12  2.981411e+11  8.202743e+11  1.761296e+12
China          year               33  2.006000e+03  9.669540e+00  1.990000e+03  2.022000e+03
               co2                33  6.658015e+03  3.207545e+03  2.483534e+03  1.171181e+04
               co2_per_capita     33  4.940697e+00  2.137014e+00  2.153000e+00  8.218000e+00
               population         33  1.313988e+09  8.344915e+07  1.153583e+09  1.426437e+09
               gdp                33  1.171751e+13  7.417495e+12  3.385122e+12  2.696602e+13
France         year               33  2.006000e+03  9.669540e+00  1.990000e+03  2.022000e+03
               co2                33  3.741953e+02  4.013642e+01  2.815150e+02  4.191190e+02
               co2_per_capita     33  6.095394e+00  8.998860e-01  4.272000e+00  7.318000e+00
               population         33  6.179824e+07  3.078375e+06  5.699024e+07  6.627741e+07
               gdp                33  2.183964e+12  3.303561e+11  1.636208e+12  2.671569e+12
Germany        year               33  2.006000e+03  9.669540e+00  1.990000e+03  2.022000e+03
               co2                33  8.557158e+02  9.747746e+01  6.471770e+02  1.054796e+03
               co2_per_capita     33  1.045845e+01  1.275180e+00  7.739000e+00  1.323300e+01
               population         33  8.190820e+07  1.020909e+06  7.970796e+07  8.408623e+07
               gdp                33  3.049515e+12  5.985213e+11  2.015547e+12  3.909613e+12
India          year               33  2.006000e+03  9.669540e+00  1.990000e+03  2.022000e+03
               co2                33  1.496660e+03  7.171136e+02  5.779870e+02  2.831132e+03
               co2_per_capita     33  1.227273e+00  4.243703e-01  6.680000e-01  1.986000e+00
               population         33  1.162973e+09  1.736689e+08  8.649722e+08  1.425423e+09
               gdp                33  4.891528e+12  2.764509e+12  1.750993e+12  1.047625e+13
Japan          year               33  2.006000e+03  9.669540e+00  1.990000e+03  2.022000e+03
               co2                33  1.210713e+03  7.429166e+01  1.029645e+03  1.311876e+03
               co2_per_capita     33  9.551061e+00  5.404270e-01  8.213000e+00  1.027100e+01
               population         33  1.267329e+08  1.324991e+06  1.233998e+08  1.281925e+08
               gdp                33  4.368696e+12  3.311838e+11  3.699822e+12  4.852985e+12
United Kingdom year               33  2.006000e+03  9.669540e+00  1.990000e+03  2.022000e+03
               co2                33  5.064477e+02  9.080263e+01  3.111180e+02  6.094130e+02
               co2_per_capita     33  8.291152e+00  1.868601e+00  4.563000e+00  1.058800e+01
               population         33  6.184516e+07  3.544911e+06  5.736787e+07  6.817932e+07
               gdp                33  2.080226e+12  3.617837e+11  1.488075e+12  2.624285e+12
United States  year               33  2.006000e+03  9.669540e+00  1.990000e+03  2.022000e+03
               co2                33  5.535547e+03  3.776757e+02  4.689954e+03  6.126903e+03
               co2_per_capita     33  1.867464e+01  2.286546e+00  1.381700e+01  2.139800e+01
               population         33  2.992977e+08  2.770057e+07  2.533734e+08  3.415340e+08
               gdp                33  1.429605e+13  3.052282e+12  9.224688e+12  1.949317e+13
World          year               11  2.013455e+03  9.943477e+00  1.990000e+03  2.022000e+03
               co2                11  3.379143e+04  4.958051e+03  2.273215e+04  3.752777e+04
               co2_per_capita     11  4.594818e+00  2.140854e-01  4.134000e+00  4.752000e+00
               population         11  7.327269e+09  8.477486e+08  5.327803e+09  8.021407e+09
               gdp                11  1.036518e+14  2.819317e+13  4.303361e+13  1.301126e+14
2026-06-09 09:29:03 | INFO | P06-NB | Computing correlation matrix for numeric columns
2026-06-09 09:29:03 | INFO | P06-NB | 
Correlation matrix:
2026-06-09 09:29:03 | DEBUG | P06-NB | 
                    year       co2  co2_per_capita  population       gdp
year            1.000000  0.215089       -0.091293    0.178675  0.263472
co2             0.215089  1.000000       -0.029367    0.945842  0.977864
co2_per_capita -0.091293 -0.029367        1.000000   -0.272804 -0.053033
population      0.178675  0.945842       -0.272804    1.000000  0.940825
gdp             0.263472  0.977864       -0.053033    0.940825  1.000000
2026-06-09 09:29:04 | INFO | P06-NB | ---------Visualize Correlation Matrix as a Heatmap---------------
2026-06-09 09:29:04 | INFO | P06-NB | ---- Creating Scatter Plot to see Relationships ------
2026-06-09 09:29:04 | INFO | P06-NB | ----   Use clean dataframe ---------------------------
2026-06-09 09:29:04 | INFO | P06-NB | ----   Set x to GDP -----------------------
2026-06-09 09:29:04 | INFO | P06-NB | ----   Set y to CO2 emissions --------------------------
2026-06-09 09:29:04 | INFO | P06-NB | ----   Set the hue (color mapping) to the group column --
2026-06-09 09:29:04 | INFO | P06-NB | ------- Creating another chart -------
2026-06-09 09:29:04 | INFO | P06-NB | ------ Creating Box Plot to see Distribution: ---------
2026-06-09 09:29:04 | INFO | P06-NB | ------   Use clean dataframe --------------------------
2026-06-09 09:29:04 | INFO | P06-NB | ------   Set x to the group column --------------------
2026-06-09 09:29:04 | INFO | P06-NB | ------   Set y to CO2 per capita ----------------------
2026-06-09 09:29:04 | INFO | P06-NB | ========================
2026-06-09 09:29:04 | INFO | P06-NB | SUMMARY
2026-06-09 09:29:04 | INFO | P06-NB | ========================
2026-06-09 09:29:04 | INFO | P06-NB | Dataset: owid-co2-data-subset
2026-06-09 09:29:04 | INFO | P06-NB | Original rows: 350
2026-06-09 09:29:04 | INFO | P06-NB | Clean rows:    308
2026-06-09 09:29:04 | INFO | P06-NB | Groups found in country: ['Brazil', 'Canada', 'China', 'France', 'Germany', 'India', 'Japan', 'United Kingdom', 'United States', 'World']
2026-06-09 09:29:04 | INFO | P06-NB | ======================
2026-06-09 09:29:04 | INFO | P06-NB | Review the results. 
2026-06-09 09:29:04 | INFO | P06-NB | Determine the strongest correlations. 
2026-06-09 09:29:04 | INFO | P06-NB | ======================
2026-06-09 09:29:04 | INFO | P06-NB | Look for interesting patterns in the charts. 
2026-06-09 09:29:04 | INFO | P06-NB | Repeat the process, exploring additional angles.
2026-06-09 09:29:04 | INFO | P06-NB | After finding interesting insights, conclude your analysis.
2026-06-09 09:29:04 | INFO | P06-NB | ======================
2026-06-09 09:29:04 | INFO | P06-NB | Include instructions and specifics in your README.md file.
2026-06-09 09:29:04 | INFO | P06-NB | Write up your narrative on your docs/index.md file.
2026-06-09 09:29:04 | INFO | P06-NB | Include your next step suggestions for further analysis or modeling.
2026-06-09 09:29:04 | INFO | P06-NB | ======================
2026-06-09 09:29:04 | INFO | P06-NB | EDA workflow complete
2026-06-09 09:29:04 | INFO | P06-NB | ========================
2026-06-09 09:29:04 | INFO | P06-NB | Executed successfully!
2026-06-09 09:29:04 | INFO | P06-NB | ========================
2026-06-09 09:48:58 | INFO | P06 | === RUN START ===
2026-06-09 09:48:58 | INFO | P06 | project=P06
2026-06-09 09:48:58 | INFO | P06 | repo_dir=datafun-06-applied
2026-06-09 09:48:58 | INFO | P06 | python=3.14.5
2026-06-09 09:48:58 | INFO | P06 | os=Windows 11
2026-06-09 09:48:58 | INFO | P06 | shell=powershell
2026-06-09 09:48:58 | INFO | P06 | cwd=.
2026-06-09 09:48:58 | INFO | P06 | github_actions=False
2026-06-09 11:30:57 | INFO | P06-NB | === RUN START ===
2026-06-09 11:30:57 | INFO | P06-NB | project=P06-NB
2026-06-09 11:30:57 | INFO | P06-NB | repo_dir=datafun-06-applied
2026-06-09 11:30:57 | INFO | P06-NB | python=3.14.5
2026-06-09 11:30:57 | INFO | P06-NB | os=Windows 11
2026-06-09 11:30:57 | INFO | P06-NB | shell=powershell
2026-06-09 11:30:57 | INFO | P06-NB | cwd=notebooks
2026-06-09 11:30:57 | INFO | P06-NB | github_actions=False
2026-06-09 11:30:57 | INFO | P06-NB | Imports complete.
2026-06-09 11:30:57 | INFO | P06-NB | Loading dataset: owid-co2-data-subset
2026-06-09 11:30:57 | INFO | P06-NB | Loaded: 350 rows, 14 columns
2026-06-09 11:30:57 | INFO | P06-NB | Previewing first few rows of the dataset
2026-06-09 11:30:57 | INFO | P06-NB | Column names
2026-06-09 11:30:57 | INFO | P06-NB | Building starter data dictionary
2026-06-09 11:30:57 | DEBUG | P06-NB | 
                         column    dtype  missing_count  missing_pct
0                       country      str              0          0.0
1                          year    int64              0          0.0
2                    population  float64              0          0.0
3                           gdp  float64             42         12.0
4                           co2  float64              0          0.0
5                co2_per_capita  float64              0          0.0
6                      coal_co2  float64              0          0.0
7                       oil_co2  float64              0          0.0
8                       gas_co2  float64              0          0.0
9                    cement_co2  float64              0          0.0
10                      methane  float64              0          0.0
11                nitrous_oxide  float64              0          0.0
12                    total_ghg  float64              0          0.0
13  temperature_change_from_co2  float64              0          0.0
2026-06-09 11:30:57 | INFO | P06-NB | Missing values per column:
2026-06-09 11:30:57 | INFO | P06-NB | country                         0
year                            0
population                      0
gdp                            42
co2                             0
co2_per_capita                  0
coal_co2                        0
oil_co2                         0
gas_co2                         0
cement_co2                      0
methane                         0
nitrous_oxide                   0
total_ghg                       0
temperature_change_from_co2     0
dtype: int64
2026-06-09 11:30:57 | INFO | P06-NB | Checking missing values per column
2026-06-09 11:30:57 | DEBUG | P06-NB | 
gdp                            42
country                         0
year                            0
population                      0
co2                             0
co2_per_capita                  0
coal_co2                        0
oil_co2                         0
gas_co2                         0
cement_co2                      0
methane                         0
nitrous_oxide                   0
total_ghg                       0
temperature_change_from_co2     0
dtype: int64
2026-06-09 11:30:58 | INFO | P06-NB | Duplicate rows detected: 0
2026-06-09 11:30:58 | INFO | P06-NB | Call describe() for numeric columns
2026-06-09 11:30:58 | DEBUG | P06-NB | 
              year           co2  co2_per_capita    population           gdp
count   350.000000    350.000000      350.000000  3.500000e+02  3.080000e+02
mean   2007.000000   4832.134691        8.145377  1.012341e+09  8.645671e+12
std      10.113964   9060.307418        5.574669  1.994109e+09  1.968629e+13
min    1990.000000    218.658000        0.668000  2.778944e+07  8.202743e+11
25%    1998.000000    500.044750        4.053000  6.530911e+07  2.047581e+12
50%    2007.000000    919.377000        7.070500  1.386678e+08  3.023014e+12
75%    2016.000000   4994.685000       10.573750  1.166760e+09  5.977619e+12
max    2024.000000  38598.578000       21.398000  8.161973e+09  1.301126e+14

2026-06-09 11:30:58 | DEBUG | P06-NB | Columns required to be non-missing: ['year', 'co2', 'co2_per_capita', 'population', 'gdp', 'country']
2026-06-09 11:30:58 | INFO | P06-NB | Original rows: 350
2026-06-09 11:30:58 | INFO | P06-NB | Clean rows:    308
2026-06-09 11:30:58 | INFO | P06-NB | Rows dropped:  42
2026-06-09 11:30:58 | INFO | P06-NB | --------------- Manual statistics ---------------
2026-06-09 11:30:58 | DEBUG | P06-NB | co2_per_capita Statistics (using numpy):
2026-06-09 11:30:58 | DEBUG | P06-NB |   Mean: 8.50
2026-06-09 11:30:58 | DEBUG | P06-NB |   Std Dev: 5.73
2026-06-09 11:30:58 | DEBUG | P06-NB |   Min: 0.67
2026-06-09 11:30:58 | DEBUG | P06-NB |   Max: 21.40
2026-06-09 11:30:58 | DEBUG | P06-NB |   Range: 20.73
2026-06-09 11:30:58 | INFO | P06-NB | Computing overall descriptive statistics
2026-06-09 11:30:58 | DEBUG | P06-NB | 
                count          mean           std           min           25%           50%           75%  \
year            308.0  2.006266e+03  9.636076e+00  1.990000e+03  1.998000e+03  2.006000e+03  2.015000e+03   
co2             308.0  3.088741e+03  6.474068e+03  2.186580e+02  4.916350e+02  8.513980e+02  2.633302e+03   
co2_per_capita  308.0  8.495893e+00  5.744199e+00  6.680000e-01  2.901500e+00  7.822000e+00  1.096975e+01   
population      308.0  6.180101e+08  1.384037e+09  2.778944e+07  6.390381e+07  1.275789e+08  4.723936e+08   
gdp             308.0  8.645671e+12  1.968629e+13  8.202743e+11  2.047581e+12  3.023014e+12  5.977619e+12   

                         max  
year            2.022000e+03  
co2             3.752777e+04  
co2_per_capita  2.139800e+01  
population      8.021407e+09  
gdp             1.301126e+14  
2026-06-09 11:30:58 | INFO | P06-NB | --------------- Using pandas groupby() and agg() ---------------
2026-06-09 11:30:58 | INFO | P06-NB | Computing descriptive statistics by group
2026-06-09 11:30:58 | DEBUG | P06-NB | 
                year                                      co2                                                   \
               count         mean       std   min   max count          mean          std        min        max   
country                                                                                                          
Brazil            33  2006.000000  9.669540  1990  2022    33    386.024121    99.416512    218.658    556.526   
Canada            33  2006.000000  9.669540  1990  2022    33    541.119818    39.995135    449.776    589.956   
China             33  2006.000000  9.669540  1990  2022    33   6658.015455  3207.545348   2483.534  11711.808   
France            33  2006.000000  9.669540  1990  2022    33    374.195273    40.136420    281.515    419.119   
Germany           33  2006.000000  9.669540  1990  2022    33    855.715788    97.477463    647.177   1054.796   
India             33  2006.000000  9.669540  1990  2022    33   1496.659909   717.113573    577.987   2831.132   
Japan             33  2006.000000  9.669540  1990  2022    33   1210.712667    74.291661   1029.645   1311.876   
United Kingdom    33  2006.000000  9.669540  1990  2022    33    506.447697    90.802625    311.118    609.413   
United States     33  2006.000000  9.669540  1990  2022    33   5535.547455   377.675710   4689.954   6126.903   
World             11  2013.454545  9.943477  1990  2022    11  33791.427545  4958.051414  22732.145  37527.773   

               co2_per_capita                                      population                              \
                        count       mean       std     min     max      count          mean           std   
country                                                                                                     
Brazil                     33   2.065606  0.352282   1.466   2.781         33  1.840960e+08  1.883102e+07   
Canada                     33  16.459121  1.218597  13.733  18.344         33  3.303238e+07  3.291569e+06   
China                      33   4.940697  2.137014   2.153   8.218         33  1.313988e+09  8.344915e+07   
France                     33   6.095394  0.899886   4.272   7.318         33  6.179824e+07  3.078375e+06   
Germany                    33  10.458455  1.275180   7.739  13.233         33  8.190820e+07  1.020909e+06   
India                      33   1.227273  0.424370   0.668   1.986         33  1.162973e+09  1.736689e+08   
Japan                      33   9.551061  0.540427   8.213  10.271         33  1.267329e+08  1.324991e+06   
United Kingdom             33   8.291152  1.868601   4.563  10.588         33  6.184516e+07  3.544911e+06   
United States              33  18.674636  2.286546  13.817  21.398         33  2.992977e+08  2.770057e+07   
World                      11   4.594818  0.214085   4.134   4.752         11  7.327269e+09  8.477486e+08   

                                             gdp                                                          
                         min           max count          mean           std           min           max  
country                                                                                                   
Brazil          1.491432e+08  2.103064e+08    33  2.262925e+12  7.097089e+11  1.185475e+12  3.187413e+12  
Canada          2.778944e+07  3.882126e+07    33  1.291902e+12  2.981411e+11  8.202743e+11  1.761296e+12  
China           1.153583e+09  1.426437e+09    33  1.171751e+13  7.417495e+12  3.385122e+12  2.696602e+13  
France          5.699024e+07  6.627741e+07    33  2.183964e+12  3.303561e+11  1.636208e+12  2.671569e+12  
Germany         7.970796e+07  8.408623e+07    33  3.049515e+12  5.985213e+11  2.015547e+12  3.909613e+12  
India           8.649722e+08  1.425423e+09    33  4.891528e+12  2.764509e+12  1.750993e+12  1.047625e+13  
Japan           1.233998e+08  1.281925e+08    33  4.368696e+12  3.311838e+11  3.699822e+12  4.852985e+12  
United Kingdom  5.736787e+07  6.817932e+07    33  2.080226e+12  3.617837e+11  1.488075e+12  2.624285e+12  
United States   2.533734e+08  3.415340e+08    33  1.429605e+13  3.052282e+12  9.224688e+12  1.949317e+13  
World           5.327803e+09  8.021407e+09    11  1.036518e+14  2.819317e+13  4.303361e+13  1.301126e+14  
2026-06-09 11:30:58 | INFO | P06-NB | --------------- Improving the output ---------------
2026-06-09 11:30:58 | DEBUG | P06-NB | 
                               count          mean           std           min           max
country                                                                                     
Brazil         year               33  2.006000e+03  9.669540e+00  1.990000e+03  2.022000e+03
               co2                33  3.860241e+02  9.941651e+01  2.186580e+02  5.565260e+02
               co2_per_capita     33  2.065606e+00  3.522824e-01  1.466000e+00  2.781000e+00
               population         33  1.840960e+08  1.883102e+07  1.491432e+08  2.103064e+08
               gdp                33  2.262925e+12  7.097089e+11  1.185475e+12  3.187413e+12
Canada         year               33  2.006000e+03  9.669540e+00  1.990000e+03  2.022000e+03
               co2                33  5.411198e+02  3.999514e+01  4.497760e+02  5.899560e+02
               co2_per_capita     33  1.645912e+01  1.218597e+00  1.373300e+01  1.834400e+01
               population         33  3.303238e+07  3.291569e+06  2.778944e+07  3.882126e+07
               gdp                33  1.291902e+12  2.981411e+11  8.202743e+11  1.761296e+12
China          year               33  2.006000e+03  9.669540e+00  1.990000e+03  2.022000e+03
               co2                33  6.658015e+03  3.207545e+03  2.483534e+03  1.171181e+04
               co2_per_capita     33  4.940697e+00  2.137014e+00  2.153000e+00  8.218000e+00
               population         33  1.313988e+09  8.344915e+07  1.153583e+09  1.426437e+09
               gdp                33  1.171751e+13  7.417495e+12  3.385122e+12  2.696602e+13
France         year               33  2.006000e+03  9.669540e+00  1.990000e+03  2.022000e+03
               co2                33  3.741953e+02  4.013642e+01  2.815150e+02  4.191190e+02
               co2_per_capita     33  6.095394e+00  8.998860e-01  4.272000e+00  7.318000e+00
               population         33  6.179824e+07  3.078375e+06  5.699024e+07  6.627741e+07
               gdp                33  2.183964e+12  3.303561e+11  1.636208e+12  2.671569e+12
Germany        year               33  2.006000e+03  9.669540e+00  1.990000e+03  2.022000e+03
               co2                33  8.557158e+02  9.747746e+01  6.471770e+02  1.054796e+03
               co2_per_capita     33  1.045845e+01  1.275180e+00  7.739000e+00  1.323300e+01
               population         33  8.190820e+07  1.020909e+06  7.970796e+07  8.408623e+07
               gdp                33  3.049515e+12  5.985213e+11  2.015547e+12  3.909613e+12
India          year               33  2.006000e+03  9.669540e+00  1.990000e+03  2.022000e+03
               co2                33  1.496660e+03  7.171136e+02  5.779870e+02  2.831132e+03
               co2_per_capita     33  1.227273e+00  4.243703e-01  6.680000e-01  1.986000e+00
               population         33  1.162973e+09  1.736689e+08  8.649722e+08  1.425423e+09
               gdp                33  4.891528e+12  2.764509e+12  1.750993e+12  1.047625e+13
Japan          year               33  2.006000e+03  9.669540e+00  1.990000e+03  2.022000e+03
               co2                33  1.210713e+03  7.429166e+01  1.029645e+03  1.311876e+03
               co2_per_capita     33  9.551061e+00  5.404270e-01  8.213000e+00  1.027100e+01
               population         33  1.267329e+08  1.324991e+06  1.233998e+08  1.281925e+08
               gdp                33  4.368696e+12  3.311838e+11  3.699822e+12  4.852985e+12
United Kingdom year               33  2.006000e+03  9.669540e+00  1.990000e+03  2.022000e+03
               co2                33  5.064477e+02  9.080263e+01  3.111180e+02  6.094130e+02
               co2_per_capita     33  8.291152e+00  1.868601e+00  4.563000e+00  1.058800e+01
               population         33  6.184516e+07  3.544911e+06  5.736787e+07  6.817932e+07
               gdp                33  2.080226e+12  3.617837e+11  1.488075e+12  2.624285e+12
United States  year               33  2.006000e+03  9.669540e+00  1.990000e+03  2.022000e+03
               co2                33  5.535547e+03  3.776757e+02  4.689954e+03  6.126903e+03
               co2_per_capita     33  1.867464e+01  2.286546e+00  1.381700e+01  2.139800e+01
               population         33  2.992977e+08  2.770057e+07  2.533734e+08  3.415340e+08
               gdp                33  1.429605e+13  3.052282e+12  9.224688e+12  1.949317e+13
World          year               11  2.013455e+03  9.943477e+00  1.990000e+03  2.022000e+03
               co2                11  3.379143e+04  4.958051e+03  2.273215e+04  3.752777e+04
               co2_per_capita     11  4.594818e+00  2.140854e-01  4.134000e+00  4.752000e+00
               population         11  7.327269e+09  8.477486e+08  5.327803e+09  8.021407e+09
               gdp                11  1.036518e+14  2.819317e+13  4.303361e+13  1.301126e+14
2026-06-09 11:30:58 | INFO | P06-NB | Computing correlation matrix for numeric columns
2026-06-09 11:30:58 | INFO | P06-NB | 
Correlation matrix:
2026-06-09 11:30:58 | DEBUG | P06-NB | 
                    year       co2  co2_per_capita  population       gdp
year            1.000000  0.215089       -0.091293    0.178675  0.263472
co2             0.215089  1.000000       -0.029367    0.945842  0.977864
co2_per_capita -0.091293 -0.029367        1.000000   -0.272804 -0.053033
population      0.178675  0.945842       -0.272804    1.000000  0.940825
gdp             0.263472  0.977864       -0.053033    0.940825  1.000000
2026-06-09 11:30:58 | INFO | P06-NB | ---------Visualize Correlation Matrix as a Heatmap---------------
2026-06-09 11:30:58 | INFO | P06-NB | ---- Creating Scatter Plot to see Relationships ------
2026-06-09 11:30:58 | INFO | P06-NB | ----   Use clean dataframe ---------------------------
2026-06-09 11:30:58 | INFO | P06-NB | ----   Set x to GDP -----------------------
2026-06-09 11:30:58 | INFO | P06-NB | ----   Set y to CO2 emissions --------------------------
2026-06-09 11:30:58 | INFO | P06-NB | ----   Set the hue (color mapping) to the group column --
2026-06-09 11:30:58 | INFO | P06-NB | ------- Creating another chart -------
2026-06-09 11:30:58 | INFO | P06-NB | ------ Creating Box Plot to see Distribution: ---------
2026-06-09 11:30:58 | INFO | P06-NB | ------   Use clean dataframe --------------------------
2026-06-09 11:30:58 | INFO | P06-NB | ------   Set x to the group column --------------------
2026-06-09 11:30:58 | INFO | P06-NB | ------   Set y to CO2 per capita ----------------------
2026-06-09 11:30:58 | INFO | P06-NB | ========================
2026-06-09 11:30:58 | INFO | P06-NB | SUMMARY
2026-06-09 11:30:58 | INFO | P06-NB | ========================
2026-06-09 11:30:58 | INFO | P06-NB | Dataset: owid-co2-data-subset
2026-06-09 11:30:58 | INFO | P06-NB | Original rows: 350
2026-06-09 11:30:58 | INFO | P06-NB | Clean rows:    308
2026-06-09 11:30:58 | INFO | P06-NB | Groups found in country: ['Brazil', 'Canada', 'China', 'France', 'Germany', 'India', 'Japan', 'United Kingdom', 'United States', 'World']
2026-06-09 11:30:58 | INFO | P06-NB | ======================
2026-06-09 11:30:58 | INFO | P06-NB | Review the results. 
2026-06-09 11:30:58 | INFO | P06-NB | Determine the strongest correlations. 
2026-06-09 11:30:58 | INFO | P06-NB | ======================
2026-06-09 11:30:58 | INFO | P06-NB | Look for interesting patterns in the charts. 
2026-06-09 11:30:58 | INFO | P06-NB | Repeat the process, exploring additional angles.
2026-06-09 11:30:58 | INFO | P06-NB | After finding interesting insights, conclude your analysis.
2026-06-09 11:30:58 | INFO | P06-NB | ======================
2026-06-09 11:30:58 | INFO | P06-NB | Include instructions and specifics in your README.md file.
2026-06-09 11:30:58 | INFO | P06-NB | Write up your narrative on your docs/index.md file.
2026-06-09 11:30:58 | INFO | P06-NB | Include your next step suggestions for further analysis or modeling.
2026-06-09 11:30:58 | INFO | P06-NB | ======================
2026-06-09 11:30:58 | INFO | P06-NB | EDA workflow complete
2026-06-09 11:30:58 | INFO | P06-NB | ========================
2026-06-09 11:30:58 | INFO | P06-NB | Executed successfully!
2026-06-09 11:30:58 | INFO | P06-NB | ========================
2026-06-09 11:39:32 | INFO | P06-NB | === RUN START ===
2026-06-09 11:39:32 | INFO | P06-NB | project=P06-NB
2026-06-09 11:39:32 | INFO | P06-NB | repo_dir=datafun-06-applied
2026-06-09 11:39:32 | INFO | P06-NB | python=3.14.5
2026-06-09 11:39:32 | INFO | P06-NB | os=Windows 11
2026-06-09 11:39:32 | INFO | P06-NB | shell=powershell
2026-06-09 11:39:32 | INFO | P06-NB | cwd=notebooks
2026-06-09 11:39:32 | INFO | P06-NB | github_actions=False
2026-06-09 11:39:32 | INFO | P06-NB | Imports complete.
2026-06-09 11:39:32 | INFO | P06-NB | Loading dataset: owid-co2-data-subset
2026-06-09 11:39:32 | INFO | P06-NB | Loaded: 350 rows, 14 columns
2026-06-09 11:39:32 | INFO | P06-NB | Previewing first few rows of the dataset
2026-06-09 11:39:32 | INFO | P06-NB | Column names
2026-06-09 11:39:32 | INFO | P06-NB | Building starter data dictionary
2026-06-09 11:39:32 | DEBUG | P06-NB | 
                         column    dtype  missing_count  missing_pct
0                       country      str              0          0.0
1                          year    int64              0          0.0
2                    population  float64              0          0.0
3                           gdp  float64             42         12.0
4                           co2  float64              0          0.0
5                co2_per_capita  float64              0          0.0
6                      coal_co2  float64              0          0.0
7                       oil_co2  float64              0          0.0
8                       gas_co2  float64              0          0.0
9                    cement_co2  float64              0          0.0
10                      methane  float64              0          0.0
11                nitrous_oxide  float64              0          0.0
12                    total_ghg  float64              0          0.0
13  temperature_change_from_co2  float64              0          0.0
2026-06-09 11:39:32 | INFO | P06-NB | Missing values per column:
2026-06-09 11:39:32 | INFO | P06-NB | country                         0
year                            0
population                      0
gdp                            42
co2                             0
co2_per_capita                  0
coal_co2                        0
oil_co2                         0
gas_co2                         0
cement_co2                      0
methane                         0
nitrous_oxide                   0
total_ghg                       0
temperature_change_from_co2     0
dtype: int64
2026-06-09 11:39:32 | INFO | P06-NB | Checking missing values per column
2026-06-09 11:39:32 | DEBUG | P06-NB | 
gdp                            42
country                         0
year                            0
population                      0
co2                             0
co2_per_capita                  0
coal_co2                        0
oil_co2                         0
gas_co2                         0
cement_co2                      0
methane                         0
nitrous_oxide                   0
total_ghg                       0
temperature_change_from_co2     0
dtype: int64
2026-06-09 11:39:32 | INFO | P06-NB | Duplicate rows detected: 0
2026-06-09 11:39:32 | INFO | P06-NB | Call describe() for numeric columns
2026-06-09 11:39:32 | DEBUG | P06-NB | 
              year           co2  co2_per_capita    population           gdp
count   350.000000    350.000000      350.000000  3.500000e+02  3.080000e+02
mean   2007.000000   4832.134691        8.145377  1.012341e+09  8.645671e+12
std      10.113964   9060.307418        5.574669  1.994109e+09  1.968629e+13
min    1990.000000    218.658000        0.668000  2.778944e+07  8.202743e+11
25%    1998.000000    500.044750        4.053000  6.530911e+07  2.047581e+12
50%    2007.000000    919.377000        7.070500  1.386678e+08  3.023014e+12
75%    2016.000000   4994.685000       10.573750  1.166760e+09  5.977619e+12
max    2024.000000  38598.578000       21.398000  8.161973e+09  1.301126e+14

2026-06-09 11:39:32 | DEBUG | P06-NB | Columns required to be non-missing: ['year', 'co2', 'co2_per_capita', 'population', 'gdp', 'country']
2026-06-09 11:39:32 | INFO | P06-NB | Original rows: 350
2026-06-09 11:39:32 | INFO | P06-NB | Clean rows:    308
2026-06-09 11:39:32 | INFO | P06-NB | Rows dropped:  42
2026-06-09 11:39:32 | INFO | P06-NB | --------------- Manual statistics ---------------
2026-06-09 11:39:32 | DEBUG | P06-NB | co2_per_capita Statistics (using numpy):
2026-06-09 11:39:32 | DEBUG | P06-NB |   Mean: 8.50
2026-06-09 11:39:32 | DEBUG | P06-NB |   Std Dev: 5.73
2026-06-09 11:39:32 | DEBUG | P06-NB |   Min: 0.67
2026-06-09 11:39:32 | DEBUG | P06-NB |   Max: 21.40
2026-06-09 11:39:32 | DEBUG | P06-NB |   Range: 20.73
2026-06-09 11:39:32 | INFO | P06-NB | Computing overall descriptive statistics
2026-06-09 11:39:32 | DEBUG | P06-NB | 
                count          mean           std           min           25%           50%           75%  \
year            308.0  2.006266e+03  9.636076e+00  1.990000e+03  1.998000e+03  2.006000e+03  2.015000e+03   
co2             308.0  3.088741e+03  6.474068e+03  2.186580e+02  4.916350e+02  8.513980e+02  2.633302e+03   
co2_per_capita  308.0  8.495893e+00  5.744199e+00  6.680000e-01  2.901500e+00  7.822000e+00  1.096975e+01   
population      308.0  6.180101e+08  1.384037e+09  2.778944e+07  6.390381e+07  1.275789e+08  4.723936e+08   
gdp             308.0  8.645671e+12  1.968629e+13  8.202743e+11  2.047581e+12  3.023014e+12  5.977619e+12   

                         max  
year            2.022000e+03  
co2             3.752777e+04  
co2_per_capita  2.139800e+01  
population      8.021407e+09  
gdp             1.301126e+14  
2026-06-09 11:39:32 | INFO | P06-NB | --------------- Using pandas groupby() and agg() ---------------
2026-06-09 11:39:32 | INFO | P06-NB | Computing descriptive statistics by group
2026-06-09 11:39:32 | DEBUG | P06-NB | 
                year                                      co2                                                   \
               count         mean       std   min   max count          mean          std        min        max   
country                                                                                                          
Brazil            33  2006.000000  9.669540  1990  2022    33    386.024121    99.416512    218.658    556.526   
Canada            33  2006.000000  9.669540  1990  2022    33    541.119818    39.995135    449.776    589.956   
China             33  2006.000000  9.669540  1990  2022    33   6658.015455  3207.545348   2483.534  11711.808   
France            33  2006.000000  9.669540  1990  2022    33    374.195273    40.136420    281.515    419.119   
Germany           33  2006.000000  9.669540  1990  2022    33    855.715788    97.477463    647.177   1054.796   
India             33  2006.000000  9.669540  1990  2022    33   1496.659909   717.113573    577.987   2831.132   
Japan             33  2006.000000  9.669540  1990  2022    33   1210.712667    74.291661   1029.645   1311.876   
United Kingdom    33  2006.000000  9.669540  1990  2022    33    506.447697    90.802625    311.118    609.413   
United States     33  2006.000000  9.669540  1990  2022    33   5535.547455   377.675710   4689.954   6126.903   
World             11  2013.454545  9.943477  1990  2022    11  33791.427545  4958.051414  22732.145  37527.773   

               co2_per_capita                                      population                              \
                        count       mean       std     min     max      count          mean           std   
country                                                                                                     
Brazil                     33   2.065606  0.352282   1.466   2.781         33  1.840960e+08  1.883102e+07   
Canada                     33  16.459121  1.218597  13.733  18.344         33  3.303238e+07  3.291569e+06   
China                      33   4.940697  2.137014   2.153   8.218         33  1.313988e+09  8.344915e+07   
France                     33   6.095394  0.899886   4.272   7.318         33  6.179824e+07  3.078375e+06   
Germany                    33  10.458455  1.275180   7.739  13.233         33  8.190820e+07  1.020909e+06   
India                      33   1.227273  0.424370   0.668   1.986         33  1.162973e+09  1.736689e+08   
Japan                      33   9.551061  0.540427   8.213  10.271         33  1.267329e+08  1.324991e+06   
United Kingdom             33   8.291152  1.868601   4.563  10.588         33  6.184516e+07  3.544911e+06   
United States              33  18.674636  2.286546  13.817  21.398         33  2.992977e+08  2.770057e+07   
World                      11   4.594818  0.214085   4.134   4.752         11  7.327269e+09  8.477486e+08   

                                             gdp                                                          
                         min           max count          mean           std           min           max  
country                                                                                                   
Brazil          1.491432e+08  2.103064e+08    33  2.262925e+12  7.097089e+11  1.185475e+12  3.187413e+12  
Canada          2.778944e+07  3.882126e+07    33  1.291902e+12  2.981411e+11  8.202743e+11  1.761296e+12  
China           1.153583e+09  1.426437e+09    33  1.171751e+13  7.417495e+12  3.385122e+12  2.696602e+13  
France          5.699024e+07  6.627741e+07    33  2.183964e+12  3.303561e+11  1.636208e+12  2.671569e+12  
Germany         7.970796e+07  8.408623e+07    33  3.049515e+12  5.985213e+11  2.015547e+12  3.909613e+12  
India           8.649722e+08  1.425423e+09    33  4.891528e+12  2.764509e+12  1.750993e+12  1.047625e+13  
Japan           1.233998e+08  1.281925e+08    33  4.368696e+12  3.311838e+11  3.699822e+12  4.852985e+12  
United Kingdom  5.736787e+07  6.817932e+07    33  2.080226e+12  3.617837e+11  1.488075e+12  2.624285e+12  
United States   2.533734e+08  3.415340e+08    33  1.429605e+13  3.052282e+12  9.224688e+12  1.949317e+13  
World           5.327803e+09  8.021407e+09    11  1.036518e+14  2.819317e+13  4.303361e+13  1.301126e+14  
2026-06-09 11:39:32 | INFO | P06-NB | --------------- Improving the output ---------------
2026-06-09 11:39:32 | DEBUG | P06-NB | 
                               count          mean           std           min           max
country                                                                                     
Brazil         year               33  2.006000e+03  9.669540e+00  1.990000e+03  2.022000e+03
               co2                33  3.860241e+02  9.941651e+01  2.186580e+02  5.565260e+02
               co2_per_capita     33  2.065606e+00  3.522824e-01  1.466000e+00  2.781000e+00
               population         33  1.840960e+08  1.883102e+07  1.491432e+08  2.103064e+08
               gdp                33  2.262925e+12  7.097089e+11  1.185475e+12  3.187413e+12
Canada         year               33  2.006000e+03  9.669540e+00  1.990000e+03  2.022000e+03
               co2                33  5.411198e+02  3.999514e+01  4.497760e+02  5.899560e+02
               co2_per_capita     33  1.645912e+01  1.218597e+00  1.373300e+01  1.834400e+01
               population         33  3.303238e+07  3.291569e+06  2.778944e+07  3.882126e+07
               gdp                33  1.291902e+12  2.981411e+11  8.202743e+11  1.761296e+12
China          year               33  2.006000e+03  9.669540e+00  1.990000e+03  2.022000e+03
               co2                33  6.658015e+03  3.207545e+03  2.483534e+03  1.171181e+04
               co2_per_capita     33  4.940697e+00  2.137014e+00  2.153000e+00  8.218000e+00
               population         33  1.313988e+09  8.344915e+07  1.153583e+09  1.426437e+09
               gdp                33  1.171751e+13  7.417495e+12  3.385122e+12  2.696602e+13
France         year               33  2.006000e+03  9.669540e+00  1.990000e+03  2.022000e+03
               co2                33  3.741953e+02  4.013642e+01  2.815150e+02  4.191190e+02
               co2_per_capita     33  6.095394e+00  8.998860e-01  4.272000e+00  7.318000e+00
               population         33  6.179824e+07  3.078375e+06  5.699024e+07  6.627741e+07
               gdp                33  2.183964e+12  3.303561e+11  1.636208e+12  2.671569e+12
Germany        year               33  2.006000e+03  9.669540e+00  1.990000e+03  2.022000e+03
               co2                33  8.557158e+02  9.747746e+01  6.471770e+02  1.054796e+03
               co2_per_capita     33  1.045845e+01  1.275180e+00  7.739000e+00  1.323300e+01
               population         33  8.190820e+07  1.020909e+06  7.970796e+07  8.408623e+07
               gdp                33  3.049515e+12  5.985213e+11  2.015547e+12  3.909613e+12
India          year               33  2.006000e+03  9.669540e+00  1.990000e+03  2.022000e+03
               co2                33  1.496660e+03  7.171136e+02  5.779870e+02  2.831132e+03
               co2_per_capita     33  1.227273e+00  4.243703e-01  6.680000e-01  1.986000e+00
               population         33  1.162973e+09  1.736689e+08  8.649722e+08  1.425423e+09
               gdp                33  4.891528e+12  2.764509e+12  1.750993e+12  1.047625e+13
Japan          year               33  2.006000e+03  9.669540e+00  1.990000e+03  2.022000e+03
               co2                33  1.210713e+03  7.429166e+01  1.029645e+03  1.311876e+03
               co2_per_capita     33  9.551061e+00  5.404270e-01  8.213000e+00  1.027100e+01
               population         33  1.267329e+08  1.324991e+06  1.233998e+08  1.281925e+08
               gdp                33  4.368696e+12  3.311838e+11  3.699822e+12  4.852985e+12
United Kingdom year               33  2.006000e+03  9.669540e+00  1.990000e+03  2.022000e+03
               co2                33  5.064477e+02  9.080263e+01  3.111180e+02  6.094130e+02
               co2_per_capita     33  8.291152e+00  1.868601e+00  4.563000e+00  1.058800e+01
               population         33  6.184516e+07  3.544911e+06  5.736787e+07  6.817932e+07
               gdp                33  2.080226e+12  3.617837e+11  1.488075e+12  2.624285e+12
United States  year               33  2.006000e+03  9.669540e+00  1.990000e+03  2.022000e+03
               co2                33  5.535547e+03  3.776757e+02  4.689954e+03  6.126903e+03
               co2_per_capita     33  1.867464e+01  2.286546e+00  1.381700e+01  2.139800e+01
               population         33  2.992977e+08  2.770057e+07  2.533734e+08  3.415340e+08
               gdp                33  1.429605e+13  3.052282e+12  9.224688e+12  1.949317e+13
World          year               11  2.013455e+03  9.943477e+00  1.990000e+03  2.022000e+03
               co2                11  3.379143e+04  4.958051e+03  2.273215e+04  3.752777e+04
               co2_per_capita     11  4.594818e+00  2.140854e-01  4.134000e+00  4.752000e+00
               population         11  7.327269e+09  8.477486e+08  5.327803e+09  8.021407e+09
               gdp                11  1.036518e+14  2.819317e+13  4.303361e+13  1.301126e+14
2026-06-09 11:39:32 | INFO | P06-NB | Computing correlation matrix for numeric columns
2026-06-09 11:39:32 | INFO | P06-NB | 
Correlation matrix:
2026-06-09 11:39:32 | DEBUG | P06-NB | 
                    year       co2  co2_per_capita  population       gdp
year            1.000000  0.215089       -0.091293    0.178675  0.263472
co2             0.215089  1.000000       -0.029367    0.945842  0.977864
co2_per_capita -0.091293 -0.029367        1.000000   -0.272804 -0.053033
population      0.178675  0.945842       -0.272804    1.000000  0.940825
gdp             0.263472  0.977864       -0.053033    0.940825  1.000000
2026-06-09 11:39:32 | INFO | P06-NB | ---------Visualize Correlation Matrix as a Heatmap---------------
2026-06-09 11:39:32 | INFO | P06-NB | ---- Creating Scatter Plot to see Relationships ------
2026-06-09 11:39:32 | INFO | P06-NB | ----   Use clean dataframe ---------------------------
2026-06-09 11:39:32 | INFO | P06-NB | ----   Set x to Population -----------------------
2026-06-09 11:39:32 | INFO | P06-NB | ----   Set y to CO2 per capita --------------------------
2026-06-09 11:39:32 | INFO | P06-NB | ----   Set the hue (color mapping) to the group column --
2026-06-09 11:39:33 | INFO | P06-NB | ------- Creating another chart -------
2026-06-09 11:39:33 | INFO | P06-NB | ------ Creating Box Plot to see Distribution: ---------
2026-06-09 11:39:33 | INFO | P06-NB | ------   Use clean dataframe --------------------------
2026-06-09 11:39:33 | INFO | P06-NB | ------   Set x to the group column --------------------
2026-06-09 11:39:33 | INFO | P06-NB | ------   Set y to CO2 per capita ----------------------
2026-06-09 11:39:33 | INFO | P06-NB | ========================
2026-06-09 11:39:33 | INFO | P06-NB | SUMMARY
2026-06-09 11:39:33 | INFO | P06-NB | ========================
2026-06-09 11:39:33 | INFO | P06-NB | Dataset: owid-co2-data-subset
2026-06-09 11:39:33 | INFO | P06-NB | Original rows: 350
2026-06-09 11:39:33 | INFO | P06-NB | Clean rows:    308
2026-06-09 11:39:33 | INFO | P06-NB | Groups found in country: ['Brazil', 'Canada', 'China', 'France', 'Germany', 'India', 'Japan', 'United Kingdom', 'United States', 'World']
2026-06-09 11:39:33 | INFO | P06-NB | ======================
2026-06-09 11:39:33 | INFO | P06-NB | Review the results. 
2026-06-09 11:39:33 | INFO | P06-NB | Determine the strongest correlations. 
2026-06-09 11:39:33 | INFO | P06-NB | ======================
2026-06-09 11:39:33 | INFO | P06-NB | Look for interesting patterns in the charts. 
2026-06-09 11:39:33 | INFO | P06-NB | Repeat the process, exploring additional angles.
2026-06-09 11:39:33 | INFO | P06-NB | After finding interesting insights, conclude your analysis.
2026-06-09 11:39:33 | INFO | P06-NB | ======================
2026-06-09 11:39:33 | INFO | P06-NB | Include instructions and specifics in your README.md file.
2026-06-09 11:39:33 | INFO | P06-NB | Write up your narrative on your docs/index.md file.
2026-06-09 11:39:33 | INFO | P06-NB | Include your next step suggestions for further analysis or modeling.
2026-06-09 11:39:33 | INFO | P06-NB | ======================
2026-06-09 11:39:33 | INFO | P06-NB | EDA workflow complete
2026-06-09 11:39:33 | INFO | P06-NB | ========================
2026-06-09 11:39:33 | INFO | P06-NB | Executed successfully!
2026-06-09 11:39:33 | INFO | P06-NB | ========================
2026-06-09 11:42:06 | INFO | P06-NB | === RUN START ===
2026-06-09 11:42:06 | INFO | P06-NB | project=P06-NB
2026-06-09 11:42:06 | INFO | P06-NB | repo_dir=datafun-06-applied
2026-06-09 11:42:06 | INFO | P06-NB | python=3.14.5
2026-06-09 11:42:06 | INFO | P06-NB | os=Windows 11
2026-06-09 11:42:06 | INFO | P06-NB | shell=powershell
2026-06-09 11:42:06 | INFO | P06-NB | cwd=notebooks
2026-06-09 11:42:06 | INFO | P06-NB | github_actions=False
2026-06-09 11:42:06 | INFO | P06-NB | Imports complete.
2026-06-09 11:42:06 | INFO | P06-NB | Loading dataset: owid-co2-data-subset
2026-06-09 11:42:06 | INFO | P06-NB | Loaded: 350 rows, 14 columns
2026-06-09 11:42:06 | INFO | P06-NB | Previewing first few rows of the dataset
2026-06-09 11:42:06 | INFO | P06-NB | Column names
2026-06-09 11:42:06 | INFO | P06-NB | Building starter data dictionary
2026-06-09 11:42:06 | DEBUG | P06-NB | 
                         column    dtype  missing_count  missing_pct
0                       country      str              0          0.0
1                          year    int64              0          0.0
2                    population  float64              0          0.0
3                           gdp  float64             42         12.0
4                           co2  float64              0          0.0
5                co2_per_capita  float64              0          0.0
6                      coal_co2  float64              0          0.0
7                       oil_co2  float64              0          0.0
8                       gas_co2  float64              0          0.0
9                    cement_co2  float64              0          0.0
10                      methane  float64              0          0.0
11                nitrous_oxide  float64              0          0.0
12                    total_ghg  float64              0          0.0
13  temperature_change_from_co2  float64              0          0.0
2026-06-09 11:42:06 | INFO | P06-NB | Missing values per column:
2026-06-09 11:42:06 | INFO | P06-NB | country                         0
year                            0
population                      0
gdp                            42
co2                             0
co2_per_capita                  0
coal_co2                        0
oil_co2                         0
gas_co2                         0
cement_co2                      0
methane                         0
nitrous_oxide                   0
total_ghg                       0
temperature_change_from_co2     0
dtype: int64
2026-06-09 11:42:06 | INFO | P06-NB | Checking missing values per column
2026-06-09 11:42:06 | DEBUG | P06-NB | 
gdp                            42
country                         0
year                            0
population                      0
co2                             0
co2_per_capita                  0
coal_co2                        0
oil_co2                         0
gas_co2                         0
cement_co2                      0
methane                         0
nitrous_oxide                   0
total_ghg                       0
temperature_change_from_co2     0
dtype: int64
2026-06-09 11:42:06 | INFO | P06-NB | Duplicate rows detected: 0
2026-06-09 11:42:06 | INFO | P06-NB | Call describe() for numeric columns
2026-06-09 11:42:06 | DEBUG | P06-NB | 
              year           co2  co2_per_capita    population           gdp
count   350.000000    350.000000      350.000000  3.500000e+02  3.080000e+02
mean   2007.000000   4832.134691        8.145377  1.012341e+09  8.645671e+12
std      10.113964   9060.307418        5.574669  1.994109e+09  1.968629e+13
min    1990.000000    218.658000        0.668000  2.778944e+07  8.202743e+11
25%    1998.000000    500.044750        4.053000  6.530911e+07  2.047581e+12
50%    2007.000000    919.377000        7.070500  1.386678e+08  3.023014e+12
75%    2016.000000   4994.685000       10.573750  1.166760e+09  5.977619e+12
max    2024.000000  38598.578000       21.398000  8.161973e+09  1.301126e+14

2026-06-09 11:42:06 | DEBUG | P06-NB | Columns required to be non-missing: ['year', 'co2', 'co2_per_capita', 'population', 'gdp', 'country']
2026-06-09 11:42:06 | INFO | P06-NB | Original rows: 350
2026-06-09 11:42:06 | INFO | P06-NB | Clean rows:    308
2026-06-09 11:42:06 | INFO | P06-NB | Rows dropped:  42
2026-06-09 11:42:06 | INFO | P06-NB | --------------- Manual statistics ---------------
2026-06-09 11:42:06 | DEBUG | P06-NB | co2_per_capita Statistics (using numpy):
2026-06-09 11:42:06 | DEBUG | P06-NB |   Mean: 8.50
2026-06-09 11:42:06 | DEBUG | P06-NB |   Std Dev: 5.73
2026-06-09 11:42:06 | DEBUG | P06-NB |   Min: 0.67
2026-06-09 11:42:06 | DEBUG | P06-NB |   Max: 21.40
2026-06-09 11:42:06 | DEBUG | P06-NB |   Range: 20.73
2026-06-09 11:42:06 | INFO | P06-NB | Computing overall descriptive statistics
2026-06-09 11:42:06 | DEBUG | P06-NB | 
                count          mean           std           min           25%           50%           75%  \
year            308.0  2.006266e+03  9.636076e+00  1.990000e+03  1.998000e+03  2.006000e+03  2.015000e+03   
co2             308.0  3.088741e+03  6.474068e+03  2.186580e+02  4.916350e+02  8.513980e+02  2.633302e+03   
co2_per_capita  308.0  8.495893e+00  5.744199e+00  6.680000e-01  2.901500e+00  7.822000e+00  1.096975e+01   
population      308.0  6.180101e+08  1.384037e+09  2.778944e+07  6.390381e+07  1.275789e+08  4.723936e+08   
gdp             308.0  8.645671e+12  1.968629e+13  8.202743e+11  2.047581e+12  3.023014e+12  5.977619e+12   

                         max  
year            2.022000e+03  
co2             3.752777e+04  
co2_per_capita  2.139800e+01  
population      8.021407e+09  
gdp             1.301126e+14  
2026-06-09 11:42:06 | INFO | P06-NB | --------------- Using pandas groupby() and agg() ---------------
2026-06-09 11:42:06 | INFO | P06-NB | Computing descriptive statistics by group
2026-06-09 11:42:06 | DEBUG | P06-NB | 
                year                                      co2                                                   \
               count         mean       std   min   max count          mean          std        min        max   
country                                                                                                          
Brazil            33  2006.000000  9.669540  1990  2022    33    386.024121    99.416512    218.658    556.526   
Canada            33  2006.000000  9.669540  1990  2022    33    541.119818    39.995135    449.776    589.956   
China             33  2006.000000  9.669540  1990  2022    33   6658.015455  3207.545348   2483.534  11711.808   
France            33  2006.000000  9.669540  1990  2022    33    374.195273    40.136420    281.515    419.119   
Germany           33  2006.000000  9.669540  1990  2022    33    855.715788    97.477463    647.177   1054.796   
India             33  2006.000000  9.669540  1990  2022    33   1496.659909   717.113573    577.987   2831.132   
Japan             33  2006.000000  9.669540  1990  2022    33   1210.712667    74.291661   1029.645   1311.876   
United Kingdom    33  2006.000000  9.669540  1990  2022    33    506.447697    90.802625    311.118    609.413   
United States     33  2006.000000  9.669540  1990  2022    33   5535.547455   377.675710   4689.954   6126.903   
World             11  2013.454545  9.943477  1990  2022    11  33791.427545  4958.051414  22732.145  37527.773   

               co2_per_capita                                      population                              \
                        count       mean       std     min     max      count          mean           std   
country                                                                                                     
Brazil                     33   2.065606  0.352282   1.466   2.781         33  1.840960e+08  1.883102e+07   
Canada                     33  16.459121  1.218597  13.733  18.344         33  3.303238e+07  3.291569e+06   
China                      33   4.940697  2.137014   2.153   8.218         33  1.313988e+09  8.344915e+07   
France                     33   6.095394  0.899886   4.272   7.318         33  6.179824e+07  3.078375e+06   
Germany                    33  10.458455  1.275180   7.739  13.233         33  8.190820e+07  1.020909e+06   
India                      33   1.227273  0.424370   0.668   1.986         33  1.162973e+09  1.736689e+08   
Japan                      33   9.551061  0.540427   8.213  10.271         33  1.267329e+08  1.324991e+06   
United Kingdom             33   8.291152  1.868601   4.563  10.588         33  6.184516e+07  3.544911e+06   
United States              33  18.674636  2.286546  13.817  21.398         33  2.992977e+08  2.770057e+07   
World                      11   4.594818  0.214085   4.134   4.752         11  7.327269e+09  8.477486e+08   

                                             gdp                                                          
                         min           max count          mean           std           min           max  
country                                                                                                   
Brazil          1.491432e+08  2.103064e+08    33  2.262925e+12  7.097089e+11  1.185475e+12  3.187413e+12  
Canada          2.778944e+07  3.882126e+07    33  1.291902e+12  2.981411e+11  8.202743e+11  1.761296e+12  
China           1.153583e+09  1.426437e+09    33  1.171751e+13  7.417495e+12  3.385122e+12  2.696602e+13  
France          5.699024e+07  6.627741e+07    33  2.183964e+12  3.303561e+11  1.636208e+12  2.671569e+12  
Germany         7.970796e+07  8.408623e+07    33  3.049515e+12  5.985213e+11  2.015547e+12  3.909613e+12  
India           8.649722e+08  1.425423e+09    33  4.891528e+12  2.764509e+12  1.750993e+12  1.047625e+13  
Japan           1.233998e+08  1.281925e+08    33  4.368696e+12  3.311838e+11  3.699822e+12  4.852985e+12  
United Kingdom  5.736787e+07  6.817932e+07    33  2.080226e+12  3.617837e+11  1.488075e+12  2.624285e+12  
United States   2.533734e+08  3.415340e+08    33  1.429605e+13  3.052282e+12  9.224688e+12  1.949317e+13  
World           5.327803e+09  8.021407e+09    11  1.036518e+14  2.819317e+13  4.303361e+13  1.301126e+14  
2026-06-09 11:42:06 | INFO | P06-NB | --------------- Improving the output ---------------
2026-06-09 11:42:06 | DEBUG | P06-NB | 
                               count          mean           std           min           max
country                                                                                     
Brazil         year               33  2.006000e+03  9.669540e+00  1.990000e+03  2.022000e+03
               co2                33  3.860241e+02  9.941651e+01  2.186580e+02  5.565260e+02
               co2_per_capita     33  2.065606e+00  3.522824e-01  1.466000e+00  2.781000e+00
               population         33  1.840960e+08  1.883102e+07  1.491432e+08  2.103064e+08
               gdp                33  2.262925e+12  7.097089e+11  1.185475e+12  3.187413e+12
Canada         year               33  2.006000e+03  9.669540e+00  1.990000e+03  2.022000e+03
               co2                33  5.411198e+02  3.999514e+01  4.497760e+02  5.899560e+02
               co2_per_capita     33  1.645912e+01  1.218597e+00  1.373300e+01  1.834400e+01
               population         33  3.303238e+07  3.291569e+06  2.778944e+07  3.882126e+07
               gdp                33  1.291902e+12  2.981411e+11  8.202743e+11  1.761296e+12
China          year               33  2.006000e+03  9.669540e+00  1.990000e+03  2.022000e+03
               co2                33  6.658015e+03  3.207545e+03  2.483534e+03  1.171181e+04
               co2_per_capita     33  4.940697e+00  2.137014e+00  2.153000e+00  8.218000e+00
               population         33  1.313988e+09  8.344915e+07  1.153583e+09  1.426437e+09
               gdp                33  1.171751e+13  7.417495e+12  3.385122e+12  2.696602e+13
France         year               33  2.006000e+03  9.669540e+00  1.990000e+03  2.022000e+03
               co2                33  3.741953e+02  4.013642e+01  2.815150e+02  4.191190e+02
               co2_per_capita     33  6.095394e+00  8.998860e-01  4.272000e+00  7.318000e+00
               population         33  6.179824e+07  3.078375e+06  5.699024e+07  6.627741e+07
               gdp                33  2.183964e+12  3.303561e+11  1.636208e+12  2.671569e+12
Germany        year               33  2.006000e+03  9.669540e+00  1.990000e+03  2.022000e+03
               co2                33  8.557158e+02  9.747746e+01  6.471770e+02  1.054796e+03
               co2_per_capita     33  1.045845e+01  1.275180e+00  7.739000e+00  1.323300e+01
               population         33  8.190820e+07  1.020909e+06  7.970796e+07  8.408623e+07
               gdp                33  3.049515e+12  5.985213e+11  2.015547e+12  3.909613e+12
India          year               33  2.006000e+03  9.669540e+00  1.990000e+03  2.022000e+03
               co2                33  1.496660e+03  7.171136e+02  5.779870e+02  2.831132e+03
               co2_per_capita     33  1.227273e+00  4.243703e-01  6.680000e-01  1.986000e+00
               population         33  1.162973e+09  1.736689e+08  8.649722e+08  1.425423e+09
               gdp                33  4.891528e+12  2.764509e+12  1.750993e+12  1.047625e+13
Japan          year               33  2.006000e+03  9.669540e+00  1.990000e+03  2.022000e+03
               co2                33  1.210713e+03  7.429166e+01  1.029645e+03  1.311876e+03
               co2_per_capita     33  9.551061e+00  5.404270e-01  8.213000e+00  1.027100e+01
               population         33  1.267329e+08  1.324991e+06  1.233998e+08  1.281925e+08
               gdp                33  4.368696e+12  3.311838e+11  3.699822e+12  4.852985e+12
United Kingdom year               33  2.006000e+03  9.669540e+00  1.990000e+03  2.022000e+03
               co2                33  5.064477e+02  9.080263e+01  3.111180e+02  6.094130e+02
               co2_per_capita     33  8.291152e+00  1.868601e+00  4.563000e+00  1.058800e+01
               population         33  6.184516e+07  3.544911e+06  5.736787e+07  6.817932e+07
               gdp                33  2.080226e+12  3.617837e+11  1.488075e+12  2.624285e+12
United States  year               33  2.006000e+03  9.669540e+00  1.990000e+03  2.022000e+03
               co2                33  5.535547e+03  3.776757e+02  4.689954e+03  6.126903e+03
               co2_per_capita     33  1.867464e+01  2.286546e+00  1.381700e+01  2.139800e+01
               population         33  2.992977e+08  2.770057e+07  2.533734e+08  3.415340e+08
               gdp                33  1.429605e+13  3.052282e+12  9.224688e+12  1.949317e+13
World          year               11  2.013455e+03  9.943477e+00  1.990000e+03  2.022000e+03
               co2                11  3.379143e+04  4.958051e+03  2.273215e+04  3.752777e+04
               co2_per_capita     11  4.594818e+00  2.140854e-01  4.134000e+00  4.752000e+00
               population         11  7.327269e+09  8.477486e+08  5.327803e+09  8.021407e+09
               gdp                11  1.036518e+14  2.819317e+13  4.303361e+13  1.301126e+14
2026-06-09 11:42:06 | INFO | P06-NB | Computing correlation matrix for numeric columns
2026-06-09 11:42:06 | INFO | P06-NB | 
Correlation matrix:
2026-06-09 11:42:06 | DEBUG | P06-NB | 
                    year       co2  co2_per_capita  population       gdp
year            1.000000  0.215089       -0.091293    0.178675  0.263472
co2             0.215089  1.000000       -0.029367    0.945842  0.977864
co2_per_capita -0.091293 -0.029367        1.000000   -0.272804 -0.053033
population      0.178675  0.945842       -0.272804    1.000000  0.940825
gdp             0.263472  0.977864       -0.053033    0.940825  1.000000
2026-06-09 11:42:06 | INFO | P06-NB | ---------Visualize Correlation Matrix as a Heatmap---------------
2026-06-09 11:42:06 | INFO | P06-NB | ---- Creating Scatter Plot to see Relationships ------
2026-06-09 11:42:06 | INFO | P06-NB | ----   Use clean dataframe ---------------------------
2026-06-09 11:42:06 | INFO | P06-NB | ----   Set x to Gdp -----------------------
2026-06-09 11:42:06 | INFO | P06-NB | ----   Set y to CO2 emissions --------------------------
2026-06-09 11:42:06 | INFO | P06-NB | ----   Set the hue (color mapping) to the group column --
2026-06-09 11:42:07 | INFO | P06-NB | ------- Creating another chart -------
2026-06-09 11:42:07 | INFO | P06-NB | ------ Creating Box Plot to see Distribution: ---------
2026-06-09 11:42:07 | INFO | P06-NB | ------   Use clean dataframe --------------------------
2026-06-09 11:42:07 | INFO | P06-NB | ------   Set x to the group column --------------------
2026-06-09 11:42:07 | INFO | P06-NB | ------   Set y to CO2 per capita ----------------------
2026-06-09 11:42:07 | INFO | P06-NB | ========================
2026-06-09 11:42:07 | INFO | P06-NB | SUMMARY
2026-06-09 11:42:07 | INFO | P06-NB | ========================
2026-06-09 11:42:07 | INFO | P06-NB | Dataset: owid-co2-data-subset
2026-06-09 11:42:07 | INFO | P06-NB | Original rows: 350
2026-06-09 11:42:07 | INFO | P06-NB | Clean rows:    308
2026-06-09 11:42:07 | INFO | P06-NB | Groups found in country: ['Brazil', 'Canada', 'China', 'France', 'Germany', 'India', 'Japan', 'United Kingdom', 'United States', 'World']
2026-06-09 11:42:07 | INFO | P06-NB | ======================
2026-06-09 11:42:07 | INFO | P06-NB | Review the results. 
2026-06-09 11:42:07 | INFO | P06-NB | Determine the strongest correlations. 
2026-06-09 11:42:07 | INFO | P06-NB | ======================
2026-06-09 11:42:07 | INFO | P06-NB | Look for interesting patterns in the charts. 
2026-06-09 11:42:07 | INFO | P06-NB | Repeat the process, exploring additional angles.
2026-06-09 11:42:07 | INFO | P06-NB | After finding interesting insights, conclude your analysis.
2026-06-09 11:42:07 | INFO | P06-NB | ======================
2026-06-09 11:42:07 | INFO | P06-NB | Include instructions and specifics in your README.md file.
2026-06-09 11:42:07 | INFO | P06-NB | Write up your narrative on your docs/index.md file.
2026-06-09 11:42:07 | INFO | P06-NB | Include your next step suggestions for further analysis or modeling.
2026-06-09 11:42:07 | INFO | P06-NB | ======================
2026-06-09 11:42:07 | INFO | P06-NB | EDA workflow complete
2026-06-09 11:42:07 | INFO | P06-NB | ========================
2026-06-09 11:42:07 | INFO | P06-NB | Executed successfully!
2026-06-09 11:42:07 | INFO | P06-NB | ========================
2026-06-09 11:45:18 | INFO | P06-NB | === RUN START ===
2026-06-09 11:45:18 | INFO | P06-NB | project=P06-NB
2026-06-09 11:45:18 | INFO | P06-NB | repo_dir=datafun-06-applied
2026-06-09 11:45:18 | INFO | P06-NB | python=3.14.5
2026-06-09 11:45:18 | INFO | P06-NB | os=Windows 11
2026-06-09 11:45:18 | INFO | P06-NB | shell=powershell
2026-06-09 11:45:18 | INFO | P06-NB | cwd=notebooks
2026-06-09 11:45:18 | INFO | P06-NB | github_actions=False
2026-06-09 11:45:18 | INFO | P06-NB | Imports complete.
2026-06-09 11:45:18 | INFO | P06-NB | Loading dataset: owid-co2-data-subset
2026-06-09 11:45:18 | INFO | P06-NB | Loaded: 350 rows, 14 columns
2026-06-09 11:45:18 | INFO | P06-NB | Previewing first few rows of the dataset
2026-06-09 11:45:18 | INFO | P06-NB | Column names
2026-06-09 11:45:18 | INFO | P06-NB | Building starter data dictionary
2026-06-09 11:45:18 | DEBUG | P06-NB | 
                         column    dtype  missing_count  missing_pct
0                       country      str              0          0.0
1                          year    int64              0          0.0
2                    population  float64              0          0.0
3                           gdp  float64             42         12.0
4                           co2  float64              0          0.0
5                co2_per_capita  float64              0          0.0
6                      coal_co2  float64              0          0.0
7                       oil_co2  float64              0          0.0
8                       gas_co2  float64              0          0.0
9                    cement_co2  float64              0          0.0
10                      methane  float64              0          0.0
11                nitrous_oxide  float64              0          0.0
12                    total_ghg  float64              0          0.0
13  temperature_change_from_co2  float64              0          0.0
2026-06-09 11:45:18 | INFO | P06-NB | Missing values per column:
2026-06-09 11:45:18 | INFO | P06-NB | country                         0
year                            0
population                      0
gdp                            42
co2                             0
co2_per_capita                  0
coal_co2                        0
oil_co2                         0
gas_co2                         0
cement_co2                      0
methane                         0
nitrous_oxide                   0
total_ghg                       0
temperature_change_from_co2     0
dtype: int64
2026-06-09 11:45:18 | INFO | P06-NB | Checking missing values per column
2026-06-09 11:45:18 | DEBUG | P06-NB | 
gdp                            42
country                         0
year                            0
population                      0
co2                             0
co2_per_capita                  0
coal_co2                        0
oil_co2                         0
gas_co2                         0
cement_co2                      0
methane                         0
nitrous_oxide                   0
total_ghg                       0
temperature_change_from_co2     0
dtype: int64
2026-06-09 11:45:18 | INFO | P06-NB | Duplicate rows detected: 0
2026-06-09 11:45:18 | INFO | P06-NB | Call describe() for numeric columns
2026-06-09 11:45:18 | DEBUG | P06-NB | 
              year           co2  co2_per_capita    population           gdp
count   350.000000    350.000000      350.000000  3.500000e+02  3.080000e+02
mean   2007.000000   4832.134691        8.145377  1.012341e+09  8.645671e+12
std      10.113964   9060.307418        5.574669  1.994109e+09  1.968629e+13
min    1990.000000    218.658000        0.668000  2.778944e+07  8.202743e+11
25%    1998.000000    500.044750        4.053000  6.530911e+07  2.047581e+12
50%    2007.000000    919.377000        7.070500  1.386678e+08  3.023014e+12
75%    2016.000000   4994.685000       10.573750  1.166760e+09  5.977619e+12
max    2024.000000  38598.578000       21.398000  8.161973e+09  1.301126e+14

2026-06-09 11:45:19 | DEBUG | P06-NB | Columns required to be non-missing: ['year', 'co2', 'co2_per_capita', 'population', 'gdp', 'country']
2026-06-09 11:45:19 | INFO | P06-NB | Original rows: 350
2026-06-09 11:45:19 | INFO | P06-NB | Clean rows:    308
2026-06-09 11:45:19 | INFO | P06-NB | Rows dropped:  42
2026-06-09 11:45:19 | INFO | P06-NB | --------------- Manual statistics ---------------
2026-06-09 11:45:19 | DEBUG | P06-NB | co2_per_capita Statistics (using numpy):
2026-06-09 11:45:19 | DEBUG | P06-NB |   Mean: 8.50
2026-06-09 11:45:19 | DEBUG | P06-NB |   Std Dev: 5.73
2026-06-09 11:45:19 | DEBUG | P06-NB |   Min: 0.67
2026-06-09 11:45:19 | DEBUG | P06-NB |   Max: 21.40
2026-06-09 11:45:19 | DEBUG | P06-NB |   Range: 20.73
2026-06-09 11:45:19 | INFO | P06-NB | Computing overall descriptive statistics
2026-06-09 11:45:19 | DEBUG | P06-NB | 
                count          mean           std           min           25%           50%           75%  \
year            308.0  2.006266e+03  9.636076e+00  1.990000e+03  1.998000e+03  2.006000e+03  2.015000e+03   
co2             308.0  3.088741e+03  6.474068e+03  2.186580e+02  4.916350e+02  8.513980e+02  2.633302e+03   
co2_per_capita  308.0  8.495893e+00  5.744199e+00  6.680000e-01  2.901500e+00  7.822000e+00  1.096975e+01   
population      308.0  6.180101e+08  1.384037e+09  2.778944e+07  6.390381e+07  1.275789e+08  4.723936e+08   
gdp             308.0  8.645671e+12  1.968629e+13  8.202743e+11  2.047581e+12  3.023014e+12  5.977619e+12   

                         max  
year            2.022000e+03  
co2             3.752777e+04  
co2_per_capita  2.139800e+01  
population      8.021407e+09  
gdp             1.301126e+14  
2026-06-09 11:45:19 | INFO | P06-NB | --------------- Using pandas groupby() and agg() ---------------
2026-06-09 11:45:19 | INFO | P06-NB | Computing descriptive statistics by group
2026-06-09 11:45:19 | DEBUG | P06-NB | 
                year                                      co2                                                   \
               count         mean       std   min   max count          mean          std        min        max   
country                                                                                                          
Brazil            33  2006.000000  9.669540  1990  2022    33    386.024121    99.416512    218.658    556.526   
Canada            33  2006.000000  9.669540  1990  2022    33    541.119818    39.995135    449.776    589.956   
China             33  2006.000000  9.669540  1990  2022    33   6658.015455  3207.545348   2483.534  11711.808   
France            33  2006.000000  9.669540  1990  2022    33    374.195273    40.136420    281.515    419.119   
Germany           33  2006.000000  9.669540  1990  2022    33    855.715788    97.477463    647.177   1054.796   
India             33  2006.000000  9.669540  1990  2022    33   1496.659909   717.113573    577.987   2831.132   
Japan             33  2006.000000  9.669540  1990  2022    33   1210.712667    74.291661   1029.645   1311.876   
United Kingdom    33  2006.000000  9.669540  1990  2022    33    506.447697    90.802625    311.118    609.413   
United States     33  2006.000000  9.669540  1990  2022    33   5535.547455   377.675710   4689.954   6126.903   
World             11  2013.454545  9.943477  1990  2022    11  33791.427545  4958.051414  22732.145  37527.773   

               co2_per_capita                                      population                              \
                        count       mean       std     min     max      count          mean           std   
country                                                                                                     
Brazil                     33   2.065606  0.352282   1.466   2.781         33  1.840960e+08  1.883102e+07   
Canada                     33  16.459121  1.218597  13.733  18.344         33  3.303238e+07  3.291569e+06   
China                      33   4.940697  2.137014   2.153   8.218         33  1.313988e+09  8.344915e+07   
France                     33   6.095394  0.899886   4.272   7.318         33  6.179824e+07  3.078375e+06   
Germany                    33  10.458455  1.275180   7.739  13.233         33  8.190820e+07  1.020909e+06   
India                      33   1.227273  0.424370   0.668   1.986         33  1.162973e+09  1.736689e+08   
Japan                      33   9.551061  0.540427   8.213  10.271         33  1.267329e+08  1.324991e+06   
United Kingdom             33   8.291152  1.868601   4.563  10.588         33  6.184516e+07  3.544911e+06   
United States              33  18.674636  2.286546  13.817  21.398         33  2.992977e+08  2.770057e+07   
World                      11   4.594818  0.214085   4.134   4.752         11  7.327269e+09  8.477486e+08   

                                             gdp                                                          
                         min           max count          mean           std           min           max  
country                                                                                                   
Brazil          1.491432e+08  2.103064e+08    33  2.262925e+12  7.097089e+11  1.185475e+12  3.187413e+12  
Canada          2.778944e+07  3.882126e+07    33  1.291902e+12  2.981411e+11  8.202743e+11  1.761296e+12  
China           1.153583e+09  1.426437e+09    33  1.171751e+13  7.417495e+12  3.385122e+12  2.696602e+13  
France          5.699024e+07  6.627741e+07    33  2.183964e+12  3.303561e+11  1.636208e+12  2.671569e+12  
Germany         7.970796e+07  8.408623e+07    33  3.049515e+12  5.985213e+11  2.015547e+12  3.909613e+12  
India           8.649722e+08  1.425423e+09    33  4.891528e+12  2.764509e+12  1.750993e+12  1.047625e+13  
Japan           1.233998e+08  1.281925e+08    33  4.368696e+12  3.311838e+11  3.699822e+12  4.852985e+12  
United Kingdom  5.736787e+07  6.817932e+07    33  2.080226e+12  3.617837e+11  1.488075e+12  2.624285e+12  
United States   2.533734e+08  3.415340e+08    33  1.429605e+13  3.052282e+12  9.224688e+12  1.949317e+13  
World           5.327803e+09  8.021407e+09    11  1.036518e+14  2.819317e+13  4.303361e+13  1.301126e+14  
2026-06-09 11:45:19 | INFO | P06-NB | --------------- Improving the output ---------------
2026-06-09 11:45:19 | DEBUG | P06-NB | 
                               count          mean           std           min           max
country                                                                                     
Brazil         year               33  2.006000e+03  9.669540e+00  1.990000e+03  2.022000e+03
               co2                33  3.860241e+02  9.941651e+01  2.186580e+02  5.565260e+02
               co2_per_capita     33  2.065606e+00  3.522824e-01  1.466000e+00  2.781000e+00
               population         33  1.840960e+08  1.883102e+07  1.491432e+08  2.103064e+08
               gdp                33  2.262925e+12  7.097089e+11  1.185475e+12  3.187413e+12
Canada         year               33  2.006000e+03  9.669540e+00  1.990000e+03  2.022000e+03
               co2                33  5.411198e+02  3.999514e+01  4.497760e+02  5.899560e+02
               co2_per_capita     33  1.645912e+01  1.218597e+00  1.373300e+01  1.834400e+01
               population         33  3.303238e+07  3.291569e+06  2.778944e+07  3.882126e+07
               gdp                33  1.291902e+12  2.981411e+11  8.202743e+11  1.761296e+12
China          year               33  2.006000e+03  9.669540e+00  1.990000e+03  2.022000e+03
               co2                33  6.658015e+03  3.207545e+03  2.483534e+03  1.171181e+04
               co2_per_capita     33  4.940697e+00  2.137014e+00  2.153000e+00  8.218000e+00
               population         33  1.313988e+09  8.344915e+07  1.153583e+09  1.426437e+09
               gdp                33  1.171751e+13  7.417495e+12  3.385122e+12  2.696602e+13
France         year               33  2.006000e+03  9.669540e+00  1.990000e+03  2.022000e+03
               co2                33  3.741953e+02  4.013642e+01  2.815150e+02  4.191190e+02
               co2_per_capita     33  6.095394e+00  8.998860e-01  4.272000e+00  7.318000e+00
               population         33  6.179824e+07  3.078375e+06  5.699024e+07  6.627741e+07
               gdp                33  2.183964e+12  3.303561e+11  1.636208e+12  2.671569e+12
Germany        year               33  2.006000e+03  9.669540e+00  1.990000e+03  2.022000e+03
               co2                33  8.557158e+02  9.747746e+01  6.471770e+02  1.054796e+03
               co2_per_capita     33  1.045845e+01  1.275180e+00  7.739000e+00  1.323300e+01
               population         33  8.190820e+07  1.020909e+06  7.970796e+07  8.408623e+07
               gdp                33  3.049515e+12  5.985213e+11  2.015547e+12  3.909613e+12
India          year               33  2.006000e+03  9.669540e+00  1.990000e+03  2.022000e+03
               co2                33  1.496660e+03  7.171136e+02  5.779870e+02  2.831132e+03
               co2_per_capita     33  1.227273e+00  4.243703e-01  6.680000e-01  1.986000e+00
               population         33  1.162973e+09  1.736689e+08  8.649722e+08  1.425423e+09
               gdp                33  4.891528e+12  2.764509e+12  1.750993e+12  1.047625e+13
Japan          year               33  2.006000e+03  9.669540e+00  1.990000e+03  2.022000e+03
               co2                33  1.210713e+03  7.429166e+01  1.029645e+03  1.311876e+03
               co2_per_capita     33  9.551061e+00  5.404270e-01  8.213000e+00  1.027100e+01
               population         33  1.267329e+08  1.324991e+06  1.233998e+08  1.281925e+08
               gdp                33  4.368696e+12  3.311838e+11  3.699822e+12  4.852985e+12
United Kingdom year               33  2.006000e+03  9.669540e+00  1.990000e+03  2.022000e+03
               co2                33  5.064477e+02  9.080263e+01  3.111180e+02  6.094130e+02
               co2_per_capita     33  8.291152e+00  1.868601e+00  4.563000e+00  1.058800e+01
               population         33  6.184516e+07  3.544911e+06  5.736787e+07  6.817932e+07
               gdp                33  2.080226e+12  3.617837e+11  1.488075e+12  2.624285e+12
United States  year               33  2.006000e+03  9.669540e+00  1.990000e+03  2.022000e+03
               co2                33  5.535547e+03  3.776757e+02  4.689954e+03  6.126903e+03
               co2_per_capita     33  1.867464e+01  2.286546e+00  1.381700e+01  2.139800e+01
               population         33  2.992977e+08  2.770057e+07  2.533734e+08  3.415340e+08
               gdp                33  1.429605e+13  3.052282e+12  9.224688e+12  1.949317e+13
World          year               11  2.013455e+03  9.943477e+00  1.990000e+03  2.022000e+03
               co2                11  3.379143e+04  4.958051e+03  2.273215e+04  3.752777e+04
               co2_per_capita     11  4.594818e+00  2.140854e-01  4.134000e+00  4.752000e+00
               population         11  7.327269e+09  8.477486e+08  5.327803e+09  8.021407e+09
               gdp                11  1.036518e+14  2.819317e+13  4.303361e+13  1.301126e+14
2026-06-09 11:45:19 | INFO | P06-NB | Computing correlation matrix for numeric columns
2026-06-09 11:45:19 | INFO | P06-NB | 
Correlation matrix:
2026-06-09 11:45:19 | DEBUG | P06-NB | 
                    year       co2  co2_per_capita  population       gdp
year            1.000000  0.215089       -0.091293    0.178675  0.263472
co2             0.215089  1.000000       -0.029367    0.945842  0.977864
co2_per_capita -0.091293 -0.029367        1.000000   -0.272804 -0.053033
population      0.178675  0.945842       -0.272804    1.000000  0.940825
gdp             0.263472  0.977864       -0.053033    0.940825  1.000000
2026-06-09 11:45:19 | INFO | P06-NB | ---------Visualize Correlation Matrix as a Heatmap---------------
2026-06-09 11:45:19 | INFO | P06-NB | ---- Creating Scatter Plot to see Relationships ------
2026-06-09 11:45:19 | INFO | P06-NB | ----   Use clean dataframe ---------------------------
2026-06-09 11:45:19 | INFO | P06-NB | ----   Set x to Population -----------------------
2026-06-09 11:45:19 | INFO | P06-NB | ----   Set y to CO2 per capita --------------------------
2026-06-09 11:45:19 | INFO | P06-NB | ----   Set the hue (color mapping) to the group column --
2026-06-09 11:45:19 | INFO | P06-NB | ------- Creating another chart -------
2026-06-09 11:45:19 | INFO | P06-NB | ------ Creating Box Plot to see Distribution: ---------
2026-06-09 11:45:19 | INFO | P06-NB | ------   Use clean dataframe --------------------------
2026-06-09 11:45:19 | INFO | P06-NB | ------   Set x to the group column --------------------
2026-06-09 11:45:19 | INFO | P06-NB | ------   Set y to CO2 per capita ----------------------
2026-06-09 11:45:19 | INFO | P06-NB | ========================
2026-06-09 11:45:19 | INFO | P06-NB | SUMMARY
2026-06-09 11:45:19 | INFO | P06-NB | ========================
2026-06-09 11:45:19 | INFO | P06-NB | Dataset: owid-co2-data-subset
2026-06-09 11:45:19 | INFO | P06-NB | Original rows: 350
2026-06-09 11:45:19 | INFO | P06-NB | Clean rows:    308
2026-06-09 11:45:19 | INFO | P06-NB | Groups found in country: ['Brazil', 'Canada', 'China', 'France', 'Germany', 'India', 'Japan', 'United Kingdom', 'United States', 'World']
2026-06-09 11:45:19 | INFO | P06-NB | ======================
2026-06-09 11:45:19 | INFO | P06-NB | Review the results. 
2026-06-09 11:45:19 | INFO | P06-NB | Determine the strongest correlations. 
2026-06-09 11:45:19 | INFO | P06-NB | ======================
2026-06-09 11:45:19 | INFO | P06-NB | Look for interesting patterns in the charts. 
2026-06-09 11:45:19 | INFO | P06-NB | Repeat the process, exploring additional angles.
2026-06-09 11:45:19 | INFO | P06-NB | After finding interesting insights, conclude your analysis.
2026-06-09 11:45:19 | INFO | P06-NB | ======================
2026-06-09 11:45:19 | INFO | P06-NB | Include instructions and specifics in your README.md file.
2026-06-09 11:45:19 | INFO | P06-NB | Write up your narrative on your docs/index.md file.
2026-06-09 11:45:19 | INFO | P06-NB | Include your next step suggestions for further analysis or modeling.
2026-06-09 11:45:19 | INFO | P06-NB | ======================
2026-06-09 11:45:19 | INFO | P06-NB | EDA workflow complete
2026-06-09 11:45:19 | INFO | P06-NB | ========================
2026-06-09 11:45:19 | INFO | P06-NB | Executed successfully!
2026-06-09 11:45:19 | INFO | P06-NB | ========================
2026-06-09 12:39:43 | INFO | P06-NB | === RUN START ===
2026-06-09 12:39:43 | INFO | P06-NB | project=P06-NB
2026-06-09 12:39:43 | INFO | P06-NB | repo_dir=datafun-06-applied
2026-06-09 12:39:43 | INFO | P06-NB | python=3.14.5
2026-06-09 12:39:43 | INFO | P06-NB | os=Windows 11
2026-06-09 12:39:43 | INFO | P06-NB | shell=powershell
2026-06-09 12:39:43 | INFO | P06-NB | cwd=notebooks
2026-06-09 12:39:43 | INFO | P06-NB | github_actions=False
2026-06-09 12:39:43 | INFO | P06-NB | Imports complete.
2026-06-09 12:39:43 | INFO | P06-NB | Loading dataset: airline-safety
2026-06-09 12:39:43 | INFO | P06-NB | Loaded: 350 rows, 14 columns
2026-06-09 12:39:43 | INFO | P06-NB | Previewing first few rows of the dataset
2026-06-09 12:39:43 | INFO | P06-NB | Column names
2026-06-09 12:39:43 | INFO | P06-NB | Building starter data dictionary
2026-06-09 12:39:43 | DEBUG | P06-NB | 
                         column    dtype  missing_count  missing_pct
0                       country      str              0          0.0
1                          year    int64              0          0.0
2                    population  float64              0          0.0
3                           gdp  float64             42         12.0
4                           co2  float64              0          0.0
5                co2_per_capita  float64              0          0.0
6                      coal_co2  float64              0          0.0
7                       oil_co2  float64              0          0.0
8                       gas_co2  float64              0          0.0
9                    cement_co2  float64              0          0.0
10                      methane  float64              0          0.0
11                nitrous_oxide  float64              0          0.0
12                    total_ghg  float64              0          0.0
13  temperature_change_from_co2  float64              0          0.0
2026-06-09 12:39:43 | INFO | P06-NB | Missing values per column:
2026-06-09 12:39:43 | INFO | P06-NB | country                         0
year                            0
population                      0
gdp                            42
co2                             0
co2_per_capita                  0
coal_co2                        0
oil_co2                         0
gas_co2                         0
cement_co2                      0
methane                         0
nitrous_oxide                   0
total_ghg                       0
temperature_change_from_co2     0
dtype: int64
2026-06-09 12:39:43 | INFO | P06-NB | Checking missing values per column
2026-06-09 12:39:43 | DEBUG | P06-NB | 
gdp                            42
country                         0
year                            0
population                      0
co2                             0
co2_per_capita                  0
coal_co2                        0
oil_co2                         0
gas_co2                         0
cement_co2                      0
methane                         0
nitrous_oxide                   0
total_ghg                       0
temperature_change_from_co2     0
dtype: int64
2026-06-09 12:39:43 | INFO | P06-NB | Duplicate rows detected: 0
2026-06-09 12:39:43 | INFO | P06-NB | Call describe() for numeric columns
2026-06-09 12:42:08 | INFO | P06-NB | Loading dataset: airline-safety
2026-06-09 12:42:08 | INFO | P06-NB | Loaded: 56 rows, 8 columns
2026-06-09 12:42:08 | INFO | P06-NB | Previewing first few rows of the dataset
2026-06-09 12:42:08 | INFO | P06-NB | Column names
2026-06-09 12:42:08 | INFO | P06-NB | Building starter data dictionary
2026-06-09 12:42:08 | DEBUG | P06-NB | 
                   column  dtype  missing_count  missing_pct
0                 airline    str              0          0.0
1  avail_seat_km_per_week  int64              0          0.0
2         incidents_85_99  int64              0          0.0
3   fatal_accidents_85_99  int64              0          0.0
4        fatalities_85_99  int64              0          0.0
5         incidents_00_14  int64              0          0.0
6   fatal_accidents_00_14  int64              0          0.0
7        fatalities_00_14  int64              0          0.0
2026-06-09 12:42:08 | INFO | P06-NB | Missing values per column:
2026-06-09 12:42:08 | INFO | P06-NB | airline                   0
avail_seat_km_per_week    0
incidents_85_99           0
fatal_accidents_85_99     0
fatalities_85_99          0
incidents_00_14           0
fatal_accidents_00_14     0
fatalities_00_14          0
dtype: int64
2026-06-09 12:42:08 | INFO | P06-NB | Checking missing values per column
2026-06-09 12:42:08 | DEBUG | P06-NB | 
airline                   0
avail_seat_km_per_week    0
incidents_85_99           0
fatal_accidents_85_99     0
fatalities_85_99          0
incidents_00_14           0
fatal_accidents_00_14     0
fatalities_00_14          0
dtype: int64
2026-06-09 12:42:08 | INFO | P06-NB | Duplicate rows detected: 0
2026-06-09 12:42:08 | INFO | P06-NB | Call describe() for numeric columns
2026-06-09 12:42:08 | DEBUG | P06-NB | 
       avail_seat_km_per_week  incidents_85_99  fatal_accidents_85_99  incidents_00_14  fatalities_00_14
count            5.600000e+01        56.000000              56.000000        56.000000         56.000000
mean             1.384621e+09         7.178571               2.178571         4.125000         55.517857
std              1.465317e+09        11.035656               2.861069         4.544977        111.332751
min              2.593733e+08         0.000000               0.000000         0.000000          0.000000
25%              4.740362e+08         2.000000               0.000000         1.000000          0.000000
50%              8.029089e+08         4.000000               1.000000         3.000000          0.000000
75%              1.847239e+09         8.000000               3.000000         5.250000         83.250000
max              7.139291e+09        76.000000              14.000000        24.000000        537.000000

2026-06-09 12:42:08 | DEBUG | P06-NB | Columns required to be non-missing: ['avail_seat_km_per_week', 'incidents_85_99', 'fatal_accidents_85_99', 'incidents_00_14', 'fatalities_00_14', 'airline']
2026-06-09 12:42:08 | INFO | P06-NB | Original rows: 56
2026-06-09 12:42:08 | INFO | P06-NB | Clean rows:    56
2026-06-09 12:42:08 | INFO | P06-NB | Rows dropped:  0
2026-06-09 12:42:08 | INFO | P06-NB | --------------- Manual statistics ---------------
2026-06-09 12:42:08 | DEBUG | P06-NB | incidents_00_14 Statistics (using numpy):
2026-06-09 12:42:08 | DEBUG | P06-NB |   Mean: 4.12
2026-06-09 12:42:08 | DEBUG | P06-NB |   Std Dev: 4.50
2026-06-09 12:42:08 | DEBUG | P06-NB |   Min: 0.00
2026-06-09 12:42:08 | DEBUG | P06-NB |   Max: 24.00
2026-06-09 12:42:08 | DEBUG | P06-NB |   Range: 24.00
2026-06-09 12:42:08 | INFO | P06-NB | Computing overall descriptive statistics
2026-06-09 12:42:08 | DEBUG | P06-NB | 
                        count          mean           std          min           25%          50%           75%  \
avail_seat_km_per_week   56.0  1.384621e+09  1.465317e+09  259373346.0  4.740362e+08  802908893.0  1.847239e+09   
incidents_85_99          56.0  7.178571e+00  1.103566e+01          0.0  2.000000e+00          4.0  8.000000e+00   
fatal_accidents_85_99    56.0  2.178571e+00  2.861069e+00          0.0  0.000000e+00          1.0  3.000000e+00   
incidents_00_14          56.0  4.125000e+00  4.544977e+00          0.0  1.000000e+00          3.0  5.250000e+00   
fatalities_00_14         56.0  5.551786e+01  1.113328e+02          0.0  0.000000e+00          0.0  8.325000e+01   

                                 max  
avail_seat_km_per_week  7.139291e+09  
incidents_85_99         7.600000e+01  
fatal_accidents_85_99   1.400000e+01  
incidents_00_14         2.400000e+01  
fatalities_00_14        5.370000e+02  
2026-06-09 12:42:08 | INFO | P06-NB | --------------- Using pandas groupby() and agg() ---------------
2026-06-09 12:42:08 | INFO | P06-NB | Computing descriptive statistics by group
2026-06-09 12:42:08 | DEBUG | P06-NB | 
                           avail_seat_km_per_week                                           incidents_85_99            \
                                            count          mean std         min         max           count  mean std   
airline                                                                                                                 
Aer Lingus                                      1  3.209067e+08 NaN   320906734   320906734               1   2.0 NaN   
Aeroflot*                                       1  1.197672e+09 NaN  1197672318  1197672318               1  76.0 NaN   
Aerolineas Argentinas                           1  3.858036e+08 NaN   385803648   385803648               1   6.0 NaN   
Aeromexico*                                     1  5.968718e+08 NaN   596871813   596871813               1   3.0 NaN   
Air Canada                                      1  1.865254e+09 NaN  1865253802  1865253802               1   2.0 NaN   
Air France                                      1  3.004003e+09 NaN  3004002661  3004002661               1  14.0 NaN   
Air India*                                      1  8.692536e+08 NaN   869253552   869253552               1   2.0 NaN   
Air New Zealand*                                1  7.101748e+08 NaN   710174817   710174817               1   3.0 NaN   
Alaska Airlines*                                1  9.653468e+08 NaN   965346773   965346773               1   5.0 NaN   
Alitalia                                        1  6.980125e+08 NaN   698012498   698012498               1   7.0 NaN   
All Nippon Airways                              1  1.841234e+09 NaN  1841234177  1841234177               1   3.0 NaN   
American*                                       1  5.228357e+09 NaN  5228357340  5228357340               1  21.0 NaN   
Austrian Airlines                               1  3.582398e+08 NaN   358239823   358239823               1   1.0 NaN   
Avianca                                         1  3.969226e+08 NaN   396922563   396922563               1   5.0 NaN   
British Airways*                                1  3.179761e+09 NaN  3179760952  3179760952               1   4.0 NaN   
COPA                                            1  5.504915e+08 NaN   550491507   550491507               1   3.0 NaN   
Cathay Pacific*                                 1  2.582459e+09 NaN  2582459303  2582459303               1   0.0 NaN   
China Airlines                                  1  8.132165e+08 NaN   813216487   813216487               1  12.0 NaN   
Condor                                          1  4.179826e+08 NaN   417982610   417982610               1   2.0 NaN   
Delta / Northwest*                              1  6.525659e+09 NaN  6525658894  6525658894               1  24.0 NaN   
Egyptair                                        1  5.576999e+08 NaN   557699891   557699891               1   8.0 NaN   
El Al                                           1  3.354480e+08 NaN   335448023   335448023               1   1.0 NaN   
Ethiopian Airlines                              1  4.885606e+08 NaN   488560643   488560643               1  25.0 NaN   
Finnair                                         1  5.064650e+08 NaN   506464950   506464950               1   1.0 NaN   
Garuda Indonesia                                1  6.133567e+08 NaN   613356665   613356665               1  10.0 NaN   
Gulf Air                                        1  3.013798e+08 NaN   301379762   301379762               1   1.0 NaN   
Hawaiian Airlines                               1  4.938778e+08 NaN   493877795   493877795               1   0.0 NaN   
Iberia                                          1  1.173203e+09 NaN  1173203126  1173203126               1   4.0 NaN   
Japan Airlines                                  1  1.574218e+09 NaN  1574217531  1574217531               1   3.0 NaN   
KLM*                                            1  1.874562e+09 NaN  1874561773  1874561773               1   7.0 NaN   
Kenya Airways                                   1  2.774148e+08 NaN   277414794   277414794               1   2.0 NaN   
Korean Air                                      1  1.734523e+09 NaN  1734522605  1734522605               1  12.0 NaN   
LAN Airlines                                    1  1.001966e+09 NaN  1001965891  1001965891               1   3.0 NaN   
Lufthansa*                                      1  3.426530e+09 NaN  3426529504  3426529504               1   6.0 NaN   
Malaysia Airlines                               1  1.039171e+09 NaN  1039171244  1039171244               1   3.0 NaN   
Pakistan International                          1  3.485631e+08 NaN   348563137   348563137               1   8.0 NaN   
Philippine Airlines                             1  4.130072e+08 NaN   413007158   413007158               1   7.0 NaN   
Qantas*                                         1  1.917429e+09 NaN  1917428984  1917428984               1   1.0 NaN   
Royal Air Maroc                                 1  2.957053e+08 NaN   295705339   295705339               1   5.0 NaN   
SAS*                                            1  6.829719e+08 NaN   682971852   682971852               1   5.0 NaN   
SWISS*                                          1  7.926013e+08 NaN   792601299   792601299               1   2.0 NaN   
Saudi Arabian                                   1  8.596739e+08 NaN   859673901   859673901               1   7.0 NaN   
Singapore Airlines                              1  2.376858e+09 NaN  2376857805  2376857805               1   2.0 NaN   
South African                                   1  6.515024e+08 NaN   651502442   651502442               1   2.0 NaN   
Southwest Airlines                              1  3.276526e+09 NaN  3276525770  3276525770               1   1.0 NaN   
Sri Lankan / AirLanka                           1  3.255830e+08 NaN   325582976   325582976               1   2.0 NaN   
TACA                                            1  2.593733e+08 NaN   259373346   259373346               1   3.0 NaN   
TAM                                             1  1.509196e+09 NaN  1509195646  1509195646               1   8.0 NaN   
TAP - Air Portugal                              1  6.191308e+08 NaN   619130754   619130754               1   0.0 NaN   
Thai Airways                                    1  1.702802e+09 NaN  1702802250  1702802250               1   8.0 NaN   
Turkish Airlines                                1  1.946098e+09 NaN  1946098294  1946098294               1   8.0 NaN   
US Airways / America West*                      1  2.455688e+09 NaN  2455687887  2455687887               1  16.0 NaN   
United / Continental*                           1  7.139291e+09 NaN  7139291291  7139291291               1  19.0 NaN   
Vietnam Airlines                                1  6.250849e+08 NaN   625084918   625084918               1   7.0 NaN   
Virgin Atlantic                                 1  1.005249e+09 NaN  1005248585  1005248585               1   1.0 NaN   
Xiamen Airlines                                 1  4.304630e+08 NaN   430462962   430462962               1   9.0 NaN   

                                   fatal_accidents_85_99                   incidents_00_14                    \
                           min max                 count  mean std min max           count  mean std min max   
airline                                                                                                        
Aer Lingus                   2   2                     1   0.0 NaN   0   0               1   0.0 NaN   0   0   
Aeroflot*                   76  76                     1  14.0 NaN  14  14               1   6.0 NaN   6   6   
Aerolineas Argentinas        6   6                     1   0.0 NaN   0   0               1   1.0 NaN   1   1   
Aeromexico*                  3   3                     1   1.0 NaN   1   1               1   5.0 NaN   5   5   
Air Canada                   2   2                     1   0.0 NaN   0   0               1   2.0 NaN   2   2   
Air France                  14  14                     1   4.0 NaN   4   4               1   6.0 NaN   6   6   
Air India*                   2   2                     1   1.0 NaN   1   1               1   4.0 NaN   4   4   
Air New Zealand*             3   3                     1   0.0 NaN   0   0               1   5.0 NaN   5   5   
Alaska Airlines*             5   5                     1   0.0 NaN   0   0               1   5.0 NaN   5   5   
Alitalia                     7   7                     1   2.0 NaN   2   2               1   4.0 NaN   4   4   
All Nippon Airways           3   3                     1   1.0 NaN   1   1               1   7.0 NaN   7   7   
American*                   21  21                     1   5.0 NaN   5   5               1  17.0 NaN  17  17   
Austrian Airlines            1   1                     1   0.0 NaN   0   0               1   1.0 NaN   1   1   
Avianca                      5   5                     1   3.0 NaN   3   3               1   0.0 NaN   0   0   
British Airways*             4   4                     1   0.0 NaN   0   0               1   6.0 NaN   6   6   
COPA                         3   3                     1   1.0 NaN   1   1               1   0.0 NaN   0   0   
Cathay Pacific*              0   0                     1   0.0 NaN   0   0               1   2.0 NaN   2   2   
China Airlines              12  12                     1   6.0 NaN   6   6               1   2.0 NaN   2   2   
Condor                       2   2                     1   1.0 NaN   1   1               1   0.0 NaN   0   0   
Delta / Northwest*          24  24                     1  12.0 NaN  12  12               1  24.0 NaN  24  24   
Egyptair                     8   8                     1   3.0 NaN   3   3               1   4.0 NaN   4   4   
El Al                        1   1                     1   1.0 NaN   1   1               1   1.0 NaN   1   1   
Ethiopian Airlines          25  25                     1   5.0 NaN   5   5               1   5.0 NaN   5   5   
Finnair                      1   1                     1   0.0 NaN   0   0               1   0.0 NaN   0   0   
Garuda Indonesia            10  10                     1   3.0 NaN   3   3               1   4.0 NaN   4   4   
Gulf Air                     1   1                     1   0.0 NaN   0   0               1   3.0 NaN   3   3   
Hawaiian Airlines            0   0                     1   0.0 NaN   0   0               1   1.0 NaN   1   1   
Iberia                       4   4                     1   1.0 NaN   1   1               1   5.0 NaN   5   5   
Japan Airlines               3   3                     1   1.0 NaN   1   1               1   0.0 NaN   0   0   
KLM*                         7   7                     1   1.0 NaN   1   1               1   1.0 NaN   1   1   
Kenya Airways                2   2                     1   0.0 NaN   0   0               1   2.0 NaN   2   2   
Korean Air                  12  12                     1   5.0 NaN   5   5               1   1.0 NaN   1   1   
LAN Airlines                 3   3                     1   2.0 NaN   2   2               1   0.0 NaN   0   0   
Lufthansa*                   6   6                     1   1.0 NaN   1   1               1   3.0 NaN   3   3   
Malaysia Airlines            3   3                     1   1.0 NaN   1   1               1   3.0 NaN   3   3   
Pakistan International       8   8                     1   3.0 NaN   3   3               1  10.0 NaN  10  10   
Philippine Airlines          7   7                     1   4.0 NaN   4   4               1   2.0 NaN   2   2   
Qantas*                      1   1                     1   0.0 NaN   0   0               1   5.0 NaN   5   5   
Royal Air Maroc              5   5                     1   3.0 NaN   3   3               1   3.0 NaN   3   3   
SAS*                         5   5                     1   0.0 NaN   0   0               1   6.0 NaN   6   6   
SWISS*                       2   2                     1   1.0 NaN   1   1               1   3.0 NaN   3   3   
Saudi Arabian                7   7                     1   2.0 NaN   2   2               1  11.0 NaN  11  11   
Singapore Airlines           2   2                     1   2.0 NaN   2   2               1   2.0 NaN   2   2   
South African                2   2                     1   1.0 NaN   1   1               1   1.0 NaN   1   1   
Southwest Airlines           1   1                     1   0.0 NaN   0   0               1   8.0 NaN   8   8   
Sri Lankan / AirLanka        2   2                     1   1.0 NaN   1   1               1   4.0 NaN   4   4   
TACA                         3   3                     1   1.0 NaN   1   1               1   1.0 NaN   1   1   
TAM                          8   8                     1   3.0 NaN   3   3               1   7.0 NaN   7   7   
TAP - Air Portugal           0   0                     1   0.0 NaN   0   0               1   0.0 NaN   0   0   
Thai Airways                 8   8                     1   4.0 NaN   4   4               1   2.0 NaN   2   2   
Turkish Airlines             8   8                     1   3.0 NaN   3   3               1   8.0 NaN   8   8   
US Airways / America West*  16  16                     1   7.0 NaN   7   7               1  11.0 NaN  11  11   
United / Continental*       19  19                     1   8.0 NaN   8   8               1  14.0 NaN  14  14   
Vietnam Airlines             7   7                     1   3.0 NaN   3   3               1   1.0 NaN   1   1   
Virgin Atlantic              1   1                     1   0.0 NaN   0   0               1   0.0 NaN   0   0   
Xiamen Airlines              9   9                     1   1.0 NaN   1   1               1   2.0 NaN   2   2   

                           fatalities_00_14                       
                                      count   mean std  min  max  
airline                                                           
Aer Lingus                                1    0.0 NaN    0    0  
Aeroflot*                                 1   88.0 NaN   88   88  
Aerolineas Argentinas                     1    0.0 NaN    0    0  
Aeromexico*                               1    0.0 NaN    0    0  
Air Canada                                1    0.0 NaN    0    0  
Air France                                1  337.0 NaN  337  337  
Air India*                                1  158.0 NaN  158  158  
Air New Zealand*                          1    7.0 NaN    7    7  
Alaska Airlines*                          1   88.0 NaN   88   88  
Alitalia                                  1    0.0 NaN    0    0  
All Nippon Airways                        1    0.0 NaN    0    0  
American*                                 1  416.0 NaN  416  416  
Austrian Airlines                         1    0.0 NaN    0    0  
Avianca                                   1    0.0 NaN    0    0  
British Airways*                          1    0.0 NaN    0    0  
COPA                                      1    0.0 NaN    0    0  
Cathay Pacific*                           1    0.0 NaN    0    0  
China Airlines                            1  225.0 NaN  225  225  
Condor                                    1    0.0 NaN    0    0  
Delta / Northwest*                        1   51.0 NaN   51   51  
Egyptair                                  1   14.0 NaN   14   14  
El Al                                     1    0.0 NaN    0    0  
Ethiopian Airlines                        1   92.0 NaN   92   92  
Finnair                                   1    0.0 NaN    0    0  
Garuda Indonesia                          1   22.0 NaN   22   22  
Gulf Air                                  1  143.0 NaN  143  143  
Hawaiian Airlines                         1    0.0 NaN    0    0  
Iberia                                    1    0.0 NaN    0    0  
Japan Airlines                            1    0.0 NaN    0    0  
KLM*                                      1    0.0 NaN    0    0  
Kenya Airways                             1  283.0 NaN  283  283  
Korean Air                                1    0.0 NaN    0    0  
LAN Airlines                              1    0.0 NaN    0    0  
Lufthansa*                                1    0.0 NaN    0    0  
Malaysia Airlines                         1  537.0 NaN  537  537  
Pakistan International                    1   46.0 NaN   46   46  
Philippine Airlines                       1    1.0 NaN    1    1  
Qantas*                                   1    0.0 NaN    0    0  
Royal Air Maroc                           1    0.0 NaN    0    0  
SAS*                                      1  110.0 NaN  110  110  
SWISS*                                    1    0.0 NaN    0    0  
Saudi Arabian                             1    0.0 NaN    0    0  
Singapore Airlines                        1   83.0 NaN   83   83  
South African                             1    0.0 NaN    0    0  
Southwest Airlines                        1    0.0 NaN    0    0  
Sri Lankan / AirLanka                     1    0.0 NaN    0    0  
TACA                                      1    3.0 NaN    3    3  
TAM                                       1  188.0 NaN  188  188  
TAP - Air Portugal                        1    0.0 NaN    0    0  
Thai Airways                              1    1.0 NaN    1    1  
Turkish Airlines                          1   84.0 NaN   84   84  
US Airways / America West*                1   23.0 NaN   23   23  
United / Continental*                     1  109.0 NaN  109  109  
Vietnam Airlines                          1    0.0 NaN    0    0  
Virgin Atlantic                           1    0.0 NaN    0    0  
Xiamen Airlines                           1    0.0 NaN    0    0  
2026-06-09 12:42:08 | INFO | P06-NB | --------------- Improving the output ---------------
2026-06-09 12:42:08 | DEBUG | P06-NB | 
                                        count         mean  std        min        max
airline                                                                              
Aer Lingus      avail_seat_km_per_week      1  320906734.0  NaN  320906734  320906734
                incidents_85_99             1          2.0  NaN          2          2
                fatal_accidents_85_99       1          0.0  NaN          0          0
                incidents_00_14             1          0.0  NaN          0          0
                fatalities_00_14            1          0.0  NaN          0          0
...                                       ...          ...  ...        ...        ...
Xiamen Airlines avail_seat_km_per_week      1  430462962.0  NaN  430462962  430462962
                incidents_85_99             1          9.0  NaN          9          9
                fatal_accidents_85_99       1          1.0  NaN          1          1
                incidents_00_14             1          2.0  NaN          2          2
                fatalities_00_14            1          0.0  NaN          0          0

[280 rows x 5 columns]
2026-06-09 12:42:08 | INFO | P06-NB | Computing correlation matrix for numeric columns
2026-06-09 12:42:08 | INFO | P06-NB | 
Correlation matrix:
2026-06-09 12:42:08 | DEBUG | P06-NB | 
                        avail_seat_km_per_week  incidents_85_99  fatal_accidents_85_99  incidents_00_14  \
avail_seat_km_per_week                1.000000         0.279538               0.468300         0.725917   
incidents_85_99                       0.279538         1.000000               0.856991         0.403009   
fatal_accidents_85_99                 0.468300         0.856991               1.000000         0.572923   
incidents_00_14                       0.725917         0.403009               0.572923         1.000000   
fatalities_00_14                      0.228484         0.195337               0.186985         0.282009   

                        fatalities_00_14  
avail_seat_km_per_week          0.228484  
incidents_85_99                 0.195337  
fatal_accidents_85_99           0.186985  
incidents_00_14                 0.282009  
fatalities_00_14                1.000000  
2026-06-09 12:42:08 | INFO | P06-NB | ---------Visualize Correlation Matrix as a Heatmap---------------
2026-06-09 12:42:08 | INFO | P06-NB | ---- Creating Scatter Plot to see Relationships ------
2026-06-09 12:42:08 | INFO | P06-NB | ----   Use clean dataframe ---------------------------
2026-06-09 12:42:08 | INFO | P06-NB | ----   Set x to Available seat km per week -----------------------
2026-06-09 12:42:08 | INFO | P06-NB | ----   Set y to Incidents (2000–2014) --------------------------
2026-06-09 12:42:08 | INFO | P06-NB | ----   Set the hue (color mapping) to the group column --
2026-06-09 12:42:09 | INFO | P06-NB | ------- Creating another chart -------
2026-06-09 12:42:09 | INFO | P06-NB | ------ Creating Box Plot to see Distribution: ---------
2026-06-09 12:42:09 | INFO | P06-NB | ------   Use clean dataframe --------------------------
2026-06-09 12:42:09 | INFO | P06-NB | ------   Set x to the group column --------------------
2026-06-09 12:42:09 | INFO | P06-NB | ------   Set y to Fatalities (2000–2014) ----------------------
2026-06-09 12:42:09 | INFO | P06-NB | ========================
2026-06-09 12:42:09 | INFO | P06-NB | SUMMARY
2026-06-09 12:42:09 | INFO | P06-NB | ========================
2026-06-09 12:42:09 | INFO | P06-NB | Dataset: airline-safety
2026-06-09 12:42:09 | INFO | P06-NB | Original rows: 56
2026-06-09 12:42:09 | INFO | P06-NB | Clean rows:    56
2026-06-09 12:42:09 | INFO | P06-NB | Groups found in airline: ['Aer Lingus', 'Aeroflot*', 'Aerolineas Argentinas', 'Aeromexico*', 'Air Canada', 'Air France', 'Air India*', 'Air New Zealand*', 'Alaska Airlines*', 'Alitalia', 'All Nippon Airways', 'American*', 'Austrian Airlines', 'Avianca', 'British Airways*', 'COPA', 'Cathay Pacific*', 'China Airlines', 'Condor', 'Delta / Northwest*', 'Egyptair', 'El Al', 'Ethiopian Airlines', 'Finnair', 'Garuda Indonesia', 'Gulf Air', 'Hawaiian Airlines', 'Iberia', 'Japan Airlines', 'KLM*', 'Kenya Airways', 'Korean Air', 'LAN Airlines', 'Lufthansa*', 'Malaysia Airlines', 'Pakistan International', 'Philippine Airlines', 'Qantas*', 'Royal Air Maroc', 'SAS*', 'SWISS*', 'Saudi Arabian', 'Singapore Airlines', 'South African', 'Southwest Airlines', 'Sri Lankan / AirLanka', 'TACA', 'TAM', 'TAP - Air Portugal', 'Thai Airways', 'Turkish Airlines', 'US Airways / America West*', 'United / Continental*', 'Vietnam Airlines', 'Virgin Atlantic', 'Xiamen Airlines']
2026-06-09 12:42:09 | INFO | P06-NB | ======================
2026-06-09 12:42:09 | INFO | P06-NB | Review the results. 
2026-06-09 12:42:09 | INFO | P06-NB | Determine the strongest correlations. 
2026-06-09 12:42:09 | INFO | P06-NB | ======================
2026-06-09 12:42:09 | INFO | P06-NB | Look for interesting patterns in the charts. 
2026-06-09 12:42:09 | INFO | P06-NB | Repeat the process, exploring additional angles.
2026-06-09 12:42:09 | INFO | P06-NB | After finding interesting insights, conclude your analysis.
2026-06-09 12:42:09 | INFO | P06-NB | ======================
2026-06-09 12:42:09 | INFO | P06-NB | Include instructions and specifics in your README.md file.
2026-06-09 12:42:09 | INFO | P06-NB | Write up your narrative on your docs/index.md file.
2026-06-09 12:42:09 | INFO | P06-NB | Include your next step suggestions for further analysis or modeling.
2026-06-09 12:42:09 | INFO | P06-NB | ======================
2026-06-09 12:42:09 | INFO | P06-NB | EDA workflow complete
2026-06-09 12:42:09 | INFO | P06-NB | ========================
2026-06-09 12:42:09 | INFO | P06-NB | Executed successfully!
2026-06-09 12:42:09 | INFO | P06-NB | ========================
2026-06-09 12:43:30 | INFO | P06-NB | Previewing first few rows of the dataset
2026-06-09 12:43:30 | INFO | P06-NB | Column names
2026-06-09 12:43:30 | INFO | P06-NB | Building starter data dictionary
2026-06-09 12:43:30 | DEBUG | P06-NB | 
                   column  dtype  missing_count  missing_pct
0                 airline    str              0          0.0
1  avail_seat_km_per_week  int64              0          0.0
2         incidents_85_99  int64              0          0.0
3   fatal_accidents_85_99  int64              0          0.0
4        fatalities_85_99  int64              0          0.0
5         incidents_00_14  int64              0          0.0
6   fatal_accidents_00_14  int64              0          0.0
7        fatalities_00_14  int64              0          0.0
2026-06-09 12:43:30 | INFO | P06-NB | Missing values per column:
2026-06-09 12:43:30 | INFO | P06-NB | airline                   0
avail_seat_km_per_week    0
incidents_85_99           0
fatal_accidents_85_99     0
fatalities_85_99          0
incidents_00_14           0
fatal_accidents_00_14     0
fatalities_00_14          0
dtype: int64
2026-06-09 12:43:30 | INFO | P06-NB | Checking missing values per column
2026-06-09 12:43:30 | DEBUG | P06-NB | 
airline                   0
avail_seat_km_per_week    0
incidents_85_99           0
fatal_accidents_85_99     0
fatalities_85_99          0
incidents_00_14           0
fatal_accidents_00_14     0
fatalities_00_14          0
dtype: int64
2026-06-09 12:43:30 | INFO | P06-NB | Duplicate rows detected: 0
2026-06-09 12:43:30 | INFO | P06-NB | Call describe() for numeric columns
2026-06-09 12:43:30 | DEBUG | P06-NB | 
       avail_seat_km_per_week  incidents_85_99  fatal_accidents_85_99  incidents_00_14  fatalities_00_14
count            5.600000e+01        56.000000              56.000000        56.000000         56.000000
mean             1.384621e+09         7.178571               2.178571         4.125000         55.517857
std              1.465317e+09        11.035656               2.861069         4.544977        111.332751
min              2.593733e+08         0.000000               0.000000         0.000000          0.000000
25%              4.740362e+08         2.000000               0.000000         1.000000          0.000000
50%              8.029089e+08         4.000000               1.000000         3.000000          0.000000
75%              1.847239e+09         8.000000               3.000000         5.250000         83.250000
max              7.139291e+09        76.000000              14.000000        24.000000        537.000000

2026-06-09 12:43:30 | DEBUG | P06-NB | Columns required to be non-missing: ['avail_seat_km_per_week', 'incidents_85_99', 'fatal_accidents_85_99', 'incidents_00_14', 'fatalities_00_14', 'airline']
2026-06-09 12:43:30 | INFO | P06-NB | Original rows: 56
2026-06-09 12:43:30 | INFO | P06-NB | Clean rows:    56
2026-06-09 12:43:30 | INFO | P06-NB | Rows dropped:  0
2026-06-09 12:43:30 | INFO | P06-NB | --------------- Manual statistics ---------------
2026-06-09 12:43:30 | DEBUG | P06-NB | incidents_00_14 Statistics (using numpy):
2026-06-09 12:43:30 | DEBUG | P06-NB |   Mean: 4.12
2026-06-09 12:43:30 | DEBUG | P06-NB |   Std Dev: 4.50
2026-06-09 12:43:30 | DEBUG | P06-NB |   Min: 0.00
2026-06-09 12:43:30 | DEBUG | P06-NB |   Max: 24.00
2026-06-09 12:43:30 | DEBUG | P06-NB |   Range: 24.00
2026-06-09 12:43:30 | INFO | P06-NB | Computing overall descriptive statistics
2026-06-09 12:43:30 | DEBUG | P06-NB | 
                        count          mean           std          min           25%          50%           75%  \
avail_seat_km_per_week   56.0  1.384621e+09  1.465317e+09  259373346.0  4.740362e+08  802908893.0  1.847239e+09   
incidents_85_99          56.0  7.178571e+00  1.103566e+01          0.0  2.000000e+00          4.0  8.000000e+00   
fatal_accidents_85_99    56.0  2.178571e+00  2.861069e+00          0.0  0.000000e+00          1.0  3.000000e+00   
incidents_00_14          56.0  4.125000e+00  4.544977e+00          0.0  1.000000e+00          3.0  5.250000e+00   
fatalities_00_14         56.0  5.551786e+01  1.113328e+02          0.0  0.000000e+00          0.0  8.325000e+01   

                                 max  
avail_seat_km_per_week  7.139291e+09  
incidents_85_99         7.600000e+01  
fatal_accidents_85_99   1.400000e+01  
incidents_00_14         2.400000e+01  
fatalities_00_14        5.370000e+02  
2026-06-09 12:43:30 | INFO | P06-NB | --------------- Using pandas groupby() and agg() ---------------
2026-06-09 12:43:30 | INFO | P06-NB | Computing descriptive statistics by group
2026-06-09 12:43:30 | DEBUG | P06-NB | 
                           avail_seat_km_per_week                                           incidents_85_99            \
                                            count          mean std         min         max           count  mean std   
airline                                                                                                                 
Aer Lingus                                      1  3.209067e+08 NaN   320906734   320906734               1   2.0 NaN   
Aeroflot*                                       1  1.197672e+09 NaN  1197672318  1197672318               1  76.0 NaN   
Aerolineas Argentinas                           1  3.858036e+08 NaN   385803648   385803648               1   6.0 NaN   
Aeromexico*                                     1  5.968718e+08 NaN   596871813   596871813               1   3.0 NaN   
Air Canada                                      1  1.865254e+09 NaN  1865253802  1865253802               1   2.0 NaN   
Air France                                      1  3.004003e+09 NaN  3004002661  3004002661               1  14.0 NaN   
Air India*                                      1  8.692536e+08 NaN   869253552   869253552               1   2.0 NaN   
Air New Zealand*                                1  7.101748e+08 NaN   710174817   710174817               1   3.0 NaN   
Alaska Airlines*                                1  9.653468e+08 NaN   965346773   965346773               1   5.0 NaN   
Alitalia                                        1  6.980125e+08 NaN   698012498   698012498               1   7.0 NaN   
All Nippon Airways                              1  1.841234e+09 NaN  1841234177  1841234177               1   3.0 NaN   
American*                                       1  5.228357e+09 NaN  5228357340  5228357340               1  21.0 NaN   
Austrian Airlines                               1  3.582398e+08 NaN   358239823   358239823               1   1.0 NaN   
Avianca                                         1  3.969226e+08 NaN   396922563   396922563               1   5.0 NaN   
British Airways*                                1  3.179761e+09 NaN  3179760952  3179760952               1   4.0 NaN   
COPA                                            1  5.504915e+08 NaN   550491507   550491507               1   3.0 NaN   
Cathay Pacific*                                 1  2.582459e+09 NaN  2582459303  2582459303               1   0.0 NaN   
China Airlines                                  1  8.132165e+08 NaN   813216487   813216487               1  12.0 NaN   
Condor                                          1  4.179826e+08 NaN   417982610   417982610               1   2.0 NaN   
Delta / Northwest*                              1  6.525659e+09 NaN  6525658894  6525658894               1  24.0 NaN   
Egyptair                                        1  5.576999e+08 NaN   557699891   557699891               1   8.0 NaN   
El Al                                           1  3.354480e+08 NaN   335448023   335448023               1   1.0 NaN   
Ethiopian Airlines                              1  4.885606e+08 NaN   488560643   488560643               1  25.0 NaN   
Finnair                                         1  5.064650e+08 NaN   506464950   506464950               1   1.0 NaN   
Garuda Indonesia                                1  6.133567e+08 NaN   613356665   613356665               1  10.0 NaN   
Gulf Air                                        1  3.013798e+08 NaN   301379762   301379762               1   1.0 NaN   
Hawaiian Airlines                               1  4.938778e+08 NaN   493877795   493877795               1   0.0 NaN   
Iberia                                          1  1.173203e+09 NaN  1173203126  1173203126               1   4.0 NaN   
Japan Airlines                                  1  1.574218e+09 NaN  1574217531  1574217531               1   3.0 NaN   
KLM*                                            1  1.874562e+09 NaN  1874561773  1874561773               1   7.0 NaN   
Kenya Airways                                   1  2.774148e+08 NaN   277414794   277414794               1   2.0 NaN   
Korean Air                                      1  1.734523e+09 NaN  1734522605  1734522605               1  12.0 NaN   
LAN Airlines                                    1  1.001966e+09 NaN  1001965891  1001965891               1   3.0 NaN   
Lufthansa*                                      1  3.426530e+09 NaN  3426529504  3426529504               1   6.0 NaN   
Malaysia Airlines                               1  1.039171e+09 NaN  1039171244  1039171244               1   3.0 NaN   
Pakistan International                          1  3.485631e+08 NaN   348563137   348563137               1   8.0 NaN   
Philippine Airlines                             1  4.130072e+08 NaN   413007158   413007158               1   7.0 NaN   
Qantas*                                         1  1.917429e+09 NaN  1917428984  1917428984               1   1.0 NaN   
Royal Air Maroc                                 1  2.957053e+08 NaN   295705339   295705339               1   5.0 NaN   
SAS*                                            1  6.829719e+08 NaN   682971852   682971852               1   5.0 NaN   
SWISS*                                          1  7.926013e+08 NaN   792601299   792601299               1   2.0 NaN   
Saudi Arabian                                   1  8.596739e+08 NaN   859673901   859673901               1   7.0 NaN   
Singapore Airlines                              1  2.376858e+09 NaN  2376857805  2376857805               1   2.0 NaN   
South African                                   1  6.515024e+08 NaN   651502442   651502442               1   2.0 NaN   
Southwest Airlines                              1  3.276526e+09 NaN  3276525770  3276525770               1   1.0 NaN   
Sri Lankan / AirLanka                           1  3.255830e+08 NaN   325582976   325582976               1   2.0 NaN   
TACA                                            1  2.593733e+08 NaN   259373346   259373346               1   3.0 NaN   
TAM                                             1  1.509196e+09 NaN  1509195646  1509195646               1   8.0 NaN   
TAP - Air Portugal                              1  6.191308e+08 NaN   619130754   619130754               1   0.0 NaN   
Thai Airways                                    1  1.702802e+09 NaN  1702802250  1702802250               1   8.0 NaN   
Turkish Airlines                                1  1.946098e+09 NaN  1946098294  1946098294               1   8.0 NaN   
US Airways / America West*                      1  2.455688e+09 NaN  2455687887  2455687887               1  16.0 NaN   
United / Continental*                           1  7.139291e+09 NaN  7139291291  7139291291               1  19.0 NaN   
Vietnam Airlines                                1  6.250849e+08 NaN   625084918   625084918               1   7.0 NaN   
Virgin Atlantic                                 1  1.005249e+09 NaN  1005248585  1005248585               1   1.0 NaN   
Xiamen Airlines                                 1  4.304630e+08 NaN   430462962   430462962               1   9.0 NaN   

                                   fatal_accidents_85_99                   incidents_00_14                    \
                           min max                 count  mean std min max           count  mean std min max   
airline                                                                                                        
Aer Lingus                   2   2                     1   0.0 NaN   0   0               1   0.0 NaN   0   0   
Aeroflot*                   76  76                     1  14.0 NaN  14  14               1   6.0 NaN   6   6   
Aerolineas Argentinas        6   6                     1   0.0 NaN   0   0               1   1.0 NaN   1   1   
Aeromexico*                  3   3                     1   1.0 NaN   1   1               1   5.0 NaN   5   5   
Air Canada                   2   2                     1   0.0 NaN   0   0               1   2.0 NaN   2   2   
Air France                  14  14                     1   4.0 NaN   4   4               1   6.0 NaN   6   6   
Air India*                   2   2                     1   1.0 NaN   1   1               1   4.0 NaN   4   4   
Air New Zealand*             3   3                     1   0.0 NaN   0   0               1   5.0 NaN   5   5   
Alaska Airlines*             5   5                     1   0.0 NaN   0   0               1   5.0 NaN   5   5   
Alitalia                     7   7                     1   2.0 NaN   2   2               1   4.0 NaN   4   4   
All Nippon Airways           3   3                     1   1.0 NaN   1   1               1   7.0 NaN   7   7   
American*                   21  21                     1   5.0 NaN   5   5               1  17.0 NaN  17  17   
Austrian Airlines            1   1                     1   0.0 NaN   0   0               1   1.0 NaN   1   1   
Avianca                      5   5                     1   3.0 NaN   3   3               1   0.0 NaN   0   0   
British Airways*             4   4                     1   0.0 NaN   0   0               1   6.0 NaN   6   6   
COPA                         3   3                     1   1.0 NaN   1   1               1   0.0 NaN   0   0   
Cathay Pacific*              0   0                     1   0.0 NaN   0   0               1   2.0 NaN   2   2   
China Airlines              12  12                     1   6.0 NaN   6   6               1   2.0 NaN   2   2   
Condor                       2   2                     1   1.0 NaN   1   1               1   0.0 NaN   0   0   
Delta / Northwest*          24  24                     1  12.0 NaN  12  12               1  24.0 NaN  24  24   
Egyptair                     8   8                     1   3.0 NaN   3   3               1   4.0 NaN   4   4   
El Al                        1   1                     1   1.0 NaN   1   1               1   1.0 NaN   1   1   
Ethiopian Airlines          25  25                     1   5.0 NaN   5   5               1   5.0 NaN   5   5   
Finnair                      1   1                     1   0.0 NaN   0   0               1   0.0 NaN   0   0   
Garuda Indonesia            10  10                     1   3.0 NaN   3   3               1   4.0 NaN   4   4   
Gulf Air                     1   1                     1   0.0 NaN   0   0               1   3.0 NaN   3   3   
Hawaiian Airlines            0   0                     1   0.0 NaN   0   0               1   1.0 NaN   1   1   
Iberia                       4   4                     1   1.0 NaN   1   1               1   5.0 NaN   5   5   
Japan Airlines               3   3                     1   1.0 NaN   1   1               1   0.0 NaN   0   0   
KLM*                         7   7                     1   1.0 NaN   1   1               1   1.0 NaN   1   1   
Kenya Airways                2   2                     1   0.0 NaN   0   0               1   2.0 NaN   2   2   
Korean Air                  12  12                     1   5.0 NaN   5   5               1   1.0 NaN   1   1   
LAN Airlines                 3   3                     1   2.0 NaN   2   2               1   0.0 NaN   0   0   
Lufthansa*                   6   6                     1   1.0 NaN   1   1               1   3.0 NaN   3   3   
Malaysia Airlines            3   3                     1   1.0 NaN   1   1               1   3.0 NaN   3   3   
Pakistan International       8   8                     1   3.0 NaN   3   3               1  10.0 NaN  10  10   
Philippine Airlines          7   7                     1   4.0 NaN   4   4               1   2.0 NaN   2   2   
Qantas*                      1   1                     1   0.0 NaN   0   0               1   5.0 NaN   5   5   
Royal Air Maroc              5   5                     1   3.0 NaN   3   3               1   3.0 NaN   3   3   
SAS*                         5   5                     1   0.0 NaN   0   0               1   6.0 NaN   6   6   
SWISS*                       2   2                     1   1.0 NaN   1   1               1   3.0 NaN   3   3   
Saudi Arabian                7   7                     1   2.0 NaN   2   2               1  11.0 NaN  11  11   
Singapore Airlines           2   2                     1   2.0 NaN   2   2               1   2.0 NaN   2   2   
South African                2   2                     1   1.0 NaN   1   1               1   1.0 NaN   1   1   
Southwest Airlines           1   1                     1   0.0 NaN   0   0               1   8.0 NaN   8   8   
Sri Lankan / AirLanka        2   2                     1   1.0 NaN   1   1               1   4.0 NaN   4   4   
TACA                         3   3                     1   1.0 NaN   1   1               1   1.0 NaN   1   1   
TAM                          8   8                     1   3.0 NaN   3   3               1   7.0 NaN   7   7   
TAP - Air Portugal           0   0                     1   0.0 NaN   0   0               1   0.0 NaN   0   0   
Thai Airways                 8   8                     1   4.0 NaN   4   4               1   2.0 NaN   2   2   
Turkish Airlines             8   8                     1   3.0 NaN   3   3               1   8.0 NaN   8   8   
US Airways / America West*  16  16                     1   7.0 NaN   7   7               1  11.0 NaN  11  11   
United / Continental*       19  19                     1   8.0 NaN   8   8               1  14.0 NaN  14  14   
Vietnam Airlines             7   7                     1   3.0 NaN   3   3               1   1.0 NaN   1   1   
Virgin Atlantic              1   1                     1   0.0 NaN   0   0               1   0.0 NaN   0   0   
Xiamen Airlines              9   9                     1   1.0 NaN   1   1               1   2.0 NaN   2   2   

                           fatalities_00_14                       
                                      count   mean std  min  max  
airline                                                           
Aer Lingus                                1    0.0 NaN    0    0  
Aeroflot*                                 1   88.0 NaN   88   88  
Aerolineas Argentinas                     1    0.0 NaN    0    0  
Aeromexico*                               1    0.0 NaN    0    0  
Air Canada                                1    0.0 NaN    0    0  
Air France                                1  337.0 NaN  337  337  
Air India*                                1  158.0 NaN  158  158  
Air New Zealand*                          1    7.0 NaN    7    7  
Alaska Airlines*                          1   88.0 NaN   88   88  
Alitalia                                  1    0.0 NaN    0    0  
All Nippon Airways                        1    0.0 NaN    0    0  
American*                                 1  416.0 NaN  416  416  
Austrian Airlines                         1    0.0 NaN    0    0  
Avianca                                   1    0.0 NaN    0    0  
British Airways*                          1    0.0 NaN    0    0  
COPA                                      1    0.0 NaN    0    0  
Cathay Pacific*                           1    0.0 NaN    0    0  
China Airlines                            1  225.0 NaN  225  225  
Condor                                    1    0.0 NaN    0    0  
Delta / Northwest*                        1   51.0 NaN   51   51  
Egyptair                                  1   14.0 NaN   14   14  
El Al                                     1    0.0 NaN    0    0  
Ethiopian Airlines                        1   92.0 NaN   92   92  
Finnair                                   1    0.0 NaN    0    0  
Garuda Indonesia                          1   22.0 NaN   22   22  
Gulf Air                                  1  143.0 NaN  143  143  
Hawaiian Airlines                         1    0.0 NaN    0    0  
Iberia                                    1    0.0 NaN    0    0  
Japan Airlines                            1    0.0 NaN    0    0  
KLM*                                      1    0.0 NaN    0    0  
Kenya Airways                             1  283.0 NaN  283  283  
Korean Air                                1    0.0 NaN    0    0  
LAN Airlines                              1    0.0 NaN    0    0  
Lufthansa*                                1    0.0 NaN    0    0  
Malaysia Airlines                         1  537.0 NaN  537  537  
Pakistan International                    1   46.0 NaN   46   46  
Philippine Airlines                       1    1.0 NaN    1    1  
Qantas*                                   1    0.0 NaN    0    0  
Royal Air Maroc                           1    0.0 NaN    0    0  
SAS*                                      1  110.0 NaN  110  110  
SWISS*                                    1    0.0 NaN    0    0  
Saudi Arabian                             1    0.0 NaN    0    0  
Singapore Airlines                        1   83.0 NaN   83   83  
South African                             1    0.0 NaN    0    0  
Southwest Airlines                        1    0.0 NaN    0    0  
Sri Lankan / AirLanka                     1    0.0 NaN    0    0  
TACA                                      1    3.0 NaN    3    3  
TAM                                       1  188.0 NaN  188  188  
TAP - Air Portugal                        1    0.0 NaN    0    0  
Thai Airways                              1    1.0 NaN    1    1  
Turkish Airlines                          1   84.0 NaN   84   84  
US Airways / America West*                1   23.0 NaN   23   23  
United / Continental*                     1  109.0 NaN  109  109  
Vietnam Airlines                          1    0.0 NaN    0    0  
Virgin Atlantic                           1    0.0 NaN    0    0  
Xiamen Airlines                           1    0.0 NaN    0    0  
2026-06-09 12:43:30 | INFO | P06-NB | --------------- Improving the output ---------------
2026-06-09 12:43:30 | DEBUG | P06-NB | 
                                        count         mean  std        min        max
airline                                                                              
Aer Lingus      avail_seat_km_per_week      1  320906734.0  NaN  320906734  320906734
                incidents_85_99             1          2.0  NaN          2          2
                fatal_accidents_85_99       1          0.0  NaN          0          0
                incidents_00_14             1          0.0  NaN          0          0
                fatalities_00_14            1          0.0  NaN          0          0
...                                       ...          ...  ...        ...        ...
Xiamen Airlines avail_seat_km_per_week      1  430462962.0  NaN  430462962  430462962
                incidents_85_99             1          9.0  NaN          9          9
                fatal_accidents_85_99       1          1.0  NaN          1          1
                incidents_00_14             1          2.0  NaN          2          2
                fatalities_00_14            1          0.0  NaN          0          0

[280 rows x 5 columns]
2026-06-09 12:43:30 | INFO | P06-NB | Computing correlation matrix for numeric columns
2026-06-09 12:43:30 | INFO | P06-NB | 
Correlation matrix:
2026-06-09 12:43:30 | DEBUG | P06-NB | 
                        avail_seat_km_per_week  incidents_85_99  fatal_accidents_85_99  incidents_00_14  \
avail_seat_km_per_week                1.000000         0.279538               0.468300         0.725917   
incidents_85_99                       0.279538         1.000000               0.856991         0.403009   
fatal_accidents_85_99                 0.468300         0.856991               1.000000         0.572923   
incidents_00_14                       0.725917         0.403009               0.572923         1.000000   
fatalities_00_14                      0.228484         0.195337               0.186985         0.282009   

                        fatalities_00_14  
avail_seat_km_per_week          0.228484  
incidents_85_99                 0.195337  
fatal_accidents_85_99           0.186985  
incidents_00_14                 0.282009  
fatalities_00_14                1.000000  
2026-06-09 12:43:30 | INFO | P06-NB | ---------Visualize Correlation Matrix as a Heatmap---------------
2026-06-09 12:43:30 | INFO | P06-NB | ---- Creating Scatter Plot to see Relationships ------
2026-06-09 12:43:30 | INFO | P06-NB | ----   Use clean dataframe ---------------------------
2026-06-09 12:43:30 | INFO | P06-NB | ----   Set x to Available seat km per week -----------------------
2026-06-09 12:43:30 | INFO | P06-NB | ----   Set y to Incidents (2000–2014) --------------------------
2026-06-09 12:43:30 | INFO | P06-NB | ----   Set the hue (color mapping) to the group column --
2026-06-09 12:43:30 | INFO | P06-NB | ------- Creating another chart -------
2026-06-09 12:43:30 | INFO | P06-NB | ------ Creating Box Plot to see Distribution: ---------
2026-06-09 12:43:30 | INFO | P06-NB | ------   Use clean dataframe --------------------------
2026-06-09 12:43:30 | INFO | P06-NB | ------   Set x to the group column --------------------
2026-06-09 12:43:30 | INFO | P06-NB | ------   Set y to Fatalities (2000–2014) ----------------------
2026-06-09 12:43:31 | INFO | P06-NB | ========================
2026-06-09 12:43:31 | INFO | P06-NB | SUMMARY
2026-06-09 12:43:31 | INFO | P06-NB | ========================
2026-06-09 12:43:31 | INFO | P06-NB | Dataset: airline-safety
2026-06-09 12:43:31 | INFO | P06-NB | Original rows: 56
2026-06-09 12:43:31 | INFO | P06-NB | Clean rows:    56
2026-06-09 12:43:31 | INFO | P06-NB | Groups found in airline: ['Aer Lingus', 'Aeroflot*', 'Aerolineas Argentinas', 'Aeromexico*', 'Air Canada', 'Air France', 'Air India*', 'Air New Zealand*', 'Alaska Airlines*', 'Alitalia', 'All Nippon Airways', 'American*', 'Austrian Airlines', 'Avianca', 'British Airways*', 'COPA', 'Cathay Pacific*', 'China Airlines', 'Condor', 'Delta / Northwest*', 'Egyptair', 'El Al', 'Ethiopian Airlines', 'Finnair', 'Garuda Indonesia', 'Gulf Air', 'Hawaiian Airlines', 'Iberia', 'Japan Airlines', 'KLM*', 'Kenya Airways', 'Korean Air', 'LAN Airlines', 'Lufthansa*', 'Malaysia Airlines', 'Pakistan International', 'Philippine Airlines', 'Qantas*', 'Royal Air Maroc', 'SAS*', 'SWISS*', 'Saudi Arabian', 'Singapore Airlines', 'South African', 'Southwest Airlines', 'Sri Lankan / AirLanka', 'TACA', 'TAM', 'TAP - Air Portugal', 'Thai Airways', 'Turkish Airlines', 'US Airways / America West*', 'United / Continental*', 'Vietnam Airlines', 'Virgin Atlantic', 'Xiamen Airlines']
2026-06-09 12:43:31 | INFO | P06-NB | ======================
2026-06-09 12:43:31 | INFO | P06-NB | Review the results. 
2026-06-09 12:43:31 | INFO | P06-NB | Determine the strongest correlations. 
2026-06-09 12:43:31 | INFO | P06-NB | ======================
2026-06-09 12:43:31 | INFO | P06-NB | Look for interesting patterns in the charts. 
2026-06-09 12:43:31 | INFO | P06-NB | Repeat the process, exploring additional angles.
2026-06-09 12:43:31 | INFO | P06-NB | After finding interesting insights, conclude your analysis.
2026-06-09 12:43:31 | INFO | P06-NB | ======================
2026-06-09 12:43:31 | INFO | P06-NB | Include instructions and specifics in your README.md file.
2026-06-09 12:43:31 | INFO | P06-NB | Write up your narrative on your docs/index.md file.
2026-06-09 12:43:31 | INFO | P06-NB | Include your next step suggestions for further analysis or modeling.
2026-06-09 12:43:31 | INFO | P06-NB | ======================
2026-06-09 12:43:31 | INFO | P06-NB | EDA workflow complete
2026-06-09 12:43:31 | INFO | P06-NB | ========================
2026-06-09 12:43:31 | INFO | P06-NB | Executed successfully!
2026-06-09 12:43:31 | INFO | P06-NB | ========================
2026-06-09 12:44:44 | INFO | P06-NB | Column names
2026-06-09 12:44:44 | INFO | P06-NB | Building starter data dictionary
2026-06-09 12:44:44 | DEBUG | P06-NB | 
                   column  dtype  missing_count  missing_pct
0                 airline    str              0          0.0
1  avail_seat_km_per_week  int64              0          0.0
2         incidents_85_99  int64              0          0.0
3   fatal_accidents_85_99  int64              0          0.0
4        fatalities_85_99  int64              0          0.0
5         incidents_00_14  int64              0          0.0
6   fatal_accidents_00_14  int64              0          0.0
7        fatalities_00_14  int64              0          0.0
2026-06-09 12:44:44 | INFO | P06-NB | Missing values per column:
2026-06-09 12:44:44 | INFO | P06-NB | airline                   0
avail_seat_km_per_week    0
incidents_85_99           0
fatal_accidents_85_99     0
fatalities_85_99          0
incidents_00_14           0
fatal_accidents_00_14     0
fatalities_00_14          0
dtype: int64
2026-06-09 12:44:44 | INFO | P06-NB | Checking missing values per column
2026-06-09 12:44:44 | DEBUG | P06-NB | 
airline                   0
avail_seat_km_per_week    0
incidents_85_99           0
fatal_accidents_85_99     0
fatalities_85_99          0
incidents_00_14           0
fatal_accidents_00_14     0
fatalities_00_14          0
dtype: int64
2026-06-09 12:44:44 | INFO | P06-NB | Duplicate rows detected: 0
2026-06-09 12:44:44 | INFO | P06-NB | Call describe() for numeric columns
2026-06-09 12:44:44 | DEBUG | P06-NB | 
       avail_seat_km_per_week  incidents_85_99  fatal_accidents_85_99  incidents_00_14  fatalities_00_14
count            5.600000e+01        56.000000              56.000000        56.000000         56.000000
mean             1.384621e+09         7.178571               2.178571         4.125000         55.517857
std              1.465317e+09        11.035656               2.861069         4.544977        111.332751
min              2.593733e+08         0.000000               0.000000         0.000000          0.000000
25%              4.740362e+08         2.000000               0.000000         1.000000          0.000000
50%              8.029089e+08         4.000000               1.000000         3.000000          0.000000
75%              1.847239e+09         8.000000               3.000000         5.250000         83.250000
max              7.139291e+09        76.000000              14.000000        24.000000        537.000000

2026-06-09 12:44:44 | DEBUG | P06-NB | Columns required to be non-missing: ['avail_seat_km_per_week', 'incidents_85_99', 'fatal_accidents_85_99', 'incidents_00_14', 'fatalities_00_14', 'airline']
2026-06-09 12:44:44 | INFO | P06-NB | Original rows: 56
2026-06-09 12:44:44 | INFO | P06-NB | Clean rows:    56
2026-06-09 12:44:44 | INFO | P06-NB | Rows dropped:  0
2026-06-09 12:44:44 | INFO | P06-NB | --------------- Manual statistics ---------------
2026-06-09 12:44:44 | DEBUG | P06-NB | incidents_00_14 Statistics (using numpy):
2026-06-09 12:44:44 | DEBUG | P06-NB |   Mean: 4.12
2026-06-09 12:44:44 | DEBUG | P06-NB |   Std Dev: 4.50
2026-06-09 12:44:44 | DEBUG | P06-NB |   Min: 0.00
2026-06-09 12:44:44 | DEBUG | P06-NB |   Max: 24.00
2026-06-09 12:44:44 | DEBUG | P06-NB |   Range: 24.00
2026-06-09 12:44:44 | INFO | P06-NB | Computing overall descriptive statistics
2026-06-09 12:44:44 | DEBUG | P06-NB | 
                        count          mean           std          min           25%          50%           75%  \
avail_seat_km_per_week   56.0  1.384621e+09  1.465317e+09  259373346.0  4.740362e+08  802908893.0  1.847239e+09   
incidents_85_99          56.0  7.178571e+00  1.103566e+01          0.0  2.000000e+00          4.0  8.000000e+00   
fatal_accidents_85_99    56.0  2.178571e+00  2.861069e+00          0.0  0.000000e+00          1.0  3.000000e+00   
incidents_00_14          56.0  4.125000e+00  4.544977e+00          0.0  1.000000e+00          3.0  5.250000e+00   
fatalities_00_14         56.0  5.551786e+01  1.113328e+02          0.0  0.000000e+00          0.0  8.325000e+01   

                                 max  
avail_seat_km_per_week  7.139291e+09  
incidents_85_99         7.600000e+01  
fatal_accidents_85_99   1.400000e+01  
incidents_00_14         2.400000e+01  
fatalities_00_14        5.370000e+02  
2026-06-09 12:44:44 | INFO | P06-NB | --------------- Using pandas groupby() and agg() ---------------
2026-06-09 12:44:44 | INFO | P06-NB | Computing descriptive statistics by group
2026-06-09 12:44:44 | DEBUG | P06-NB | 
                           avail_seat_km_per_week                                           incidents_85_99            \
                                            count          mean std         min         max           count  mean std   
airline                                                                                                                 
Aer Lingus                                      1  3.209067e+08 NaN   320906734   320906734               1   2.0 NaN   
Aeroflot*                                       1  1.197672e+09 NaN  1197672318  1197672318               1  76.0 NaN   
Aerolineas Argentinas                           1  3.858036e+08 NaN   385803648   385803648               1   6.0 NaN   
Aeromexico*                                     1  5.968718e+08 NaN   596871813   596871813               1   3.0 NaN   
Air Canada                                      1  1.865254e+09 NaN  1865253802  1865253802               1   2.0 NaN   
Air France                                      1  3.004003e+09 NaN  3004002661  3004002661               1  14.0 NaN   
Air India*                                      1  8.692536e+08 NaN   869253552   869253552               1   2.0 NaN   
Air New Zealand*                                1  7.101748e+08 NaN   710174817   710174817               1   3.0 NaN   
Alaska Airlines*                                1  9.653468e+08 NaN   965346773   965346773               1   5.0 NaN   
Alitalia                                        1  6.980125e+08 NaN   698012498   698012498               1   7.0 NaN   
All Nippon Airways                              1  1.841234e+09 NaN  1841234177  1841234177               1   3.0 NaN   
American*                                       1  5.228357e+09 NaN  5228357340  5228357340               1  21.0 NaN   
Austrian Airlines                               1  3.582398e+08 NaN   358239823   358239823               1   1.0 NaN   
Avianca                                         1  3.969226e+08 NaN   396922563   396922563               1   5.0 NaN   
British Airways*                                1  3.179761e+09 NaN  3179760952  3179760952               1   4.0 NaN   
COPA                                            1  5.504915e+08 NaN   550491507   550491507               1   3.0 NaN   
Cathay Pacific*                                 1  2.582459e+09 NaN  2582459303  2582459303               1   0.0 NaN   
China Airlines                                  1  8.132165e+08 NaN   813216487   813216487               1  12.0 NaN   
Condor                                          1  4.179826e+08 NaN   417982610   417982610               1   2.0 NaN   
Delta / Northwest*                              1  6.525659e+09 NaN  6525658894  6525658894               1  24.0 NaN   
Egyptair                                        1  5.576999e+08 NaN   557699891   557699891               1   8.0 NaN   
El Al                                           1  3.354480e+08 NaN   335448023   335448023               1   1.0 NaN   
Ethiopian Airlines                              1  4.885606e+08 NaN   488560643   488560643               1  25.0 NaN   
Finnair                                         1  5.064650e+08 NaN   506464950   506464950               1   1.0 NaN   
Garuda Indonesia                                1  6.133567e+08 NaN   613356665   613356665               1  10.0 NaN   
Gulf Air                                        1  3.013798e+08 NaN   301379762   301379762               1   1.0 NaN   
Hawaiian Airlines                               1  4.938778e+08 NaN   493877795   493877795               1   0.0 NaN   
Iberia                                          1  1.173203e+09 NaN  1173203126  1173203126               1   4.0 NaN   
Japan Airlines                                  1  1.574218e+09 NaN  1574217531  1574217531               1   3.0 NaN   
KLM*                                            1  1.874562e+09 NaN  1874561773  1874561773               1   7.0 NaN   
Kenya Airways                                   1  2.774148e+08 NaN   277414794   277414794               1   2.0 NaN   
Korean Air                                      1  1.734523e+09 NaN  1734522605  1734522605               1  12.0 NaN   
LAN Airlines                                    1  1.001966e+09 NaN  1001965891  1001965891               1   3.0 NaN   
Lufthansa*                                      1  3.426530e+09 NaN  3426529504  3426529504               1   6.0 NaN   
Malaysia Airlines                               1  1.039171e+09 NaN  1039171244  1039171244               1   3.0 NaN   
Pakistan International                          1  3.485631e+08 NaN   348563137   348563137               1   8.0 NaN   
Philippine Airlines                             1  4.130072e+08 NaN   413007158   413007158               1   7.0 NaN   
Qantas*                                         1  1.917429e+09 NaN  1917428984  1917428984               1   1.0 NaN   
Royal Air Maroc                                 1  2.957053e+08 NaN   295705339   295705339               1   5.0 NaN   
SAS*                                            1  6.829719e+08 NaN   682971852   682971852               1   5.0 NaN   
SWISS*                                          1  7.926013e+08 NaN   792601299   792601299               1   2.0 NaN   
Saudi Arabian                                   1  8.596739e+08 NaN   859673901   859673901               1   7.0 NaN   
Singapore Airlines                              1  2.376858e+09 NaN  2376857805  2376857805               1   2.0 NaN   
South African                                   1  6.515024e+08 NaN   651502442   651502442               1   2.0 NaN   
Southwest Airlines                              1  3.276526e+09 NaN  3276525770  3276525770               1   1.0 NaN   
Sri Lankan / AirLanka                           1  3.255830e+08 NaN   325582976   325582976               1   2.0 NaN   
TACA                                            1  2.593733e+08 NaN   259373346   259373346               1   3.0 NaN   
TAM                                             1  1.509196e+09 NaN  1509195646  1509195646               1   8.0 NaN   
TAP - Air Portugal                              1  6.191308e+08 NaN   619130754   619130754               1   0.0 NaN   
Thai Airways                                    1  1.702802e+09 NaN  1702802250  1702802250               1   8.0 NaN   
Turkish Airlines                                1  1.946098e+09 NaN  1946098294  1946098294               1   8.0 NaN   
US Airways / America West*                      1  2.455688e+09 NaN  2455687887  2455687887               1  16.0 NaN   
United / Continental*                           1  7.139291e+09 NaN  7139291291  7139291291               1  19.0 NaN   
Vietnam Airlines                                1  6.250849e+08 NaN   625084918   625084918               1   7.0 NaN   
Virgin Atlantic                                 1  1.005249e+09 NaN  1005248585  1005248585               1   1.0 NaN   
Xiamen Airlines                                 1  4.304630e+08 NaN   430462962   430462962               1   9.0 NaN   

                                   fatal_accidents_85_99                   incidents_00_14                    \
                           min max                 count  mean std min max           count  mean std min max   
airline                                                                                                        
Aer Lingus                   2   2                     1   0.0 NaN   0   0               1   0.0 NaN   0   0   
Aeroflot*                   76  76                     1  14.0 NaN  14  14               1   6.0 NaN   6   6   
Aerolineas Argentinas        6   6                     1   0.0 NaN   0   0               1   1.0 NaN   1   1   
Aeromexico*                  3   3                     1   1.0 NaN   1   1               1   5.0 NaN   5   5   
Air Canada                   2   2                     1   0.0 NaN   0   0               1   2.0 NaN   2   2   
Air France                  14  14                     1   4.0 NaN   4   4               1   6.0 NaN   6   6   
Air India*                   2   2                     1   1.0 NaN   1   1               1   4.0 NaN   4   4   
Air New Zealand*             3   3                     1   0.0 NaN   0   0               1   5.0 NaN   5   5   
Alaska Airlines*             5   5                     1   0.0 NaN   0   0               1   5.0 NaN   5   5   
Alitalia                     7   7                     1   2.0 NaN   2   2               1   4.0 NaN   4   4   
All Nippon Airways           3   3                     1   1.0 NaN   1   1               1   7.0 NaN   7   7   
American*                   21  21                     1   5.0 NaN   5   5               1  17.0 NaN  17  17   
Austrian Airlines            1   1                     1   0.0 NaN   0   0               1   1.0 NaN   1   1   
Avianca                      5   5                     1   3.0 NaN   3   3               1   0.0 NaN   0   0   
British Airways*             4   4                     1   0.0 NaN   0   0               1   6.0 NaN   6   6   
COPA                         3   3                     1   1.0 NaN   1   1               1   0.0 NaN   0   0   
Cathay Pacific*              0   0                     1   0.0 NaN   0   0               1   2.0 NaN   2   2   
China Airlines              12  12                     1   6.0 NaN   6   6               1   2.0 NaN   2   2   
Condor                       2   2                     1   1.0 NaN   1   1               1   0.0 NaN   0   0   
Delta / Northwest*          24  24                     1  12.0 NaN  12  12               1  24.0 NaN  24  24   
Egyptair                     8   8                     1   3.0 NaN   3   3               1   4.0 NaN   4   4   
El Al                        1   1                     1   1.0 NaN   1   1               1   1.0 NaN   1   1   
Ethiopian Airlines          25  25                     1   5.0 NaN   5   5               1   5.0 NaN   5   5   
Finnair                      1   1                     1   0.0 NaN   0   0               1   0.0 NaN   0   0   
Garuda Indonesia            10  10                     1   3.0 NaN   3   3               1   4.0 NaN   4   4   
Gulf Air                     1   1                     1   0.0 NaN   0   0               1   3.0 NaN   3   3   
Hawaiian Airlines            0   0                     1   0.0 NaN   0   0               1   1.0 NaN   1   1   
Iberia                       4   4                     1   1.0 NaN   1   1               1   5.0 NaN   5   5   
Japan Airlines               3   3                     1   1.0 NaN   1   1               1   0.0 NaN   0   0   
KLM*                         7   7                     1   1.0 NaN   1   1               1   1.0 NaN   1   1   
Kenya Airways                2   2                     1   0.0 NaN   0   0               1   2.0 NaN   2   2   
Korean Air                  12  12                     1   5.0 NaN   5   5               1   1.0 NaN   1   1   
LAN Airlines                 3   3                     1   2.0 NaN   2   2               1   0.0 NaN   0   0   
Lufthansa*                   6   6                     1   1.0 NaN   1   1               1   3.0 NaN   3   3   
Malaysia Airlines            3   3                     1   1.0 NaN   1   1               1   3.0 NaN   3   3   
Pakistan International       8   8                     1   3.0 NaN   3   3               1  10.0 NaN  10  10   
Philippine Airlines          7   7                     1   4.0 NaN   4   4               1   2.0 NaN   2   2   
Qantas*                      1   1                     1   0.0 NaN   0   0               1   5.0 NaN   5   5   
Royal Air Maroc              5   5                     1   3.0 NaN   3   3               1   3.0 NaN   3   3   
SAS*                         5   5                     1   0.0 NaN   0   0               1   6.0 NaN   6   6   
SWISS*                       2   2                     1   1.0 NaN   1   1               1   3.0 NaN   3   3   
Saudi Arabian                7   7                     1   2.0 NaN   2   2               1  11.0 NaN  11  11   
Singapore Airlines           2   2                     1   2.0 NaN   2   2               1   2.0 NaN   2   2   
South African                2   2                     1   1.0 NaN   1   1               1   1.0 NaN   1   1   
Southwest Airlines           1   1                     1   0.0 NaN   0   0               1   8.0 NaN   8   8   
Sri Lankan / AirLanka        2   2                     1   1.0 NaN   1   1               1   4.0 NaN   4   4   
TACA                         3   3                     1   1.0 NaN   1   1               1   1.0 NaN   1   1   
TAM                          8   8                     1   3.0 NaN   3   3               1   7.0 NaN   7   7   
TAP - Air Portugal           0   0                     1   0.0 NaN   0   0               1   0.0 NaN   0   0   
Thai Airways                 8   8                     1   4.0 NaN   4   4               1   2.0 NaN   2   2   
Turkish Airlines             8   8                     1   3.0 NaN   3   3               1   8.0 NaN   8   8   
US Airways / America West*  16  16                     1   7.0 NaN   7   7               1  11.0 NaN  11  11   
United / Continental*       19  19                     1   8.0 NaN   8   8               1  14.0 NaN  14  14   
Vietnam Airlines             7   7                     1   3.0 NaN   3   3               1   1.0 NaN   1   1   
Virgin Atlantic              1   1                     1   0.0 NaN   0   0               1   0.0 NaN   0   0   
Xiamen Airlines              9   9                     1   1.0 NaN   1   1               1   2.0 NaN   2   2   

                           fatalities_00_14                       
                                      count   mean std  min  max  
airline                                                           
Aer Lingus                                1    0.0 NaN    0    0  
Aeroflot*                                 1   88.0 NaN   88   88  
Aerolineas Argentinas                     1    0.0 NaN    0    0  
Aeromexico*                               1    0.0 NaN    0    0  
Air Canada                                1    0.0 NaN    0    0  
Air France                                1  337.0 NaN  337  337  
Air India*                                1  158.0 NaN  158  158  
Air New Zealand*                          1    7.0 NaN    7    7  
Alaska Airlines*                          1   88.0 NaN   88   88  
Alitalia                                  1    0.0 NaN    0    0  
All Nippon Airways                        1    0.0 NaN    0    0  
American*                                 1  416.0 NaN  416  416  
Austrian Airlines                         1    0.0 NaN    0    0  
Avianca                                   1    0.0 NaN    0    0  
British Airways*                          1    0.0 NaN    0    0  
COPA                                      1    0.0 NaN    0    0  
Cathay Pacific*                           1    0.0 NaN    0    0  
China Airlines                            1  225.0 NaN  225  225  
Condor                                    1    0.0 NaN    0    0  
Delta / Northwest*                        1   51.0 NaN   51   51  
Egyptair                                  1   14.0 NaN   14   14  
El Al                                     1    0.0 NaN    0    0  
Ethiopian Airlines                        1   92.0 NaN   92   92  
Finnair                                   1    0.0 NaN    0    0  
Garuda Indonesia                          1   22.0 NaN   22   22  
Gulf Air                                  1  143.0 NaN  143  143  
Hawaiian Airlines                         1    0.0 NaN    0    0  
Iberia                                    1    0.0 NaN    0    0  
Japan Airlines                            1    0.0 NaN    0    0  
KLM*                                      1    0.0 NaN    0    0  
Kenya Airways                             1  283.0 NaN  283  283  
Korean Air                                1    0.0 NaN    0    0  
LAN Airlines                              1    0.0 NaN    0    0  
Lufthansa*                                1    0.0 NaN    0    0  
Malaysia Airlines                         1  537.0 NaN  537  537  
Pakistan International                    1   46.0 NaN   46   46  
Philippine Airlines                       1    1.0 NaN    1    1  
Qantas*                                   1    0.0 NaN    0    0  
Royal Air Maroc                           1    0.0 NaN    0    0  
SAS*                                      1  110.0 NaN  110  110  
SWISS*                                    1    0.0 NaN    0    0  
Saudi Arabian                             1    0.0 NaN    0    0  
Singapore Airlines                        1   83.0 NaN   83   83  
South African                             1    0.0 NaN    0    0  
Southwest Airlines                        1    0.0 NaN    0    0  
Sri Lankan / AirLanka                     1    0.0 NaN    0    0  
TACA                                      1    3.0 NaN    3    3  
TAM                                       1  188.0 NaN  188  188  
TAP - Air Portugal                        1    0.0 NaN    0    0  
Thai Airways                              1    1.0 NaN    1    1  
Turkish Airlines                          1   84.0 NaN   84   84  
US Airways / America West*                1   23.0 NaN   23   23  
United / Continental*                     1  109.0 NaN  109  109  
Vietnam Airlines                          1    0.0 NaN    0    0  
Virgin Atlantic                           1    0.0 NaN    0    0  
Xiamen Airlines                           1    0.0 NaN    0    0  
2026-06-09 12:44:44 | INFO | P06-NB | --------------- Improving the output ---------------
2026-06-09 12:44:44 | DEBUG | P06-NB | 
                                        count         mean  std        min        max
airline                                                                              
Aer Lingus      avail_seat_km_per_week      1  320906734.0  NaN  320906734  320906734
                incidents_85_99             1          2.0  NaN          2          2
                fatal_accidents_85_99       1          0.0  NaN          0          0
                incidents_00_14             1          0.0  NaN          0          0
                fatalities_00_14            1          0.0  NaN          0          0
...                                       ...          ...  ...        ...        ...
Xiamen Airlines avail_seat_km_per_week      1  430462962.0  NaN  430462962  430462962
                incidents_85_99             1          9.0  NaN          9          9
                fatal_accidents_85_99       1          1.0  NaN          1          1
                incidents_00_14             1          2.0  NaN          2          2
                fatalities_00_14            1          0.0  NaN          0          0

[280 rows x 5 columns]
2026-06-09 12:44:44 | INFO | P06-NB | Computing correlation matrix for numeric columns
2026-06-09 12:44:44 | INFO | P06-NB | 
Correlation matrix:
2026-06-09 12:44:44 | DEBUG | P06-NB | 
                        avail_seat_km_per_week  incidents_85_99  fatal_accidents_85_99  incidents_00_14  \
avail_seat_km_per_week                1.000000         0.279538               0.468300         0.725917   
incidents_85_99                       0.279538         1.000000               0.856991         0.403009   
fatal_accidents_85_99                 0.468300         0.856991               1.000000         0.572923   
incidents_00_14                       0.725917         0.403009               0.572923         1.000000   
fatalities_00_14                      0.228484         0.195337               0.186985         0.282009   

                        fatalities_00_14  
avail_seat_km_per_week          0.228484  
incidents_85_99                 0.195337  
fatal_accidents_85_99           0.186985  
incidents_00_14                 0.282009  
fatalities_00_14                1.000000  
2026-06-09 12:44:44 | INFO | P06-NB | ---------Visualize Correlation Matrix as a Heatmap---------------
2026-06-09 12:44:45 | INFO | P06-NB | ---- Creating Scatter Plot to see Relationships ------
2026-06-09 12:44:45 | INFO | P06-NB | ----   Use clean dataframe ---------------------------
2026-06-09 12:44:45 | INFO | P06-NB | ----   Set x to Available seat km per week -----------------------
2026-06-09 12:44:45 | INFO | P06-NB | ----   Set y to Incidents (2000–2014) --------------------------
2026-06-09 12:44:45 | INFO | P06-NB | ----   Set the hue (color mapping) to the group column --
2026-06-09 12:44:45 | INFO | P06-NB | ------- Creating another chart -------
2026-06-09 12:44:45 | INFO | P06-NB | ------ Creating Box Plot to see Distribution: ---------
2026-06-09 12:44:45 | INFO | P06-NB | ------   Use clean dataframe --------------------------
2026-06-09 12:44:45 | INFO | P06-NB | ------   Set x to the group column --------------------
2026-06-09 12:44:45 | INFO | P06-NB | ------   Set y to Fatalities (2000–2014) ----------------------
2026-06-09 12:44:45 | INFO | P06-NB | ========================
2026-06-09 12:44:45 | INFO | P06-NB | SUMMARY
2026-06-09 12:44:45 | INFO | P06-NB | ========================
2026-06-09 12:44:45 | INFO | P06-NB | Dataset: airline-safety
2026-06-09 12:44:45 | INFO | P06-NB | Original rows: 56
2026-06-09 12:44:45 | INFO | P06-NB | Clean rows:    56
2026-06-09 12:44:45 | INFO | P06-NB | Groups found in airline: ['Aer Lingus', 'Aeroflot*', 'Aerolineas Argentinas', 'Aeromexico*', 'Air Canada', 'Air France', 'Air India*', 'Air New Zealand*', 'Alaska Airlines*', 'Alitalia', 'All Nippon Airways', 'American*', 'Austrian Airlines', 'Avianca', 'British Airways*', 'COPA', 'Cathay Pacific*', 'China Airlines', 'Condor', 'Delta / Northwest*', 'Egyptair', 'El Al', 'Ethiopian Airlines', 'Finnair', 'Garuda Indonesia', 'Gulf Air', 'Hawaiian Airlines', 'Iberia', 'Japan Airlines', 'KLM*', 'Kenya Airways', 'Korean Air', 'LAN Airlines', 'Lufthansa*', 'Malaysia Airlines', 'Pakistan International', 'Philippine Airlines', 'Qantas*', 'Royal Air Maroc', 'SAS*', 'SWISS*', 'Saudi Arabian', 'Singapore Airlines', 'South African', 'Southwest Airlines', 'Sri Lankan / AirLanka', 'TACA', 'TAM', 'TAP - Air Portugal', 'Thai Airways', 'Turkish Airlines', 'US Airways / America West*', 'United / Continental*', 'Vietnam Airlines', 'Virgin Atlantic', 'Xiamen Airlines']
2026-06-09 12:44:45 | INFO | P06-NB | ======================
2026-06-09 12:44:45 | INFO | P06-NB | Review the results. 
2026-06-09 12:44:45 | INFO | P06-NB | Determine the strongest correlations. 
2026-06-09 12:44:45 | INFO | P06-NB | ======================
2026-06-09 12:44:45 | INFO | P06-NB | Look for interesting patterns in the charts. 
2026-06-09 12:44:45 | INFO | P06-NB | Repeat the process, exploring additional angles.
2026-06-09 12:44:45 | INFO | P06-NB | After finding interesting insights, conclude your analysis.
2026-06-09 12:44:45 | INFO | P06-NB | ======================
2026-06-09 12:44:45 | INFO | P06-NB | Include instructions and specifics in your README.md file.
2026-06-09 12:44:45 | INFO | P06-NB | Write up your narrative on your docs/index.md file.
2026-06-09 12:44:45 | INFO | P06-NB | Include your next step suggestions for further analysis or modeling.
2026-06-09 12:44:45 | INFO | P06-NB | ======================
2026-06-09 12:44:45 | INFO | P06-NB | EDA workflow complete
2026-06-09 12:44:45 | INFO | P06-NB | ========================
2026-06-09 12:44:45 | INFO | P06-NB | Executed successfully!
2026-06-09 12:44:45 | INFO | P06-NB | ========================
2026-06-09 12:45:51 | INFO | P06-NB | Building starter data dictionary
2026-06-09 12:45:51 | DEBUG | P06-NB | 
                   column  dtype  missing_count  missing_pct
0                 airline    str              0          0.0
1  avail_seat_km_per_week  int64              0          0.0
2         incidents_85_99  int64              0          0.0
3   fatal_accidents_85_99  int64              0          0.0
4        fatalities_85_99  int64              0          0.0
5         incidents_00_14  int64              0          0.0
6   fatal_accidents_00_14  int64              0          0.0
7        fatalities_00_14  int64              0          0.0
2026-06-09 12:45:51 | INFO | P06-NB | Missing values per column:
2026-06-09 12:45:51 | INFO | P06-NB | airline                   0
avail_seat_km_per_week    0
incidents_85_99           0
fatal_accidents_85_99     0
fatalities_85_99          0
incidents_00_14           0
fatal_accidents_00_14     0
fatalities_00_14          0
dtype: int64
2026-06-09 12:45:51 | INFO | P06-NB | Checking missing values per column
2026-06-09 12:45:51 | DEBUG | P06-NB | 
airline                   0
avail_seat_km_per_week    0
incidents_85_99           0
fatal_accidents_85_99     0
fatalities_85_99          0
incidents_00_14           0
fatal_accidents_00_14     0
fatalities_00_14          0
dtype: int64
2026-06-09 12:45:51 | INFO | P06-NB | Duplicate rows detected: 0
2026-06-09 12:45:51 | INFO | P06-NB | Call describe() for numeric columns
2026-06-09 12:45:51 | DEBUG | P06-NB | 
       avail_seat_km_per_week  incidents_85_99  fatal_accidents_85_99  incidents_00_14  fatalities_00_14
count            5.600000e+01        56.000000              56.000000        56.000000         56.000000
mean             1.384621e+09         7.178571               2.178571         4.125000         55.517857
std              1.465317e+09        11.035656               2.861069         4.544977        111.332751
min              2.593733e+08         0.000000               0.000000         0.000000          0.000000
25%              4.740362e+08         2.000000               0.000000         1.000000          0.000000
50%              8.029089e+08         4.000000               1.000000         3.000000          0.000000
75%              1.847239e+09         8.000000               3.000000         5.250000         83.250000
max              7.139291e+09        76.000000              14.000000        24.000000        537.000000

2026-06-09 12:45:51 | DEBUG | P06-NB | Columns required to be non-missing: ['avail_seat_km_per_week', 'incidents_85_99', 'fatal_accidents_85_99', 'incidents_00_14', 'fatalities_00_14', 'airline']
2026-06-09 12:45:51 | INFO | P06-NB | Original rows: 56
2026-06-09 12:45:51 | INFO | P06-NB | Clean rows:    56
2026-06-09 12:45:51 | INFO | P06-NB | Rows dropped:  0
2026-06-09 12:45:51 | INFO | P06-NB | --------------- Manual statistics ---------------
2026-06-09 12:45:51 | DEBUG | P06-NB | incidents_00_14 Statistics (using numpy):
2026-06-09 12:45:51 | DEBUG | P06-NB |   Mean: 4.12
2026-06-09 12:45:51 | DEBUG | P06-NB |   Std Dev: 4.50
2026-06-09 12:45:51 | DEBUG | P06-NB |   Min: 0.00
2026-06-09 12:45:51 | DEBUG | P06-NB |   Max: 24.00
2026-06-09 12:45:51 | DEBUG | P06-NB |   Range: 24.00
2026-06-09 12:45:51 | INFO | P06-NB | Computing overall descriptive statistics
2026-06-09 12:45:51 | DEBUG | P06-NB | 
                        count          mean           std          min           25%          50%           75%  \
avail_seat_km_per_week   56.0  1.384621e+09  1.465317e+09  259373346.0  4.740362e+08  802908893.0  1.847239e+09   
incidents_85_99          56.0  7.178571e+00  1.103566e+01          0.0  2.000000e+00          4.0  8.000000e+00   
fatal_accidents_85_99    56.0  2.178571e+00  2.861069e+00          0.0  0.000000e+00          1.0  3.000000e+00   
incidents_00_14          56.0  4.125000e+00  4.544977e+00          0.0  1.000000e+00          3.0  5.250000e+00   
fatalities_00_14         56.0  5.551786e+01  1.113328e+02          0.0  0.000000e+00          0.0  8.325000e+01   

                                 max  
avail_seat_km_per_week  7.139291e+09  
incidents_85_99         7.600000e+01  
fatal_accidents_85_99   1.400000e+01  
incidents_00_14         2.400000e+01  
fatalities_00_14        5.370000e+02  
2026-06-09 12:45:51 | INFO | P06-NB | --------------- Using pandas groupby() and agg() ---------------
2026-06-09 12:45:51 | INFO | P06-NB | Computing descriptive statistics by group
2026-06-09 12:45:51 | DEBUG | P06-NB | 
                           avail_seat_km_per_week                                           incidents_85_99            \
                                            count          mean std         min         max           count  mean std   
airline                                                                                                                 
Aer Lingus                                      1  3.209067e+08 NaN   320906734   320906734               1   2.0 NaN   
Aeroflot*                                       1  1.197672e+09 NaN  1197672318  1197672318               1  76.0 NaN   
Aerolineas Argentinas                           1  3.858036e+08 NaN   385803648   385803648               1   6.0 NaN   
Aeromexico*                                     1  5.968718e+08 NaN   596871813   596871813               1   3.0 NaN   
Air Canada                                      1  1.865254e+09 NaN  1865253802  1865253802               1   2.0 NaN   
Air France                                      1  3.004003e+09 NaN  3004002661  3004002661               1  14.0 NaN   
Air India*                                      1  8.692536e+08 NaN   869253552   869253552               1   2.0 NaN   
Air New Zealand*                                1  7.101748e+08 NaN   710174817   710174817               1   3.0 NaN   
Alaska Airlines*                                1  9.653468e+08 NaN   965346773   965346773               1   5.0 NaN   
Alitalia                                        1  6.980125e+08 NaN   698012498   698012498               1   7.0 NaN   
All Nippon Airways                              1  1.841234e+09 NaN  1841234177  1841234177               1   3.0 NaN   
American*                                       1  5.228357e+09 NaN  5228357340  5228357340               1  21.0 NaN   
Austrian Airlines                               1  3.582398e+08 NaN   358239823   358239823               1   1.0 NaN   
Avianca                                         1  3.969226e+08 NaN   396922563   396922563               1   5.0 NaN   
British Airways*                                1  3.179761e+09 NaN  3179760952  3179760952               1   4.0 NaN   
COPA                                            1  5.504915e+08 NaN   550491507   550491507               1   3.0 NaN   
Cathay Pacific*                                 1  2.582459e+09 NaN  2582459303  2582459303               1   0.0 NaN   
China Airlines                                  1  8.132165e+08 NaN   813216487   813216487               1  12.0 NaN   
Condor                                          1  4.179826e+08 NaN   417982610   417982610               1   2.0 NaN   
Delta / Northwest*                              1  6.525659e+09 NaN  6525658894  6525658894               1  24.0 NaN   
Egyptair                                        1  5.576999e+08 NaN   557699891   557699891               1   8.0 NaN   
El Al                                           1  3.354480e+08 NaN   335448023   335448023               1   1.0 NaN   
Ethiopian Airlines                              1  4.885606e+08 NaN   488560643   488560643               1  25.0 NaN   
Finnair                                         1  5.064650e+08 NaN   506464950   506464950               1   1.0 NaN   
Garuda Indonesia                                1  6.133567e+08 NaN   613356665   613356665               1  10.0 NaN   
Gulf Air                                        1  3.013798e+08 NaN   301379762   301379762               1   1.0 NaN   
Hawaiian Airlines                               1  4.938778e+08 NaN   493877795   493877795               1   0.0 NaN   
Iberia                                          1  1.173203e+09 NaN  1173203126  1173203126               1   4.0 NaN   
Japan Airlines                                  1  1.574218e+09 NaN  1574217531  1574217531               1   3.0 NaN   
KLM*                                            1  1.874562e+09 NaN  1874561773  1874561773               1   7.0 NaN   
Kenya Airways                                   1  2.774148e+08 NaN   277414794   277414794               1   2.0 NaN   
Korean Air                                      1  1.734523e+09 NaN  1734522605  1734522605               1  12.0 NaN   
LAN Airlines                                    1  1.001966e+09 NaN  1001965891  1001965891               1   3.0 NaN   
Lufthansa*                                      1  3.426530e+09 NaN  3426529504  3426529504               1   6.0 NaN   
Malaysia Airlines                               1  1.039171e+09 NaN  1039171244  1039171244               1   3.0 NaN   
Pakistan International                          1  3.485631e+08 NaN   348563137   348563137               1   8.0 NaN   
Philippine Airlines                             1  4.130072e+08 NaN   413007158   413007158               1   7.0 NaN   
Qantas*                                         1  1.917429e+09 NaN  1917428984  1917428984               1   1.0 NaN   
Royal Air Maroc                                 1  2.957053e+08 NaN   295705339   295705339               1   5.0 NaN   
SAS*                                            1  6.829719e+08 NaN   682971852   682971852               1   5.0 NaN   
SWISS*                                          1  7.926013e+08 NaN   792601299   792601299               1   2.0 NaN   
Saudi Arabian                                   1  8.596739e+08 NaN   859673901   859673901               1   7.0 NaN   
Singapore Airlines                              1  2.376858e+09 NaN  2376857805  2376857805               1   2.0 NaN   
South African                                   1  6.515024e+08 NaN   651502442   651502442               1   2.0 NaN   
Southwest Airlines                              1  3.276526e+09 NaN  3276525770  3276525770               1   1.0 NaN   
Sri Lankan / AirLanka                           1  3.255830e+08 NaN   325582976   325582976               1   2.0 NaN   
TACA                                            1  2.593733e+08 NaN   259373346   259373346               1   3.0 NaN   
TAM                                             1  1.509196e+09 NaN  1509195646  1509195646               1   8.0 NaN   
TAP - Air Portugal                              1  6.191308e+08 NaN   619130754   619130754               1   0.0 NaN   
Thai Airways                                    1  1.702802e+09 NaN  1702802250  1702802250               1   8.0 NaN   
Turkish Airlines                                1  1.946098e+09 NaN  1946098294  1946098294               1   8.0 NaN   
US Airways / America West*                      1  2.455688e+09 NaN  2455687887  2455687887               1  16.0 NaN   
United / Continental*                           1  7.139291e+09 NaN  7139291291  7139291291               1  19.0 NaN   
Vietnam Airlines                                1  6.250849e+08 NaN   625084918   625084918               1   7.0 NaN   
Virgin Atlantic                                 1  1.005249e+09 NaN  1005248585  1005248585               1   1.0 NaN   
Xiamen Airlines                                 1  4.304630e+08 NaN   430462962   430462962               1   9.0 NaN   

                                   fatal_accidents_85_99                   incidents_00_14                    \
                           min max                 count  mean std min max           count  mean std min max   
airline                                                                                                        
Aer Lingus                   2   2                     1   0.0 NaN   0   0               1   0.0 NaN   0   0   
Aeroflot*                   76  76                     1  14.0 NaN  14  14               1   6.0 NaN   6   6   
Aerolineas Argentinas        6   6                     1   0.0 NaN   0   0               1   1.0 NaN   1   1   
Aeromexico*                  3   3                     1   1.0 NaN   1   1               1   5.0 NaN   5   5   
Air Canada                   2   2                     1   0.0 NaN   0   0               1   2.0 NaN   2   2   
Air France                  14  14                     1   4.0 NaN   4   4               1   6.0 NaN   6   6   
Air India*                   2   2                     1   1.0 NaN   1   1               1   4.0 NaN   4   4   
Air New Zealand*             3   3                     1   0.0 NaN   0   0               1   5.0 NaN   5   5   
Alaska Airlines*             5   5                     1   0.0 NaN   0   0               1   5.0 NaN   5   5   
Alitalia                     7   7                     1   2.0 NaN   2   2               1   4.0 NaN   4   4   
All Nippon Airways           3   3                     1   1.0 NaN   1   1               1   7.0 NaN   7   7   
American*                   21  21                     1   5.0 NaN   5   5               1  17.0 NaN  17  17   
Austrian Airlines            1   1                     1   0.0 NaN   0   0               1   1.0 NaN   1   1   
Avianca                      5   5                     1   3.0 NaN   3   3               1   0.0 NaN   0   0   
British Airways*             4   4                     1   0.0 NaN   0   0               1   6.0 NaN   6   6   
COPA                         3   3                     1   1.0 NaN   1   1               1   0.0 NaN   0   0   
Cathay Pacific*              0   0                     1   0.0 NaN   0   0               1   2.0 NaN   2   2   
China Airlines              12  12                     1   6.0 NaN   6   6               1   2.0 NaN   2   2   
Condor                       2   2                     1   1.0 NaN   1   1               1   0.0 NaN   0   0   
Delta / Northwest*          24  24                     1  12.0 NaN  12  12               1  24.0 NaN  24  24   
Egyptair                     8   8                     1   3.0 NaN   3   3               1   4.0 NaN   4   4   
El Al                        1   1                     1   1.0 NaN   1   1               1   1.0 NaN   1   1   
Ethiopian Airlines          25  25                     1   5.0 NaN   5   5               1   5.0 NaN   5   5   
Finnair                      1   1                     1   0.0 NaN   0   0               1   0.0 NaN   0   0   
Garuda Indonesia            10  10                     1   3.0 NaN   3   3               1   4.0 NaN   4   4   
Gulf Air                     1   1                     1   0.0 NaN   0   0               1   3.0 NaN   3   3   
Hawaiian Airlines            0   0                     1   0.0 NaN   0   0               1   1.0 NaN   1   1   
Iberia                       4   4                     1   1.0 NaN   1   1               1   5.0 NaN   5   5   
Japan Airlines               3   3                     1   1.0 NaN   1   1               1   0.0 NaN   0   0   
KLM*                         7   7                     1   1.0 NaN   1   1               1   1.0 NaN   1   1   
Kenya Airways                2   2                     1   0.0 NaN   0   0               1   2.0 NaN   2   2   
Korean Air                  12  12                     1   5.0 NaN   5   5               1   1.0 NaN   1   1   
LAN Airlines                 3   3                     1   2.0 NaN   2   2               1   0.0 NaN   0   0   
Lufthansa*                   6   6                     1   1.0 NaN   1   1               1   3.0 NaN   3   3   
Malaysia Airlines            3   3                     1   1.0 NaN   1   1               1   3.0 NaN   3   3   
Pakistan International       8   8                     1   3.0 NaN   3   3               1  10.0 NaN  10  10   
Philippine Airlines          7   7                     1   4.0 NaN   4   4               1   2.0 NaN   2   2   
Qantas*                      1   1                     1   0.0 NaN   0   0               1   5.0 NaN   5   5   
Royal Air Maroc              5   5                     1   3.0 NaN   3   3               1   3.0 NaN   3   3   
SAS*                         5   5                     1   0.0 NaN   0   0               1   6.0 NaN   6   6   
SWISS*                       2   2                     1   1.0 NaN   1   1               1   3.0 NaN   3   3   
Saudi Arabian                7   7                     1   2.0 NaN   2   2               1  11.0 NaN  11  11   
Singapore Airlines           2   2                     1   2.0 NaN   2   2               1   2.0 NaN   2   2   
South African                2   2                     1   1.0 NaN   1   1               1   1.0 NaN   1   1   
Southwest Airlines           1   1                     1   0.0 NaN   0   0               1   8.0 NaN   8   8   
Sri Lankan / AirLanka        2   2                     1   1.0 NaN   1   1               1   4.0 NaN   4   4   
TACA                         3   3                     1   1.0 NaN   1   1               1   1.0 NaN   1   1   
TAM                          8   8                     1   3.0 NaN   3   3               1   7.0 NaN   7   7   
TAP - Air Portugal           0   0                     1   0.0 NaN   0   0               1   0.0 NaN   0   0   
Thai Airways                 8   8                     1   4.0 NaN   4   4               1   2.0 NaN   2   2   
Turkish Airlines             8   8                     1   3.0 NaN   3   3               1   8.0 NaN   8   8   
US Airways / America West*  16  16                     1   7.0 NaN   7   7               1  11.0 NaN  11  11   
United / Continental*       19  19                     1   8.0 NaN   8   8               1  14.0 NaN  14  14   
Vietnam Airlines             7   7                     1   3.0 NaN   3   3               1   1.0 NaN   1   1   
Virgin Atlantic              1   1                     1   0.0 NaN   0   0               1   0.0 NaN   0   0   
Xiamen Airlines              9   9                     1   1.0 NaN   1   1               1   2.0 NaN   2   2   

                           fatalities_00_14                       
                                      count   mean std  min  max  
airline                                                           
Aer Lingus                                1    0.0 NaN    0    0  
Aeroflot*                                 1   88.0 NaN   88   88  
Aerolineas Argentinas                     1    0.0 NaN    0    0  
Aeromexico*                               1    0.0 NaN    0    0  
Air Canada                                1    0.0 NaN    0    0  
Air France                                1  337.0 NaN  337  337  
Air India*                                1  158.0 NaN  158  158  
Air New Zealand*                          1    7.0 NaN    7    7  
Alaska Airlines*                          1   88.0 NaN   88   88  
Alitalia                                  1    0.0 NaN    0    0  
All Nippon Airways                        1    0.0 NaN    0    0  
American*                                 1  416.0 NaN  416  416  
Austrian Airlines                         1    0.0 NaN    0    0  
Avianca                                   1    0.0 NaN    0    0  
British Airways*                          1    0.0 NaN    0    0  
COPA                                      1    0.0 NaN    0    0  
Cathay Pacific*                           1    0.0 NaN    0    0  
China Airlines                            1  225.0 NaN  225  225  
Condor                                    1    0.0 NaN    0    0  
Delta / Northwest*                        1   51.0 NaN   51   51  
Egyptair                                  1   14.0 NaN   14   14  
El Al                                     1    0.0 NaN    0    0  
Ethiopian Airlines                        1   92.0 NaN   92   92  
Finnair                                   1    0.0 NaN    0    0  
Garuda Indonesia                          1   22.0 NaN   22   22  
Gulf Air                                  1  143.0 NaN  143  143  
Hawaiian Airlines                         1    0.0 NaN    0    0  
Iberia                                    1    0.0 NaN    0    0  
Japan Airlines                            1    0.0 NaN    0    0  
KLM*                                      1    0.0 NaN    0    0  
Kenya Airways                             1  283.0 NaN  283  283  
Korean Air                                1    0.0 NaN    0    0  
LAN Airlines                              1    0.0 NaN    0    0  
Lufthansa*                                1    0.0 NaN    0    0  
Malaysia Airlines                         1  537.0 NaN  537  537  
Pakistan International                    1   46.0 NaN   46   46  
Philippine Airlines                       1    1.0 NaN    1    1  
Qantas*                                   1    0.0 NaN    0    0  
Royal Air Maroc                           1    0.0 NaN    0    0  
SAS*                                      1  110.0 NaN  110  110  
SWISS*                                    1    0.0 NaN    0    0  
Saudi Arabian                             1    0.0 NaN    0    0  
Singapore Airlines                        1   83.0 NaN   83   83  
South African                             1    0.0 NaN    0    0  
Southwest Airlines                        1    0.0 NaN    0    0  
Sri Lankan / AirLanka                     1    0.0 NaN    0    0  
TACA                                      1    3.0 NaN    3    3  
TAM                                       1  188.0 NaN  188  188  
TAP - Air Portugal                        1    0.0 NaN    0    0  
Thai Airways                              1    1.0 NaN    1    1  
Turkish Airlines                          1   84.0 NaN   84   84  
US Airways / America West*                1   23.0 NaN   23   23  
United / Continental*                     1  109.0 NaN  109  109  
Vietnam Airlines                          1    0.0 NaN    0    0  
Virgin Atlantic                           1    0.0 NaN    0    0  
Xiamen Airlines                           1    0.0 NaN    0    0  
2026-06-09 12:45:51 | INFO | P06-NB | --------------- Improving the output ---------------
2026-06-09 12:45:51 | DEBUG | P06-NB | 
                                        count         mean  std        min        max
airline                                                                              
Aer Lingus      avail_seat_km_per_week      1  320906734.0  NaN  320906734  320906734
                incidents_85_99             1          2.0  NaN          2          2
                fatal_accidents_85_99       1          0.0  NaN          0          0
                incidents_00_14             1          0.0  NaN          0          0
                fatalities_00_14            1          0.0  NaN          0          0
...                                       ...          ...  ...        ...        ...
Xiamen Airlines avail_seat_km_per_week      1  430462962.0  NaN  430462962  430462962
                incidents_85_99             1          9.0  NaN          9          9
                fatal_accidents_85_99       1          1.0  NaN          1          1
                incidents_00_14             1          2.0  NaN          2          2
                fatalities_00_14            1          0.0  NaN          0          0

[280 rows x 5 columns]
2026-06-09 12:45:51 | INFO | P06-NB | Computing correlation matrix for numeric columns
2026-06-09 12:45:51 | INFO | P06-NB | 
Correlation matrix:
2026-06-09 12:45:51 | DEBUG | P06-NB | 
                        avail_seat_km_per_week  incidents_85_99  fatal_accidents_85_99  incidents_00_14  \
avail_seat_km_per_week                1.000000         0.279538               0.468300         0.725917   
incidents_85_99                       0.279538         1.000000               0.856991         0.403009   
fatal_accidents_85_99                 0.468300         0.856991               1.000000         0.572923   
incidents_00_14                       0.725917         0.403009               0.572923         1.000000   
fatalities_00_14                      0.228484         0.195337               0.186985         0.282009   

                        fatalities_00_14  
avail_seat_km_per_week          0.228484  
incidents_85_99                 0.195337  
fatal_accidents_85_99           0.186985  
incidents_00_14                 0.282009  
fatalities_00_14                1.000000  
2026-06-09 12:45:51 | INFO | P06-NB | ---------Visualize Correlation Matrix as a Heatmap---------------
2026-06-09 12:45:51 | INFO | P06-NB | ---- Creating Scatter Plot to see Relationships ------
2026-06-09 12:45:51 | INFO | P06-NB | ----   Use clean dataframe ---------------------------
2026-06-09 12:45:51 | INFO | P06-NB | ----   Set x to Available seat km per week -----------------------
2026-06-09 12:45:51 | INFO | P06-NB | ----   Set y to Incidents (2000–2014) --------------------------
2026-06-09 12:45:51 | INFO | P06-NB | ----   Set the hue (color mapping) to the group column --
2026-06-09 12:45:52 | INFO | P06-NB | ------- Creating another chart -------
2026-06-09 12:45:52 | INFO | P06-NB | ------ Creating Box Plot to see Distribution: ---------
2026-06-09 12:45:52 | INFO | P06-NB | ------   Use clean dataframe --------------------------
2026-06-09 12:45:52 | INFO | P06-NB | ------   Set x to the group column --------------------
2026-06-09 12:45:52 | INFO | P06-NB | ------   Set y to Fatalities (2000–2014) ----------------------
2026-06-09 12:45:52 | INFO | P06-NB | ========================
2026-06-09 12:45:52 | INFO | P06-NB | SUMMARY
2026-06-09 12:45:52 | INFO | P06-NB | ========================
2026-06-09 12:45:52 | INFO | P06-NB | Dataset: airline-safety
2026-06-09 12:45:52 | INFO | P06-NB | Original rows: 56
2026-06-09 12:45:52 | INFO | P06-NB | Clean rows:    56
2026-06-09 12:45:52 | INFO | P06-NB | Groups found in airline: ['Aer Lingus', 'Aeroflot*', 'Aerolineas Argentinas', 'Aeromexico*', 'Air Canada', 'Air France', 'Air India*', 'Air New Zealand*', 'Alaska Airlines*', 'Alitalia', 'All Nippon Airways', 'American*', 'Austrian Airlines', 'Avianca', 'British Airways*', 'COPA', 'Cathay Pacific*', 'China Airlines', 'Condor', 'Delta / Northwest*', 'Egyptair', 'El Al', 'Ethiopian Airlines', 'Finnair', 'Garuda Indonesia', 'Gulf Air', 'Hawaiian Airlines', 'Iberia', 'Japan Airlines', 'KLM*', 'Kenya Airways', 'Korean Air', 'LAN Airlines', 'Lufthansa*', 'Malaysia Airlines', 'Pakistan International', 'Philippine Airlines', 'Qantas*', 'Royal Air Maroc', 'SAS*', 'SWISS*', 'Saudi Arabian', 'Singapore Airlines', 'South African', 'Southwest Airlines', 'Sri Lankan / AirLanka', 'TACA', 'TAM', 'TAP - Air Portugal', 'Thai Airways', 'Turkish Airlines', 'US Airways / America West*', 'United / Continental*', 'Vietnam Airlines', 'Virgin Atlantic', 'Xiamen Airlines']
2026-06-09 12:45:52 | INFO | P06-NB | ======================
2026-06-09 12:45:52 | INFO | P06-NB | Review the results. 
2026-06-09 12:45:52 | INFO | P06-NB | Determine the strongest correlations. 
2026-06-09 12:45:52 | INFO | P06-NB | ======================
2026-06-09 12:45:52 | INFO | P06-NB | Look for interesting patterns in the charts. 
2026-06-09 12:45:52 | INFO | P06-NB | Repeat the process, exploring additional angles.
2026-06-09 12:45:52 | INFO | P06-NB | After finding interesting insights, conclude your analysis.
2026-06-09 12:45:52 | INFO | P06-NB | ======================
2026-06-09 12:45:52 | INFO | P06-NB | Include instructions and specifics in your README.md file.
2026-06-09 12:45:52 | INFO | P06-NB | Write up your narrative on your docs/index.md file.
2026-06-09 12:45:52 | INFO | P06-NB | Include your next step suggestions for further analysis or modeling.
2026-06-09 12:45:52 | INFO | P06-NB | ======================
2026-06-09 12:45:52 | INFO | P06-NB | EDA workflow complete
2026-06-09 12:45:52 | INFO | P06-NB | ========================
2026-06-09 12:45:52 | INFO | P06-NB | Executed successfully!
2026-06-09 12:45:52 | INFO | P06-NB | ========================
2026-06-09 12:46:23 | INFO | P06-NB | Missing values per column:
2026-06-09 12:46:23 | INFO | P06-NB | airline                   0
avail_seat_km_per_week    0
incidents_85_99           0
fatal_accidents_85_99     0
fatalities_85_99          0
incidents_00_14           0
fatal_accidents_00_14     0
fatalities_00_14          0
dtype: int64
2026-06-09 12:46:23 | INFO | P06-NB | Checking missing values per column
2026-06-09 12:46:23 | DEBUG | P06-NB | 
airline                   0
avail_seat_km_per_week    0
incidents_85_99           0
fatal_accidents_85_99     0
fatalities_85_99          0
incidents_00_14           0
fatal_accidents_00_14     0
fatalities_00_14          0
dtype: int64
2026-06-09 12:46:23 | INFO | P06-NB | Duplicate rows detected: 0
2026-06-09 12:46:23 | INFO | P06-NB | Call describe() for numeric columns
2026-06-09 12:46:23 | DEBUG | P06-NB | 
       avail_seat_km_per_week  incidents_85_99  fatal_accidents_85_99  incidents_00_14  fatalities_00_14
count            5.600000e+01        56.000000              56.000000        56.000000         56.000000
mean             1.384621e+09         7.178571               2.178571         4.125000         55.517857
std              1.465317e+09        11.035656               2.861069         4.544977        111.332751
min              2.593733e+08         0.000000               0.000000         0.000000          0.000000
25%              4.740362e+08         2.000000               0.000000         1.000000          0.000000
50%              8.029089e+08         4.000000               1.000000         3.000000          0.000000
75%              1.847239e+09         8.000000               3.000000         5.250000         83.250000
max              7.139291e+09        76.000000              14.000000        24.000000        537.000000

2026-06-09 12:46:23 | DEBUG | P06-NB | Columns required to be non-missing: ['avail_seat_km_per_week', 'incidents_85_99', 'fatal_accidents_85_99', 'incidents_00_14', 'fatalities_00_14', 'airline']
2026-06-09 12:46:23 | INFO | P06-NB | Original rows: 56
2026-06-09 12:46:23 | INFO | P06-NB | Clean rows:    56
2026-06-09 12:46:23 | INFO | P06-NB | Rows dropped:  0
2026-06-09 12:46:23 | INFO | P06-NB | --------------- Manual statistics ---------------
2026-06-09 12:46:23 | DEBUG | P06-NB | incidents_00_14 Statistics (using numpy):
2026-06-09 12:46:23 | DEBUG | P06-NB |   Mean: 4.12
2026-06-09 12:46:23 | DEBUG | P06-NB |   Std Dev: 4.50
2026-06-09 12:46:23 | DEBUG | P06-NB |   Min: 0.00
2026-06-09 12:46:23 | DEBUG | P06-NB |   Max: 24.00
2026-06-09 12:46:23 | DEBUG | P06-NB |   Range: 24.00
2026-06-09 12:46:23 | INFO | P06-NB | Computing overall descriptive statistics
2026-06-09 12:46:23 | DEBUG | P06-NB | 
                        count          mean           std          min           25%          50%           75%  \
avail_seat_km_per_week   56.0  1.384621e+09  1.465317e+09  259373346.0  4.740362e+08  802908893.0  1.847239e+09   
incidents_85_99          56.0  7.178571e+00  1.103566e+01          0.0  2.000000e+00          4.0  8.000000e+00   
fatal_accidents_85_99    56.0  2.178571e+00  2.861069e+00          0.0  0.000000e+00          1.0  3.000000e+00   
incidents_00_14          56.0  4.125000e+00  4.544977e+00          0.0  1.000000e+00          3.0  5.250000e+00   
fatalities_00_14         56.0  5.551786e+01  1.113328e+02          0.0  0.000000e+00          0.0  8.325000e+01   

                                 max  
avail_seat_km_per_week  7.139291e+09  
incidents_85_99         7.600000e+01  
fatal_accidents_85_99   1.400000e+01  
incidents_00_14         2.400000e+01  
fatalities_00_14        5.370000e+02  
2026-06-09 12:46:23 | INFO | P06-NB | --------------- Using pandas groupby() and agg() ---------------
2026-06-09 12:46:23 | INFO | P06-NB | Computing descriptive statistics by group
2026-06-09 12:46:23 | DEBUG | P06-NB | 
                           avail_seat_km_per_week                                           incidents_85_99            \
                                            count          mean std         min         max           count  mean std   
airline                                                                                                                 
Aer Lingus                                      1  3.209067e+08 NaN   320906734   320906734               1   2.0 NaN   
Aeroflot*                                       1  1.197672e+09 NaN  1197672318  1197672318               1  76.0 NaN   
Aerolineas Argentinas                           1  3.858036e+08 NaN   385803648   385803648               1   6.0 NaN   
Aeromexico*                                     1  5.968718e+08 NaN   596871813   596871813               1   3.0 NaN   
Air Canada                                      1  1.865254e+09 NaN  1865253802  1865253802               1   2.0 NaN   
Air France                                      1  3.004003e+09 NaN  3004002661  3004002661               1  14.0 NaN   
Air India*                                      1  8.692536e+08 NaN   869253552   869253552               1   2.0 NaN   
Air New Zealand*                                1  7.101748e+08 NaN   710174817   710174817               1   3.0 NaN   
Alaska Airlines*                                1  9.653468e+08 NaN   965346773   965346773               1   5.0 NaN   
Alitalia                                        1  6.980125e+08 NaN   698012498   698012498               1   7.0 NaN   
All Nippon Airways                              1  1.841234e+09 NaN  1841234177  1841234177               1   3.0 NaN   
American*                                       1  5.228357e+09 NaN  5228357340  5228357340               1  21.0 NaN   
Austrian Airlines                               1  3.582398e+08 NaN   358239823   358239823               1   1.0 NaN   
Avianca                                         1  3.969226e+08 NaN   396922563   396922563               1   5.0 NaN   
British Airways*                                1  3.179761e+09 NaN  3179760952  3179760952               1   4.0 NaN   
COPA                                            1  5.504915e+08 NaN   550491507   550491507               1   3.0 NaN   
Cathay Pacific*                                 1  2.582459e+09 NaN  2582459303  2582459303               1   0.0 NaN   
China Airlines                                  1  8.132165e+08 NaN   813216487   813216487               1  12.0 NaN   
Condor                                          1  4.179826e+08 NaN   417982610   417982610               1   2.0 NaN   
Delta / Northwest*                              1  6.525659e+09 NaN  6525658894  6525658894               1  24.0 NaN   
Egyptair                                        1  5.576999e+08 NaN   557699891   557699891               1   8.0 NaN   
El Al                                           1  3.354480e+08 NaN   335448023   335448023               1   1.0 NaN   
Ethiopian Airlines                              1  4.885606e+08 NaN   488560643   488560643               1  25.0 NaN   
Finnair                                         1  5.064650e+08 NaN   506464950   506464950               1   1.0 NaN   
Garuda Indonesia                                1  6.133567e+08 NaN   613356665   613356665               1  10.0 NaN   
Gulf Air                                        1  3.013798e+08 NaN   301379762   301379762               1   1.0 NaN   
Hawaiian Airlines                               1  4.938778e+08 NaN   493877795   493877795               1   0.0 NaN   
Iberia                                          1  1.173203e+09 NaN  1173203126  1173203126               1   4.0 NaN   
Japan Airlines                                  1  1.574218e+09 NaN  1574217531  1574217531               1   3.0 NaN   
KLM*                                            1  1.874562e+09 NaN  1874561773  1874561773               1   7.0 NaN   
Kenya Airways                                   1  2.774148e+08 NaN   277414794   277414794               1   2.0 NaN   
Korean Air                                      1  1.734523e+09 NaN  1734522605  1734522605               1  12.0 NaN   
LAN Airlines                                    1  1.001966e+09 NaN  1001965891  1001965891               1   3.0 NaN   
Lufthansa*                                      1  3.426530e+09 NaN  3426529504  3426529504               1   6.0 NaN   
Malaysia Airlines                               1  1.039171e+09 NaN  1039171244  1039171244               1   3.0 NaN   
Pakistan International                          1  3.485631e+08 NaN   348563137   348563137               1   8.0 NaN   
Philippine Airlines                             1  4.130072e+08 NaN   413007158   413007158               1   7.0 NaN   
Qantas*                                         1  1.917429e+09 NaN  1917428984  1917428984               1   1.0 NaN   
Royal Air Maroc                                 1  2.957053e+08 NaN   295705339   295705339               1   5.0 NaN   
SAS*                                            1  6.829719e+08 NaN   682971852   682971852               1   5.0 NaN   
SWISS*                                          1  7.926013e+08 NaN   792601299   792601299               1   2.0 NaN   
Saudi Arabian                                   1  8.596739e+08 NaN   859673901   859673901               1   7.0 NaN   
Singapore Airlines                              1  2.376858e+09 NaN  2376857805  2376857805               1   2.0 NaN   
South African                                   1  6.515024e+08 NaN   651502442   651502442               1   2.0 NaN   
Southwest Airlines                              1  3.276526e+09 NaN  3276525770  3276525770               1   1.0 NaN   
Sri Lankan / AirLanka                           1  3.255830e+08 NaN   325582976   325582976               1   2.0 NaN   
TACA                                            1  2.593733e+08 NaN   259373346   259373346               1   3.0 NaN   
TAM                                             1  1.509196e+09 NaN  1509195646  1509195646               1   8.0 NaN   
TAP - Air Portugal                              1  6.191308e+08 NaN   619130754   619130754               1   0.0 NaN   
Thai Airways                                    1  1.702802e+09 NaN  1702802250  1702802250               1   8.0 NaN   
Turkish Airlines                                1  1.946098e+09 NaN  1946098294  1946098294               1   8.0 NaN   
US Airways / America West*                      1  2.455688e+09 NaN  2455687887  2455687887               1  16.0 NaN   
United / Continental*                           1  7.139291e+09 NaN  7139291291  7139291291               1  19.0 NaN   
Vietnam Airlines                                1  6.250849e+08 NaN   625084918   625084918               1   7.0 NaN   
Virgin Atlantic                                 1  1.005249e+09 NaN  1005248585  1005248585               1   1.0 NaN   
Xiamen Airlines                                 1  4.304630e+08 NaN   430462962   430462962               1   9.0 NaN   

                                   fatal_accidents_85_99                   incidents_00_14                    \
                           min max                 count  mean std min max           count  mean std min max   
airline                                                                                                        
Aer Lingus                   2   2                     1   0.0 NaN   0   0               1   0.0 NaN   0   0   
Aeroflot*                   76  76                     1  14.0 NaN  14  14               1   6.0 NaN   6   6   
Aerolineas Argentinas        6   6                     1   0.0 NaN   0   0               1   1.0 NaN   1   1   
Aeromexico*                  3   3                     1   1.0 NaN   1   1               1   5.0 NaN   5   5   
Air Canada                   2   2                     1   0.0 NaN   0   0               1   2.0 NaN   2   2   
Air France                  14  14                     1   4.0 NaN   4   4               1   6.0 NaN   6   6   
Air India*                   2   2                     1   1.0 NaN   1   1               1   4.0 NaN   4   4   
Air New Zealand*             3   3                     1   0.0 NaN   0   0               1   5.0 NaN   5   5   
Alaska Airlines*             5   5                     1   0.0 NaN   0   0               1   5.0 NaN   5   5   
Alitalia                     7   7                     1   2.0 NaN   2   2               1   4.0 NaN   4   4   
All Nippon Airways           3   3                     1   1.0 NaN   1   1               1   7.0 NaN   7   7   
American*                   21  21                     1   5.0 NaN   5   5               1  17.0 NaN  17  17   
Austrian Airlines            1   1                     1   0.0 NaN   0   0               1   1.0 NaN   1   1   
Avianca                      5   5                     1   3.0 NaN   3   3               1   0.0 NaN   0   0   
British Airways*             4   4                     1   0.0 NaN   0   0               1   6.0 NaN   6   6   
COPA                         3   3                     1   1.0 NaN   1   1               1   0.0 NaN   0   0   
Cathay Pacific*              0   0                     1   0.0 NaN   0   0               1   2.0 NaN   2   2   
China Airlines              12  12                     1   6.0 NaN   6   6               1   2.0 NaN   2   2   
Condor                       2   2                     1   1.0 NaN   1   1               1   0.0 NaN   0   0   
Delta / Northwest*          24  24                     1  12.0 NaN  12  12               1  24.0 NaN  24  24   
Egyptair                     8   8                     1   3.0 NaN   3   3               1   4.0 NaN   4   4   
El Al                        1   1                     1   1.0 NaN   1   1               1   1.0 NaN   1   1   
Ethiopian Airlines          25  25                     1   5.0 NaN   5   5               1   5.0 NaN   5   5   
Finnair                      1   1                     1   0.0 NaN   0   0               1   0.0 NaN   0   0   
Garuda Indonesia            10  10                     1   3.0 NaN   3   3               1   4.0 NaN   4   4   
Gulf Air                     1   1                     1   0.0 NaN   0   0               1   3.0 NaN   3   3   
Hawaiian Airlines            0   0                     1   0.0 NaN   0   0               1   1.0 NaN   1   1   
Iberia                       4   4                     1   1.0 NaN   1   1               1   5.0 NaN   5   5   
Japan Airlines               3   3                     1   1.0 NaN   1   1               1   0.0 NaN   0   0   
KLM*                         7   7                     1   1.0 NaN   1   1               1   1.0 NaN   1   1   
Kenya Airways                2   2                     1   0.0 NaN   0   0               1   2.0 NaN   2   2   
Korean Air                  12  12                     1   5.0 NaN   5   5               1   1.0 NaN   1   1   
LAN Airlines                 3   3                     1   2.0 NaN   2   2               1   0.0 NaN   0   0   
Lufthansa*                   6   6                     1   1.0 NaN   1   1               1   3.0 NaN   3   3   
Malaysia Airlines            3   3                     1   1.0 NaN   1   1               1   3.0 NaN   3   3   
Pakistan International       8   8                     1   3.0 NaN   3   3               1  10.0 NaN  10  10   
Philippine Airlines          7   7                     1   4.0 NaN   4   4               1   2.0 NaN   2   2   
Qantas*                      1   1                     1   0.0 NaN   0   0               1   5.0 NaN   5   5   
Royal Air Maroc              5   5                     1   3.0 NaN   3   3               1   3.0 NaN   3   3   
SAS*                         5   5                     1   0.0 NaN   0   0               1   6.0 NaN   6   6   
SWISS*                       2   2                     1   1.0 NaN   1   1               1   3.0 NaN   3   3   
Saudi Arabian                7   7                     1   2.0 NaN   2   2               1  11.0 NaN  11  11   
Singapore Airlines           2   2                     1   2.0 NaN   2   2               1   2.0 NaN   2   2   
South African                2   2                     1   1.0 NaN   1   1               1   1.0 NaN   1   1   
Southwest Airlines           1   1                     1   0.0 NaN   0   0               1   8.0 NaN   8   8   
Sri Lankan / AirLanka        2   2                     1   1.0 NaN   1   1               1   4.0 NaN   4   4   
TACA                         3   3                     1   1.0 NaN   1   1               1   1.0 NaN   1   1   
TAM                          8   8                     1   3.0 NaN   3   3               1   7.0 NaN   7   7   
TAP - Air Portugal           0   0                     1   0.0 NaN   0   0               1   0.0 NaN   0   0   
Thai Airways                 8   8                     1   4.0 NaN   4   4               1   2.0 NaN   2   2   
Turkish Airlines             8   8                     1   3.0 NaN   3   3               1   8.0 NaN   8   8   
US Airways / America West*  16  16                     1   7.0 NaN   7   7               1  11.0 NaN  11  11   
United / Continental*       19  19                     1   8.0 NaN   8   8               1  14.0 NaN  14  14   
Vietnam Airlines             7   7                     1   3.0 NaN   3   3               1   1.0 NaN   1   1   
Virgin Atlantic              1   1                     1   0.0 NaN   0   0               1   0.0 NaN   0   0   
Xiamen Airlines              9   9                     1   1.0 NaN   1   1               1   2.0 NaN   2   2   

                           fatalities_00_14                       
                                      count   mean std  min  max  
airline                                                           
Aer Lingus                                1    0.0 NaN    0    0  
Aeroflot*                                 1   88.0 NaN   88   88  
Aerolineas Argentinas                     1    0.0 NaN    0    0  
Aeromexico*                               1    0.0 NaN    0    0  
Air Canada                                1    0.0 NaN    0    0  
Air France                                1  337.0 NaN  337  337  
Air India*                                1  158.0 NaN  158  158  
Air New Zealand*                          1    7.0 NaN    7    7  
Alaska Airlines*                          1   88.0 NaN   88   88  
Alitalia                                  1    0.0 NaN    0    0  
All Nippon Airways                        1    0.0 NaN    0    0  
American*                                 1  416.0 NaN  416  416  
Austrian Airlines                         1    0.0 NaN    0    0  
Avianca                                   1    0.0 NaN    0    0  
British Airways*                          1    0.0 NaN    0    0  
COPA                                      1    0.0 NaN    0    0  
Cathay Pacific*                           1    0.0 NaN    0    0  
China Airlines                            1  225.0 NaN  225  225  
Condor                                    1    0.0 NaN    0    0  
Delta / Northwest*                        1   51.0 NaN   51   51  
Egyptair                                  1   14.0 NaN   14   14  
El Al                                     1    0.0 NaN    0    0  
Ethiopian Airlines                        1   92.0 NaN   92   92  
Finnair                                   1    0.0 NaN    0    0  
Garuda Indonesia                          1   22.0 NaN   22   22  
Gulf Air                                  1  143.0 NaN  143  143  
Hawaiian Airlines                         1    0.0 NaN    0    0  
Iberia                                    1    0.0 NaN    0    0  
Japan Airlines                            1    0.0 NaN    0    0  
KLM*                                      1    0.0 NaN    0    0  
Kenya Airways                             1  283.0 NaN  283  283  
Korean Air                                1    0.0 NaN    0    0  
LAN Airlines                              1    0.0 NaN    0    0  
Lufthansa*                                1    0.0 NaN    0    0  
Malaysia Airlines                         1  537.0 NaN  537  537  
Pakistan International                    1   46.0 NaN   46   46  
Philippine Airlines                       1    1.0 NaN    1    1  
Qantas*                                   1    0.0 NaN    0    0  
Royal Air Maroc                           1    0.0 NaN    0    0  
SAS*                                      1  110.0 NaN  110  110  
SWISS*                                    1    0.0 NaN    0    0  
Saudi Arabian                             1    0.0 NaN    0    0  
Singapore Airlines                        1   83.0 NaN   83   83  
South African                             1    0.0 NaN    0    0  
Southwest Airlines                        1    0.0 NaN    0    0  
Sri Lankan / AirLanka                     1    0.0 NaN    0    0  
TACA                                      1    3.0 NaN    3    3  
TAM                                       1  188.0 NaN  188  188  
TAP - Air Portugal                        1    0.0 NaN    0    0  
Thai Airways                              1    1.0 NaN    1    1  
Turkish Airlines                          1   84.0 NaN   84   84  
US Airways / America West*                1   23.0 NaN   23   23  
United / Continental*                     1  109.0 NaN  109  109  
Vietnam Airlines                          1    0.0 NaN    0    0  
Virgin Atlantic                           1    0.0 NaN    0    0  
Xiamen Airlines                           1    0.0 NaN    0    0  
2026-06-09 12:46:23 | INFO | P06-NB | --------------- Improving the output ---------------
2026-06-09 12:46:23 | DEBUG | P06-NB | 
                                        count         mean  std        min        max
airline                                                                              
Aer Lingus      avail_seat_km_per_week      1  320906734.0  NaN  320906734  320906734
                incidents_85_99             1          2.0  NaN          2          2
                fatal_accidents_85_99       1          0.0  NaN          0          0
                incidents_00_14             1          0.0  NaN          0          0
                fatalities_00_14            1          0.0  NaN          0          0
...                                       ...          ...  ...        ...        ...
Xiamen Airlines avail_seat_km_per_week      1  430462962.0  NaN  430462962  430462962
                incidents_85_99             1          9.0  NaN          9          9
                fatal_accidents_85_99       1          1.0  NaN          1          1
                incidents_00_14             1          2.0  NaN          2          2
                fatalities_00_14            1          0.0  NaN          0          0

[280 rows x 5 columns]
2026-06-09 12:46:23 | INFO | P06-NB | Computing correlation matrix for numeric columns
2026-06-09 12:46:23 | INFO | P06-NB | 
Correlation matrix:
2026-06-09 12:46:23 | DEBUG | P06-NB | 
                        avail_seat_km_per_week  incidents_85_99  fatal_accidents_85_99  incidents_00_14  \
avail_seat_km_per_week                1.000000         0.279538               0.468300         0.725917   
incidents_85_99                       0.279538         1.000000               0.856991         0.403009   
fatal_accidents_85_99                 0.468300         0.856991               1.000000         0.572923   
incidents_00_14                       0.725917         0.403009               0.572923         1.000000   
fatalities_00_14                      0.228484         0.195337               0.186985         0.282009   

                        fatalities_00_14  
avail_seat_km_per_week          0.228484  
incidents_85_99                 0.195337  
fatal_accidents_85_99           0.186985  
incidents_00_14                 0.282009  
fatalities_00_14                1.000000  
2026-06-09 12:46:23 | INFO | P06-NB | ---------Visualize Correlation Matrix as a Heatmap---------------
2026-06-09 12:46:23 | INFO | P06-NB | ---- Creating Scatter Plot to see Relationships ------
2026-06-09 12:46:23 | INFO | P06-NB | ----   Use clean dataframe ---------------------------
2026-06-09 12:46:23 | INFO | P06-NB | ----   Set x to Available seat km per week -----------------------
2026-06-09 12:46:23 | INFO | P06-NB | ----   Set y to Incidents (2000–2014) --------------------------
2026-06-09 12:46:23 | INFO | P06-NB | ----   Set the hue (color mapping) to the group column --
2026-06-09 12:46:23 | INFO | P06-NB | ------- Creating another chart -------
2026-06-09 12:46:23 | INFO | P06-NB | ------ Creating Box Plot to see Distribution: ---------
2026-06-09 12:46:23 | INFO | P06-NB | ------   Use clean dataframe --------------------------
2026-06-09 12:46:23 | INFO | P06-NB | ------   Set x to the group column --------------------
2026-06-09 12:46:23 | INFO | P06-NB | ------   Set y to Fatalities (2000–2014) ----------------------
2026-06-09 12:46:24 | INFO | P06-NB | ========================
2026-06-09 12:46:24 | INFO | P06-NB | SUMMARY
2026-06-09 12:46:24 | INFO | P06-NB | ========================
2026-06-09 12:46:24 | INFO | P06-NB | Dataset: airline-safety
2026-06-09 12:46:24 | INFO | P06-NB | Original rows: 56
2026-06-09 12:46:24 | INFO | P06-NB | Clean rows:    56
2026-06-09 12:46:24 | INFO | P06-NB | Groups found in airline: ['Aer Lingus', 'Aeroflot*', 'Aerolineas Argentinas', 'Aeromexico*', 'Air Canada', 'Air France', 'Air India*', 'Air New Zealand*', 'Alaska Airlines*', 'Alitalia', 'All Nippon Airways', 'American*', 'Austrian Airlines', 'Avianca', 'British Airways*', 'COPA', 'Cathay Pacific*', 'China Airlines', 'Condor', 'Delta / Northwest*', 'Egyptair', 'El Al', 'Ethiopian Airlines', 'Finnair', 'Garuda Indonesia', 'Gulf Air', 'Hawaiian Airlines', 'Iberia', 'Japan Airlines', 'KLM*', 'Kenya Airways', 'Korean Air', 'LAN Airlines', 'Lufthansa*', 'Malaysia Airlines', 'Pakistan International', 'Philippine Airlines', 'Qantas*', 'Royal Air Maroc', 'SAS*', 'SWISS*', 'Saudi Arabian', 'Singapore Airlines', 'South African', 'Southwest Airlines', 'Sri Lankan / AirLanka', 'TACA', 'TAM', 'TAP - Air Portugal', 'Thai Airways', 'Turkish Airlines', 'US Airways / America West*', 'United / Continental*', 'Vietnam Airlines', 'Virgin Atlantic', 'Xiamen Airlines']
2026-06-09 12:46:24 | INFO | P06-NB | ======================
2026-06-09 12:46:24 | INFO | P06-NB | Review the results. 
2026-06-09 12:46:24 | INFO | P06-NB | Determine the strongest correlations. 
2026-06-09 12:46:24 | INFO | P06-NB | ======================
2026-06-09 12:46:24 | INFO | P06-NB | Look for interesting patterns in the charts. 
2026-06-09 12:46:24 | INFO | P06-NB | Repeat the process, exploring additional angles.
2026-06-09 12:46:24 | INFO | P06-NB | After finding interesting insights, conclude your analysis.
2026-06-09 12:46:24 | INFO | P06-NB | ======================
2026-06-09 12:46:24 | INFO | P06-NB | Include instructions and specifics in your README.md file.
2026-06-09 12:46:24 | INFO | P06-NB | Write up your narrative on your docs/index.md file.
2026-06-09 12:46:24 | INFO | P06-NB | Include your next step suggestions for further analysis or modeling.
2026-06-09 12:46:24 | INFO | P06-NB | ======================
2026-06-09 12:46:24 | INFO | P06-NB | EDA workflow complete
2026-06-09 12:46:24 | INFO | P06-NB | ========================
2026-06-09 12:46:24 | INFO | P06-NB | Executed successfully!
2026-06-09 12:46:24 | INFO | P06-NB | ========================
2026-06-09 12:47:34 | DEBUG | P06-NB | Columns required to be non-missing: ['avail_seat_km_per_week', 'incidents_85_99', 'fatal_accidents_85_99', 'incidents_00_14', 'fatalities_00_14', 'airline']
2026-06-09 12:47:34 | INFO | P06-NB | Original rows: 56
2026-06-09 12:47:34 | INFO | P06-NB | Clean rows:    56
2026-06-09 12:47:34 | INFO | P06-NB | Rows dropped:  0
2026-06-09 12:47:34 | INFO | P06-NB | --------------- Manual statistics ---------------
2026-06-09 12:47:34 | DEBUG | P06-NB | incidents_00_14 Statistics (using numpy):
2026-06-09 12:47:34 | DEBUG | P06-NB |   Mean: 4.12
2026-06-09 12:47:34 | DEBUG | P06-NB |   Std Dev: 4.50
2026-06-09 12:47:34 | DEBUG | P06-NB |   Min: 0.00
2026-06-09 12:47:34 | DEBUG | P06-NB |   Max: 24.00
2026-06-09 12:47:34 | DEBUG | P06-NB |   Range: 24.00
2026-06-09 12:47:34 | INFO | P06-NB | Computing overall descriptive statistics
2026-06-09 12:47:34 | DEBUG | P06-NB | 
                        count          mean           std          min           25%          50%           75%  \
avail_seat_km_per_week   56.0  1.384621e+09  1.465317e+09  259373346.0  4.740362e+08  802908893.0  1.847239e+09   
incidents_85_99          56.0  7.178571e+00  1.103566e+01          0.0  2.000000e+00          4.0  8.000000e+00   
fatal_accidents_85_99    56.0  2.178571e+00  2.861069e+00          0.0  0.000000e+00          1.0  3.000000e+00   
incidents_00_14          56.0  4.125000e+00  4.544977e+00          0.0  1.000000e+00          3.0  5.250000e+00   
fatalities_00_14         56.0  5.551786e+01  1.113328e+02          0.0  0.000000e+00          0.0  8.325000e+01   

                                 max  
avail_seat_km_per_week  7.139291e+09  
incidents_85_99         7.600000e+01  
fatal_accidents_85_99   1.400000e+01  
incidents_00_14         2.400000e+01  
fatalities_00_14        5.370000e+02  
2026-06-09 12:47:34 | INFO | P06-NB | --------------- Using pandas groupby() and agg() ---------------
2026-06-09 12:47:34 | INFO | P06-NB | Computing descriptive statistics by group
2026-06-09 12:47:34 | DEBUG | P06-NB | 
                           avail_seat_km_per_week                                           incidents_85_99            \
                                            count          mean std         min         max           count  mean std   
airline                                                                                                                 
Aer Lingus                                      1  3.209067e+08 NaN   320906734   320906734               1   2.0 NaN   
Aeroflot*                                       1  1.197672e+09 NaN  1197672318  1197672318               1  76.0 NaN   
Aerolineas Argentinas                           1  3.858036e+08 NaN   385803648   385803648               1   6.0 NaN   
Aeromexico*                                     1  5.968718e+08 NaN   596871813   596871813               1   3.0 NaN   
Air Canada                                      1  1.865254e+09 NaN  1865253802  1865253802               1   2.0 NaN   
Air France                                      1  3.004003e+09 NaN  3004002661  3004002661               1  14.0 NaN   
Air India*                                      1  8.692536e+08 NaN   869253552   869253552               1   2.0 NaN   
Air New Zealand*                                1  7.101748e+08 NaN   710174817   710174817               1   3.0 NaN   
Alaska Airlines*                                1  9.653468e+08 NaN   965346773   965346773               1   5.0 NaN   
Alitalia                                        1  6.980125e+08 NaN   698012498   698012498               1   7.0 NaN   
All Nippon Airways                              1  1.841234e+09 NaN  1841234177  1841234177               1   3.0 NaN   
American*                                       1  5.228357e+09 NaN  5228357340  5228357340               1  21.0 NaN   
Austrian Airlines                               1  3.582398e+08 NaN   358239823   358239823               1   1.0 NaN   
Avianca                                         1  3.969226e+08 NaN   396922563   396922563               1   5.0 NaN   
British Airways*                                1  3.179761e+09 NaN  3179760952  3179760952               1   4.0 NaN   
COPA                                            1  5.504915e+08 NaN   550491507   550491507               1   3.0 NaN   
Cathay Pacific*                                 1  2.582459e+09 NaN  2582459303  2582459303               1   0.0 NaN   
China Airlines                                  1  8.132165e+08 NaN   813216487   813216487               1  12.0 NaN   
Condor                                          1  4.179826e+08 NaN   417982610   417982610               1   2.0 NaN   
Delta / Northwest*                              1  6.525659e+09 NaN  6525658894  6525658894               1  24.0 NaN   
Egyptair                                        1  5.576999e+08 NaN   557699891   557699891               1   8.0 NaN   
El Al                                           1  3.354480e+08 NaN   335448023   335448023               1   1.0 NaN   
Ethiopian Airlines                              1  4.885606e+08 NaN   488560643   488560643               1  25.0 NaN   
Finnair                                         1  5.064650e+08 NaN   506464950   506464950               1   1.0 NaN   
Garuda Indonesia                                1  6.133567e+08 NaN   613356665   613356665               1  10.0 NaN   
Gulf Air                                        1  3.013798e+08 NaN   301379762   301379762               1   1.0 NaN   
Hawaiian Airlines                               1  4.938778e+08 NaN   493877795   493877795               1   0.0 NaN   
Iberia                                          1  1.173203e+09 NaN  1173203126  1173203126               1   4.0 NaN   
Japan Airlines                                  1  1.574218e+09 NaN  1574217531  1574217531               1   3.0 NaN   
KLM*                                            1  1.874562e+09 NaN  1874561773  1874561773               1   7.0 NaN   
Kenya Airways                                   1  2.774148e+08 NaN   277414794   277414794               1   2.0 NaN   
Korean Air                                      1  1.734523e+09 NaN  1734522605  1734522605               1  12.0 NaN   
LAN Airlines                                    1  1.001966e+09 NaN  1001965891  1001965891               1   3.0 NaN   
Lufthansa*                                      1  3.426530e+09 NaN  3426529504  3426529504               1   6.0 NaN   
Malaysia Airlines                               1  1.039171e+09 NaN  1039171244  1039171244               1   3.0 NaN   
Pakistan International                          1  3.485631e+08 NaN   348563137   348563137               1   8.0 NaN   
Philippine Airlines                             1  4.130072e+08 NaN   413007158   413007158               1   7.0 NaN   
Qantas*                                         1  1.917429e+09 NaN  1917428984  1917428984               1   1.0 NaN   
Royal Air Maroc                                 1  2.957053e+08 NaN   295705339   295705339               1   5.0 NaN   
SAS*                                            1  6.829719e+08 NaN   682971852   682971852               1   5.0 NaN   
SWISS*                                          1  7.926013e+08 NaN   792601299   792601299               1   2.0 NaN   
Saudi Arabian                                   1  8.596739e+08 NaN   859673901   859673901               1   7.0 NaN   
Singapore Airlines                              1  2.376858e+09 NaN  2376857805  2376857805               1   2.0 NaN   
South African                                   1  6.515024e+08 NaN   651502442   651502442               1   2.0 NaN   
Southwest Airlines                              1  3.276526e+09 NaN  3276525770  3276525770               1   1.0 NaN   
Sri Lankan / AirLanka                           1  3.255830e+08 NaN   325582976   325582976               1   2.0 NaN   
TACA                                            1  2.593733e+08 NaN   259373346   259373346               1   3.0 NaN   
TAM                                             1  1.509196e+09 NaN  1509195646  1509195646               1   8.0 NaN   
TAP - Air Portugal                              1  6.191308e+08 NaN   619130754   619130754               1   0.0 NaN   
Thai Airways                                    1  1.702802e+09 NaN  1702802250  1702802250               1   8.0 NaN   
Turkish Airlines                                1  1.946098e+09 NaN  1946098294  1946098294               1   8.0 NaN   
US Airways / America West*                      1  2.455688e+09 NaN  2455687887  2455687887               1  16.0 NaN   
United / Continental*                           1  7.139291e+09 NaN  7139291291  7139291291               1  19.0 NaN   
Vietnam Airlines                                1  6.250849e+08 NaN   625084918   625084918               1   7.0 NaN   
Virgin Atlantic                                 1  1.005249e+09 NaN  1005248585  1005248585               1   1.0 NaN   
Xiamen Airlines                                 1  4.304630e+08 NaN   430462962   430462962               1   9.0 NaN   

                                   fatal_accidents_85_99                   incidents_00_14                    \
                           min max                 count  mean std min max           count  mean std min max   
airline                                                                                                        
Aer Lingus                   2   2                     1   0.0 NaN   0   0               1   0.0 NaN   0   0   
Aeroflot*                   76  76                     1  14.0 NaN  14  14               1   6.0 NaN   6   6   
Aerolineas Argentinas        6   6                     1   0.0 NaN   0   0               1   1.0 NaN   1   1   
Aeromexico*                  3   3                     1   1.0 NaN   1   1               1   5.0 NaN   5   5   
Air Canada                   2   2                     1   0.0 NaN   0   0               1   2.0 NaN   2   2   
Air France                  14  14                     1   4.0 NaN   4   4               1   6.0 NaN   6   6   
Air India*                   2   2                     1   1.0 NaN   1   1               1   4.0 NaN   4   4   
Air New Zealand*             3   3                     1   0.0 NaN   0   0               1   5.0 NaN   5   5   
Alaska Airlines*             5   5                     1   0.0 NaN   0   0               1   5.0 NaN   5   5   
Alitalia                     7   7                     1   2.0 NaN   2   2               1   4.0 NaN   4   4   
All Nippon Airways           3   3                     1   1.0 NaN   1   1               1   7.0 NaN   7   7   
American*                   21  21                     1   5.0 NaN   5   5               1  17.0 NaN  17  17   
Austrian Airlines            1   1                     1   0.0 NaN   0   0               1   1.0 NaN   1   1   
Avianca                      5   5                     1   3.0 NaN   3   3               1   0.0 NaN   0   0   
British Airways*             4   4                     1   0.0 NaN   0   0               1   6.0 NaN   6   6   
COPA                         3   3                     1   1.0 NaN   1   1               1   0.0 NaN   0   0   
Cathay Pacific*              0   0                     1   0.0 NaN   0   0               1   2.0 NaN   2   2   
China Airlines              12  12                     1   6.0 NaN   6   6               1   2.0 NaN   2   2   
Condor                       2   2                     1   1.0 NaN   1   1               1   0.0 NaN   0   0   
Delta / Northwest*          24  24                     1  12.0 NaN  12  12               1  24.0 NaN  24  24   
Egyptair                     8   8                     1   3.0 NaN   3   3               1   4.0 NaN   4   4   
El Al                        1   1                     1   1.0 NaN   1   1               1   1.0 NaN   1   1   
Ethiopian Airlines          25  25                     1   5.0 NaN   5   5               1   5.0 NaN   5   5   
Finnair                      1   1                     1   0.0 NaN   0   0               1   0.0 NaN   0   0   
Garuda Indonesia            10  10                     1   3.0 NaN   3   3               1   4.0 NaN   4   4   
Gulf Air                     1   1                     1   0.0 NaN   0   0               1   3.0 NaN   3   3   
Hawaiian Airlines            0   0                     1   0.0 NaN   0   0               1   1.0 NaN   1   1   
Iberia                       4   4                     1   1.0 NaN   1   1               1   5.0 NaN   5   5   
Japan Airlines               3   3                     1   1.0 NaN   1   1               1   0.0 NaN   0   0   
KLM*                         7   7                     1   1.0 NaN   1   1               1   1.0 NaN   1   1   
Kenya Airways                2   2                     1   0.0 NaN   0   0               1   2.0 NaN   2   2   
Korean Air                  12  12                     1   5.0 NaN   5   5               1   1.0 NaN   1   1   
LAN Airlines                 3   3                     1   2.0 NaN   2   2               1   0.0 NaN   0   0   
Lufthansa*                   6   6                     1   1.0 NaN   1   1               1   3.0 NaN   3   3   
Malaysia Airlines            3   3                     1   1.0 NaN   1   1               1   3.0 NaN   3   3   
Pakistan International       8   8                     1   3.0 NaN   3   3               1  10.0 NaN  10  10   
Philippine Airlines          7   7                     1   4.0 NaN   4   4               1   2.0 NaN   2   2   
Qantas*                      1   1                     1   0.0 NaN   0   0               1   5.0 NaN   5   5   
Royal Air Maroc              5   5                     1   3.0 NaN   3   3               1   3.0 NaN   3   3   
SAS*                         5   5                     1   0.0 NaN   0   0               1   6.0 NaN   6   6   
SWISS*                       2   2                     1   1.0 NaN   1   1               1   3.0 NaN   3   3   
Saudi Arabian                7   7                     1   2.0 NaN   2   2               1  11.0 NaN  11  11   
Singapore Airlines           2   2                     1   2.0 NaN   2   2               1   2.0 NaN   2   2   
South African                2   2                     1   1.0 NaN   1   1               1   1.0 NaN   1   1   
Southwest Airlines           1   1                     1   0.0 NaN   0   0               1   8.0 NaN   8   8   
Sri Lankan / AirLanka        2   2                     1   1.0 NaN   1   1               1   4.0 NaN   4   4   
TACA                         3   3                     1   1.0 NaN   1   1               1   1.0 NaN   1   1   
TAM                          8   8                     1   3.0 NaN   3   3               1   7.0 NaN   7   7   
TAP - Air Portugal           0   0                     1   0.0 NaN   0   0               1   0.0 NaN   0   0   
Thai Airways                 8   8                     1   4.0 NaN   4   4               1   2.0 NaN   2   2   
Turkish Airlines             8   8                     1   3.0 NaN   3   3               1   8.0 NaN   8   8   
US Airways / America West*  16  16                     1   7.0 NaN   7   7               1  11.0 NaN  11  11   
United / Continental*       19  19                     1   8.0 NaN   8   8               1  14.0 NaN  14  14   
Vietnam Airlines             7   7                     1   3.0 NaN   3   3               1   1.0 NaN   1   1   
Virgin Atlantic              1   1                     1   0.0 NaN   0   0               1   0.0 NaN   0   0   
Xiamen Airlines              9   9                     1   1.0 NaN   1   1               1   2.0 NaN   2   2   

                           fatalities_00_14                       
                                      count   mean std  min  max  
airline                                                           
Aer Lingus                                1    0.0 NaN    0    0  
Aeroflot*                                 1   88.0 NaN   88   88  
Aerolineas Argentinas                     1    0.0 NaN    0    0  
Aeromexico*                               1    0.0 NaN    0    0  
Air Canada                                1    0.0 NaN    0    0  
Air France                                1  337.0 NaN  337  337  
Air India*                                1  158.0 NaN  158  158  
Air New Zealand*                          1    7.0 NaN    7    7  
Alaska Airlines*                          1   88.0 NaN   88   88  
Alitalia                                  1    0.0 NaN    0    0  
All Nippon Airways                        1    0.0 NaN    0    0  
American*                                 1  416.0 NaN  416  416  
Austrian Airlines                         1    0.0 NaN    0    0  
Avianca                                   1    0.0 NaN    0    0  
British Airways*                          1    0.0 NaN    0    0  
COPA                                      1    0.0 NaN    0    0  
Cathay Pacific*                           1    0.0 NaN    0    0  
China Airlines                            1  225.0 NaN  225  225  
Condor                                    1    0.0 NaN    0    0  
Delta / Northwest*                        1   51.0 NaN   51   51  
Egyptair                                  1   14.0 NaN   14   14  
El Al                                     1    0.0 NaN    0    0  
Ethiopian Airlines                        1   92.0 NaN   92   92  
Finnair                                   1    0.0 NaN    0    0  
Garuda Indonesia                          1   22.0 NaN   22   22  
Gulf Air                                  1  143.0 NaN  143  143  
Hawaiian Airlines                         1    0.0 NaN    0    0  
Iberia                                    1    0.0 NaN    0    0  
Japan Airlines                            1    0.0 NaN    0    0  
KLM*                                      1    0.0 NaN    0    0  
Kenya Airways                             1  283.0 NaN  283  283  
Korean Air                                1    0.0 NaN    0    0  
LAN Airlines                              1    0.0 NaN    0    0  
Lufthansa*                                1    0.0 NaN    0    0  
Malaysia Airlines                         1  537.0 NaN  537  537  
Pakistan International                    1   46.0 NaN   46   46  
Philippine Airlines                       1    1.0 NaN    1    1  
Qantas*                                   1    0.0 NaN    0    0  
Royal Air Maroc                           1    0.0 NaN    0    0  
SAS*                                      1  110.0 NaN  110  110  
SWISS*                                    1    0.0 NaN    0    0  
Saudi Arabian                             1    0.0 NaN    0    0  
Singapore Airlines                        1   83.0 NaN   83   83  
South African                             1    0.0 NaN    0    0  
Southwest Airlines                        1    0.0 NaN    0    0  
Sri Lankan / AirLanka                     1    0.0 NaN    0    0  
TACA                                      1    3.0 NaN    3    3  
TAM                                       1  188.0 NaN  188  188  
TAP - Air Portugal                        1    0.0 NaN    0    0  
Thai Airways                              1    1.0 NaN    1    1  
Turkish Airlines                          1   84.0 NaN   84   84  
US Airways / America West*                1   23.0 NaN   23   23  
United / Continental*                     1  109.0 NaN  109  109  
Vietnam Airlines                          1    0.0 NaN    0    0  
Virgin Atlantic                           1    0.0 NaN    0    0  
Xiamen Airlines                           1    0.0 NaN    0    0  
2026-06-09 12:47:34 | INFO | P06-NB | --------------- Improving the output ---------------
2026-06-09 12:47:34 | DEBUG | P06-NB | 
                                        count         mean  std        min        max
airline                                                                              
Aer Lingus      avail_seat_km_per_week      1  320906734.0  NaN  320906734  320906734
                incidents_85_99             1          2.0  NaN          2          2
                fatal_accidents_85_99       1          0.0  NaN          0          0
                incidents_00_14             1          0.0  NaN          0          0
                fatalities_00_14            1          0.0  NaN          0          0
...                                       ...          ...  ...        ...        ...
Xiamen Airlines avail_seat_km_per_week      1  430462962.0  NaN  430462962  430462962
                incidents_85_99             1          9.0  NaN          9          9
                fatal_accidents_85_99       1          1.0  NaN          1          1
                incidents_00_14             1          2.0  NaN          2          2
                fatalities_00_14            1          0.0  NaN          0          0

[280 rows x 5 columns]
2026-06-09 12:47:34 | INFO | P06-NB | Computing correlation matrix for numeric columns
2026-06-09 12:47:34 | INFO | P06-NB | 
Correlation matrix:
2026-06-09 12:47:34 | DEBUG | P06-NB | 
                        avail_seat_km_per_week  incidents_85_99  fatal_accidents_85_99  incidents_00_14  \
avail_seat_km_per_week                1.000000         0.279538               0.468300         0.725917   
incidents_85_99                       0.279538         1.000000               0.856991         0.403009   
fatal_accidents_85_99                 0.468300         0.856991               1.000000         0.572923   
incidents_00_14                       0.725917         0.403009               0.572923         1.000000   
fatalities_00_14                      0.228484         0.195337               0.186985         0.282009   

                        fatalities_00_14  
avail_seat_km_per_week          0.228484  
incidents_85_99                 0.195337  
fatal_accidents_85_99           0.186985  
incidents_00_14                 0.282009  
fatalities_00_14                1.000000  
2026-06-09 12:47:34 | INFO | P06-NB | ---------Visualize Correlation Matrix as a Heatmap---------------
2026-06-09 12:47:34 | INFO | P06-NB | ---- Creating Scatter Plot to see Relationships ------
2026-06-09 12:47:34 | INFO | P06-NB | ----   Use clean dataframe ---------------------------
2026-06-09 12:47:34 | INFO | P06-NB | ----   Set x to Available seat km per week -----------------------
2026-06-09 12:47:34 | INFO | P06-NB | ----   Set y to Incidents (2000–2014) --------------------------
2026-06-09 12:47:34 | INFO | P06-NB | ----   Set the hue (color mapping) to the group column --
2026-06-09 12:47:34 | INFO | P06-NB | ------- Creating another chart -------
2026-06-09 12:47:34 | INFO | P06-NB | ------ Creating Box Plot to see Distribution: ---------
2026-06-09 12:47:34 | INFO | P06-NB | ------   Use clean dataframe --------------------------
2026-06-09 12:47:34 | INFO | P06-NB | ------   Set x to the group column --------------------
2026-06-09 12:47:34 | INFO | P06-NB | ------   Set y to Fatalities (2000–2014) ----------------------
2026-06-09 12:47:35 | INFO | P06-NB | ========================
2026-06-09 12:47:35 | INFO | P06-NB | SUMMARY
2026-06-09 12:47:35 | INFO | P06-NB | ========================
2026-06-09 12:47:35 | INFO | P06-NB | Dataset: airline-safety
2026-06-09 12:47:35 | INFO | P06-NB | Original rows: 56
2026-06-09 12:47:35 | INFO | P06-NB | Clean rows:    56
2026-06-09 12:47:35 | INFO | P06-NB | Groups found in airline: ['Aer Lingus', 'Aeroflot*', 'Aerolineas Argentinas', 'Aeromexico*', 'Air Canada', 'Air France', 'Air India*', 'Air New Zealand*', 'Alaska Airlines*', 'Alitalia', 'All Nippon Airways', 'American*', 'Austrian Airlines', 'Avianca', 'British Airways*', 'COPA', 'Cathay Pacific*', 'China Airlines', 'Condor', 'Delta / Northwest*', 'Egyptair', 'El Al', 'Ethiopian Airlines', 'Finnair', 'Garuda Indonesia', 'Gulf Air', 'Hawaiian Airlines', 'Iberia', 'Japan Airlines', 'KLM*', 'Kenya Airways', 'Korean Air', 'LAN Airlines', 'Lufthansa*', 'Malaysia Airlines', 'Pakistan International', 'Philippine Airlines', 'Qantas*', 'Royal Air Maroc', 'SAS*', 'SWISS*', 'Saudi Arabian', 'Singapore Airlines', 'South African', 'Southwest Airlines', 'Sri Lankan / AirLanka', 'TACA', 'TAM', 'TAP - Air Portugal', 'Thai Airways', 'Turkish Airlines', 'US Airways / America West*', 'United / Continental*', 'Vietnam Airlines', 'Virgin Atlantic', 'Xiamen Airlines']
2026-06-09 12:47:35 | INFO | P06-NB | ======================
2026-06-09 12:47:35 | INFO | P06-NB | Review the results. 
2026-06-09 12:47:35 | INFO | P06-NB | Determine the strongest correlations. 
2026-06-09 12:47:35 | INFO | P06-NB | ======================
2026-06-09 12:47:35 | INFO | P06-NB | Look for interesting patterns in the charts. 
2026-06-09 12:47:35 | INFO | P06-NB | Repeat the process, exploring additional angles.
2026-06-09 12:47:35 | INFO | P06-NB | After finding interesting insights, conclude your analysis.
2026-06-09 12:47:35 | INFO | P06-NB | ======================
2026-06-09 12:47:35 | INFO | P06-NB | Include instructions and specifics in your README.md file.
2026-06-09 12:47:35 | INFO | P06-NB | Write up your narrative on your docs/index.md file.
2026-06-09 12:47:35 | INFO | P06-NB | Include your next step suggestions for further analysis or modeling.
2026-06-09 12:47:35 | INFO | P06-NB | ======================
2026-06-09 12:47:35 | INFO | P06-NB | EDA workflow complete
2026-06-09 12:47:35 | INFO | P06-NB | ========================
2026-06-09 12:47:35 | INFO | P06-NB | Executed successfully!
2026-06-09 12:47:35 | INFO | P06-NB | ========================
2026-06-09 12:48:52 | INFO | P06-NB | --------------- Manual statistics ---------------
2026-06-09 12:48:52 | DEBUG | P06-NB | incidents_00_14 Statistics (using numpy):
2026-06-09 12:48:52 | DEBUG | P06-NB |   Mean: 4.12
2026-06-09 12:48:52 | DEBUG | P06-NB |   Std Dev: 4.50
2026-06-09 12:48:52 | DEBUG | P06-NB |   Min: 0.00
2026-06-09 12:48:52 | DEBUG | P06-NB |   Max: 24.00
2026-06-09 12:48:52 | DEBUG | P06-NB |   Range: 24.00
2026-06-09 12:48:52 | INFO | P06-NB | Computing overall descriptive statistics
2026-06-09 12:48:52 | DEBUG | P06-NB | 
                        count          mean           std          min           25%          50%           75%  \
avail_seat_km_per_week   56.0  1.384621e+09  1.465317e+09  259373346.0  4.740362e+08  802908893.0  1.847239e+09   
incidents_85_99          56.0  7.178571e+00  1.103566e+01          0.0  2.000000e+00          4.0  8.000000e+00   
fatal_accidents_85_99    56.0  2.178571e+00  2.861069e+00          0.0  0.000000e+00          1.0  3.000000e+00   
incidents_00_14          56.0  4.125000e+00  4.544977e+00          0.0  1.000000e+00          3.0  5.250000e+00   
fatalities_00_14         56.0  5.551786e+01  1.113328e+02          0.0  0.000000e+00          0.0  8.325000e+01   

                                 max  
avail_seat_km_per_week  7.139291e+09  
incidents_85_99         7.600000e+01  
fatal_accidents_85_99   1.400000e+01  
incidents_00_14         2.400000e+01  
fatalities_00_14        5.370000e+02  
2026-06-09 12:48:52 | INFO | P06-NB | --------------- Using pandas groupby() and agg() ---------------
2026-06-09 12:48:52 | INFO | P06-NB | Computing descriptive statistics by group
2026-06-09 12:48:52 | DEBUG | P06-NB | 
                           avail_seat_km_per_week                                           incidents_85_99            \
                                            count          mean std         min         max           count  mean std   
airline                                                                                                                 
Aer Lingus                                      1  3.209067e+08 NaN   320906734   320906734               1   2.0 NaN   
Aeroflot*                                       1  1.197672e+09 NaN  1197672318  1197672318               1  76.0 NaN   
Aerolineas Argentinas                           1  3.858036e+08 NaN   385803648   385803648               1   6.0 NaN   
Aeromexico*                                     1  5.968718e+08 NaN   596871813   596871813               1   3.0 NaN   
Air Canada                                      1  1.865254e+09 NaN  1865253802  1865253802               1   2.0 NaN   
Air France                                      1  3.004003e+09 NaN  3004002661  3004002661               1  14.0 NaN   
Air India*                                      1  8.692536e+08 NaN   869253552   869253552               1   2.0 NaN   
Air New Zealand*                                1  7.101748e+08 NaN   710174817   710174817               1   3.0 NaN   
Alaska Airlines*                                1  9.653468e+08 NaN   965346773   965346773               1   5.0 NaN   
Alitalia                                        1  6.980125e+08 NaN   698012498   698012498               1   7.0 NaN   
All Nippon Airways                              1  1.841234e+09 NaN  1841234177  1841234177               1   3.0 NaN   
American*                                       1  5.228357e+09 NaN  5228357340  5228357340               1  21.0 NaN   
Austrian Airlines                               1  3.582398e+08 NaN   358239823   358239823               1   1.0 NaN   
Avianca                                         1  3.969226e+08 NaN   396922563   396922563               1   5.0 NaN   
British Airways*                                1  3.179761e+09 NaN  3179760952  3179760952               1   4.0 NaN   
COPA                                            1  5.504915e+08 NaN   550491507   550491507               1   3.0 NaN   
Cathay Pacific*                                 1  2.582459e+09 NaN  2582459303  2582459303               1   0.0 NaN   
China Airlines                                  1  8.132165e+08 NaN   813216487   813216487               1  12.0 NaN   
Condor                                          1  4.179826e+08 NaN   417982610   417982610               1   2.0 NaN   
Delta / Northwest*                              1  6.525659e+09 NaN  6525658894  6525658894               1  24.0 NaN   
Egyptair                                        1  5.576999e+08 NaN   557699891   557699891               1   8.0 NaN   
El Al                                           1  3.354480e+08 NaN   335448023   335448023               1   1.0 NaN   
Ethiopian Airlines                              1  4.885606e+08 NaN   488560643   488560643               1  25.0 NaN   
Finnair                                         1  5.064650e+08 NaN   506464950   506464950               1   1.0 NaN   
Garuda Indonesia                                1  6.133567e+08 NaN   613356665   613356665               1  10.0 NaN   
Gulf Air                                        1  3.013798e+08 NaN   301379762   301379762               1   1.0 NaN   
Hawaiian Airlines                               1  4.938778e+08 NaN   493877795   493877795               1   0.0 NaN   
Iberia                                          1  1.173203e+09 NaN  1173203126  1173203126               1   4.0 NaN   
Japan Airlines                                  1  1.574218e+09 NaN  1574217531  1574217531               1   3.0 NaN   
KLM*                                            1  1.874562e+09 NaN  1874561773  1874561773               1   7.0 NaN   
Kenya Airways                                   1  2.774148e+08 NaN   277414794   277414794               1   2.0 NaN   
Korean Air                                      1  1.734523e+09 NaN  1734522605  1734522605               1  12.0 NaN   
LAN Airlines                                    1  1.001966e+09 NaN  1001965891  1001965891               1   3.0 NaN   
Lufthansa*                                      1  3.426530e+09 NaN  3426529504  3426529504               1   6.0 NaN   
Malaysia Airlines                               1  1.039171e+09 NaN  1039171244  1039171244               1   3.0 NaN   
Pakistan International                          1  3.485631e+08 NaN   348563137   348563137               1   8.0 NaN   
Philippine Airlines                             1  4.130072e+08 NaN   413007158   413007158               1   7.0 NaN   
Qantas*                                         1  1.917429e+09 NaN  1917428984  1917428984               1   1.0 NaN   
Royal Air Maroc                                 1  2.957053e+08 NaN   295705339   295705339               1   5.0 NaN   
SAS*                                            1  6.829719e+08 NaN   682971852   682971852               1   5.0 NaN   
SWISS*                                          1  7.926013e+08 NaN   792601299   792601299               1   2.0 NaN   
Saudi Arabian                                   1  8.596739e+08 NaN   859673901   859673901               1   7.0 NaN   
Singapore Airlines                              1  2.376858e+09 NaN  2376857805  2376857805               1   2.0 NaN   
South African                                   1  6.515024e+08 NaN   651502442   651502442               1   2.0 NaN   
Southwest Airlines                              1  3.276526e+09 NaN  3276525770  3276525770               1   1.0 NaN   
Sri Lankan / AirLanka                           1  3.255830e+08 NaN   325582976   325582976               1   2.0 NaN   
TACA                                            1  2.593733e+08 NaN   259373346   259373346               1   3.0 NaN   
TAM                                             1  1.509196e+09 NaN  1509195646  1509195646               1   8.0 NaN   
TAP - Air Portugal                              1  6.191308e+08 NaN   619130754   619130754               1   0.0 NaN   
Thai Airways                                    1  1.702802e+09 NaN  1702802250  1702802250               1   8.0 NaN   
Turkish Airlines                                1  1.946098e+09 NaN  1946098294  1946098294               1   8.0 NaN   
US Airways / America West*                      1  2.455688e+09 NaN  2455687887  2455687887               1  16.0 NaN   
United / Continental*                           1  7.139291e+09 NaN  7139291291  7139291291               1  19.0 NaN   
Vietnam Airlines                                1  6.250849e+08 NaN   625084918   625084918               1   7.0 NaN   
Virgin Atlantic                                 1  1.005249e+09 NaN  1005248585  1005248585               1   1.0 NaN   
Xiamen Airlines                                 1  4.304630e+08 NaN   430462962   430462962               1   9.0 NaN   

                                   fatal_accidents_85_99                   incidents_00_14                    \
                           min max                 count  mean std min max           count  mean std min max   
airline                                                                                                        
Aer Lingus                   2   2                     1   0.0 NaN   0   0               1   0.0 NaN   0   0   
Aeroflot*                   76  76                     1  14.0 NaN  14  14               1   6.0 NaN   6   6   
Aerolineas Argentinas        6   6                     1   0.0 NaN   0   0               1   1.0 NaN   1   1   
Aeromexico*                  3   3                     1   1.0 NaN   1   1               1   5.0 NaN   5   5   
Air Canada                   2   2                     1   0.0 NaN   0   0               1   2.0 NaN   2   2   
Air France                  14  14                     1   4.0 NaN   4   4               1   6.0 NaN   6   6   
Air India*                   2   2                     1   1.0 NaN   1   1               1   4.0 NaN   4   4   
Air New Zealand*             3   3                     1   0.0 NaN   0   0               1   5.0 NaN   5   5   
Alaska Airlines*             5   5                     1   0.0 NaN   0   0               1   5.0 NaN   5   5   
Alitalia                     7   7                     1   2.0 NaN   2   2               1   4.0 NaN   4   4   
All Nippon Airways           3   3                     1   1.0 NaN   1   1               1   7.0 NaN   7   7   
American*                   21  21                     1   5.0 NaN   5   5               1  17.0 NaN  17  17   
Austrian Airlines            1   1                     1   0.0 NaN   0   0               1   1.0 NaN   1   1   
Avianca                      5   5                     1   3.0 NaN   3   3               1   0.0 NaN   0   0   
British Airways*             4   4                     1   0.0 NaN   0   0               1   6.0 NaN   6   6   
COPA                         3   3                     1   1.0 NaN   1   1               1   0.0 NaN   0   0   
Cathay Pacific*              0   0                     1   0.0 NaN   0   0               1   2.0 NaN   2   2   
China Airlines              12  12                     1   6.0 NaN   6   6               1   2.0 NaN   2   2   
Condor                       2   2                     1   1.0 NaN   1   1               1   0.0 NaN   0   0   
Delta / Northwest*          24  24                     1  12.0 NaN  12  12               1  24.0 NaN  24  24   
Egyptair                     8   8                     1   3.0 NaN   3   3               1   4.0 NaN   4   4   
El Al                        1   1                     1   1.0 NaN   1   1               1   1.0 NaN   1   1   
Ethiopian Airlines          25  25                     1   5.0 NaN   5   5               1   5.0 NaN   5   5   
Finnair                      1   1                     1   0.0 NaN   0   0               1   0.0 NaN   0   0   
Garuda Indonesia            10  10                     1   3.0 NaN   3   3               1   4.0 NaN   4   4   
Gulf Air                     1   1                     1   0.0 NaN   0   0               1   3.0 NaN   3   3   
Hawaiian Airlines            0   0                     1   0.0 NaN   0   0               1   1.0 NaN   1   1   
Iberia                       4   4                     1   1.0 NaN   1   1               1   5.0 NaN   5   5   
Japan Airlines               3   3                     1   1.0 NaN   1   1               1   0.0 NaN   0   0   
KLM*                         7   7                     1   1.0 NaN   1   1               1   1.0 NaN   1   1   
Kenya Airways                2   2                     1   0.0 NaN   0   0               1   2.0 NaN   2   2   
Korean Air                  12  12                     1   5.0 NaN   5   5               1   1.0 NaN   1   1   
LAN Airlines                 3   3                     1   2.0 NaN   2   2               1   0.0 NaN   0   0   
Lufthansa*                   6   6                     1   1.0 NaN   1   1               1   3.0 NaN   3   3   
Malaysia Airlines            3   3                     1   1.0 NaN   1   1               1   3.0 NaN   3   3   
Pakistan International       8   8                     1   3.0 NaN   3   3               1  10.0 NaN  10  10   
Philippine Airlines          7   7                     1   4.0 NaN   4   4               1   2.0 NaN   2   2   
Qantas*                      1   1                     1   0.0 NaN   0   0               1   5.0 NaN   5   5   
Royal Air Maroc              5   5                     1   3.0 NaN   3   3               1   3.0 NaN   3   3   
SAS*                         5   5                     1   0.0 NaN   0   0               1   6.0 NaN   6   6   
SWISS*                       2   2                     1   1.0 NaN   1   1               1   3.0 NaN   3   3   
Saudi Arabian                7   7                     1   2.0 NaN   2   2               1  11.0 NaN  11  11   
Singapore Airlines           2   2                     1   2.0 NaN   2   2               1   2.0 NaN   2   2   
South African                2   2                     1   1.0 NaN   1   1               1   1.0 NaN   1   1   
Southwest Airlines           1   1                     1   0.0 NaN   0   0               1   8.0 NaN   8   8   
Sri Lankan / AirLanka        2   2                     1   1.0 NaN   1   1               1   4.0 NaN   4   4   
TACA                         3   3                     1   1.0 NaN   1   1               1   1.0 NaN   1   1   
TAM                          8   8                     1   3.0 NaN   3   3               1   7.0 NaN   7   7   
TAP - Air Portugal           0   0                     1   0.0 NaN   0   0               1   0.0 NaN   0   0   
Thai Airways                 8   8                     1   4.0 NaN   4   4               1   2.0 NaN   2   2   
Turkish Airlines             8   8                     1   3.0 NaN   3   3               1   8.0 NaN   8   8   
US Airways / America West*  16  16                     1   7.0 NaN   7   7               1  11.0 NaN  11  11   
United / Continental*       19  19                     1   8.0 NaN   8   8               1  14.0 NaN  14  14   
Vietnam Airlines             7   7                     1   3.0 NaN   3   3               1   1.0 NaN   1   1   
Virgin Atlantic              1   1                     1   0.0 NaN   0   0               1   0.0 NaN   0   0   
Xiamen Airlines              9   9                     1   1.0 NaN   1   1               1   2.0 NaN   2   2   

                           fatalities_00_14                       
                                      count   mean std  min  max  
airline                                                           
Aer Lingus                                1    0.0 NaN    0    0  
Aeroflot*                                 1   88.0 NaN   88   88  
Aerolineas Argentinas                     1    0.0 NaN    0    0  
Aeromexico*                               1    0.0 NaN    0    0  
Air Canada                                1    0.0 NaN    0    0  
Air France                                1  337.0 NaN  337  337  
Air India*                                1  158.0 NaN  158  158  
Air New Zealand*                          1    7.0 NaN    7    7  
Alaska Airlines*                          1   88.0 NaN   88   88  
Alitalia                                  1    0.0 NaN    0    0  
All Nippon Airways                        1    0.0 NaN    0    0  
American*                                 1  416.0 NaN  416  416  
Austrian Airlines                         1    0.0 NaN    0    0  
Avianca                                   1    0.0 NaN    0    0  
British Airways*                          1    0.0 NaN    0    0  
COPA                                      1    0.0 NaN    0    0  
Cathay Pacific*                           1    0.0 NaN    0    0  
China Airlines                            1  225.0 NaN  225  225  
Condor                                    1    0.0 NaN    0    0  
Delta / Northwest*                        1   51.0 NaN   51   51  
Egyptair                                  1   14.0 NaN   14   14  
El Al                                     1    0.0 NaN    0    0  
Ethiopian Airlines                        1   92.0 NaN   92   92  
Finnair                                   1    0.0 NaN    0    0  
Garuda Indonesia                          1   22.0 NaN   22   22  
Gulf Air                                  1  143.0 NaN  143  143  
Hawaiian Airlines                         1    0.0 NaN    0    0  
Iberia                                    1    0.0 NaN    0    0  
Japan Airlines                            1    0.0 NaN    0    0  
KLM*                                      1    0.0 NaN    0    0  
Kenya Airways                             1  283.0 NaN  283  283  
Korean Air                                1    0.0 NaN    0    0  
LAN Airlines                              1    0.0 NaN    0    0  
Lufthansa*                                1    0.0 NaN    0    0  
Malaysia Airlines                         1  537.0 NaN  537  537  
Pakistan International                    1   46.0 NaN   46   46  
Philippine Airlines                       1    1.0 NaN    1    1  
Qantas*                                   1    0.0 NaN    0    0  
Royal Air Maroc                           1    0.0 NaN    0    0  
SAS*                                      1  110.0 NaN  110  110  
SWISS*                                    1    0.0 NaN    0    0  
Saudi Arabian                             1    0.0 NaN    0    0  
Singapore Airlines                        1   83.0 NaN   83   83  
South African                             1    0.0 NaN    0    0  
Southwest Airlines                        1    0.0 NaN    0    0  
Sri Lankan / AirLanka                     1    0.0 NaN    0    0  
TACA                                      1    3.0 NaN    3    3  
TAM                                       1  188.0 NaN  188  188  
TAP - Air Portugal                        1    0.0 NaN    0    0  
Thai Airways                              1    1.0 NaN    1    1  
Turkish Airlines                          1   84.0 NaN   84   84  
US Airways / America West*                1   23.0 NaN   23   23  
United / Continental*                     1  109.0 NaN  109  109  
Vietnam Airlines                          1    0.0 NaN    0    0  
Virgin Atlantic                           1    0.0 NaN    0    0  
Xiamen Airlines                           1    0.0 NaN    0    0  
2026-06-09 12:48:52 | INFO | P06-NB | --------------- Improving the output ---------------
2026-06-09 12:48:52 | DEBUG | P06-NB | 
                                        count         mean  std        min        max
airline                                                                              
Aer Lingus      avail_seat_km_per_week      1  320906734.0  NaN  320906734  320906734
                incidents_85_99             1          2.0  NaN          2          2
                fatal_accidents_85_99       1          0.0  NaN          0          0
                incidents_00_14             1          0.0  NaN          0          0
                fatalities_00_14            1          0.0  NaN          0          0
...                                       ...          ...  ...        ...        ...
Xiamen Airlines avail_seat_km_per_week      1  430462962.0  NaN  430462962  430462962
                incidents_85_99             1          9.0  NaN          9          9
                fatal_accidents_85_99       1          1.0  NaN          1          1
                incidents_00_14             1          2.0  NaN          2          2
                fatalities_00_14            1          0.0  NaN          0          0

[280 rows x 5 columns]
2026-06-09 12:48:52 | INFO | P06-NB | Computing correlation matrix for numeric columns
2026-06-09 12:48:52 | INFO | P06-NB | 
Correlation matrix:
2026-06-09 12:48:52 | DEBUG | P06-NB | 
                        avail_seat_km_per_week  incidents_85_99  fatal_accidents_85_99  incidents_00_14  \
avail_seat_km_per_week                1.000000         0.279538               0.468300         0.725917   
incidents_85_99                       0.279538         1.000000               0.856991         0.403009   
fatal_accidents_85_99                 0.468300         0.856991               1.000000         0.572923   
incidents_00_14                       0.725917         0.403009               0.572923         1.000000   
fatalities_00_14                      0.228484         0.195337               0.186985         0.282009   

                        fatalities_00_14  
avail_seat_km_per_week          0.228484  
incidents_85_99                 0.195337  
fatal_accidents_85_99           0.186985  
incidents_00_14                 0.282009  
fatalities_00_14                1.000000  
2026-06-09 12:48:52 | INFO | P06-NB | ---------Visualize Correlation Matrix as a Heatmap---------------
2026-06-09 12:48:52 | INFO | P06-NB | ---- Creating Scatter Plot to see Relationships ------
2026-06-09 12:48:52 | INFO | P06-NB | ----   Use clean dataframe ---------------------------
2026-06-09 12:48:52 | INFO | P06-NB | ----   Set x to Available seat km per week -----------------------
2026-06-09 12:48:52 | INFO | P06-NB | ----   Set y to Incidents (2000–2014) --------------------------
2026-06-09 12:48:52 | INFO | P06-NB | ----   Set the hue (color mapping) to the group column --
2026-06-09 12:48:53 | INFO | P06-NB | ------- Creating another chart -------
2026-06-09 12:48:53 | INFO | P06-NB | ------ Creating Box Plot to see Distribution: ---------
2026-06-09 12:48:53 | INFO | P06-NB | ------   Use clean dataframe --------------------------
2026-06-09 12:48:53 | INFO | P06-NB | ------   Set x to the group column --------------------
2026-06-09 12:48:53 | INFO | P06-NB | ------   Set y to Fatalities (2000–2014) ----------------------
2026-06-09 12:48:53 | INFO | P06-NB | ========================
2026-06-09 12:48:53 | INFO | P06-NB | SUMMARY
2026-06-09 12:48:53 | INFO | P06-NB | ========================
2026-06-09 12:48:53 | INFO | P06-NB | Dataset: airline-safety
2026-06-09 12:48:53 | INFO | P06-NB | Original rows: 56
2026-06-09 12:48:53 | INFO | P06-NB | Clean rows:    56
2026-06-09 12:48:53 | INFO | P06-NB | Groups found in airline: ['Aer Lingus', 'Aeroflot*', 'Aerolineas Argentinas', 'Aeromexico*', 'Air Canada', 'Air France', 'Air India*', 'Air New Zealand*', 'Alaska Airlines*', 'Alitalia', 'All Nippon Airways', 'American*', 'Austrian Airlines', 'Avianca', 'British Airways*', 'COPA', 'Cathay Pacific*', 'China Airlines', 'Condor', 'Delta / Northwest*', 'Egyptair', 'El Al', 'Ethiopian Airlines', 'Finnair', 'Garuda Indonesia', 'Gulf Air', 'Hawaiian Airlines', 'Iberia', 'Japan Airlines', 'KLM*', 'Kenya Airways', 'Korean Air', 'LAN Airlines', 'Lufthansa*', 'Malaysia Airlines', 'Pakistan International', 'Philippine Airlines', 'Qantas*', 'Royal Air Maroc', 'SAS*', 'SWISS*', 'Saudi Arabian', 'Singapore Airlines', 'South African', 'Southwest Airlines', 'Sri Lankan / AirLanka', 'TACA', 'TAM', 'TAP - Air Portugal', 'Thai Airways', 'Turkish Airlines', 'US Airways / America West*', 'United / Continental*', 'Vietnam Airlines', 'Virgin Atlantic', 'Xiamen Airlines']
2026-06-09 12:48:53 | INFO | P06-NB | ======================
2026-06-09 12:48:53 | INFO | P06-NB | Review the results. 
2026-06-09 12:48:53 | INFO | P06-NB | Determine the strongest correlations. 
2026-06-09 12:48:53 | INFO | P06-NB | ======================
2026-06-09 12:48:53 | INFO | P06-NB | Look for interesting patterns in the charts. 
2026-06-09 12:48:53 | INFO | P06-NB | Repeat the process, exploring additional angles.
2026-06-09 12:48:53 | INFO | P06-NB | After finding interesting insights, conclude your analysis.
2026-06-09 12:48:53 | INFO | P06-NB | ======================
2026-06-09 12:48:53 | INFO | P06-NB | Include instructions and specifics in your README.md file.
2026-06-09 12:48:53 | INFO | P06-NB | Write up your narrative on your docs/index.md file.
2026-06-09 12:48:53 | INFO | P06-NB | Include your next step suggestions for further analysis or modeling.
2026-06-09 12:48:53 | INFO | P06-NB | ======================
2026-06-09 12:48:53 | INFO | P06-NB | EDA workflow complete
2026-06-09 12:48:53 | INFO | P06-NB | ========================
2026-06-09 12:48:53 | INFO | P06-NB | Executed successfully!
2026-06-09 12:48:53 | INFO | P06-NB | ========================
2026-06-09 12:49:53 | INFO | P06-NB | Computing overall descriptive statistics
2026-06-09 12:49:53 | DEBUG | P06-NB | 
                        count          mean           std          min           25%          50%           75%  \
avail_seat_km_per_week   56.0  1.384621e+09  1.465317e+09  259373346.0  4.740362e+08  802908893.0  1.847239e+09   
incidents_85_99          56.0  7.178571e+00  1.103566e+01          0.0  2.000000e+00          4.0  8.000000e+00   
fatal_accidents_85_99    56.0  2.178571e+00  2.861069e+00          0.0  0.000000e+00          1.0  3.000000e+00   
incidents_00_14          56.0  4.125000e+00  4.544977e+00          0.0  1.000000e+00          3.0  5.250000e+00   
fatalities_00_14         56.0  5.551786e+01  1.113328e+02          0.0  0.000000e+00          0.0  8.325000e+01   

                                 max  
avail_seat_km_per_week  7.139291e+09  
incidents_85_99         7.600000e+01  
fatal_accidents_85_99   1.400000e+01  
incidents_00_14         2.400000e+01  
fatalities_00_14        5.370000e+02  
2026-06-09 12:49:53 | INFO | P06-NB | --------------- Using pandas groupby() and agg() ---------------
2026-06-09 12:49:53 | INFO | P06-NB | Computing descriptive statistics by group
2026-06-09 12:49:53 | DEBUG | P06-NB | 
                           avail_seat_km_per_week                                           incidents_85_99            \
                                            count          mean std         min         max           count  mean std   
airline                                                                                                                 
Aer Lingus                                      1  3.209067e+08 NaN   320906734   320906734               1   2.0 NaN   
Aeroflot*                                       1  1.197672e+09 NaN  1197672318  1197672318               1  76.0 NaN   
Aerolineas Argentinas                           1  3.858036e+08 NaN   385803648   385803648               1   6.0 NaN   
Aeromexico*                                     1  5.968718e+08 NaN   596871813   596871813               1   3.0 NaN   
Air Canada                                      1  1.865254e+09 NaN  1865253802  1865253802               1   2.0 NaN   
Air France                                      1  3.004003e+09 NaN  3004002661  3004002661               1  14.0 NaN   
Air India*                                      1  8.692536e+08 NaN   869253552   869253552               1   2.0 NaN   
Air New Zealand*                                1  7.101748e+08 NaN   710174817   710174817               1   3.0 NaN   
Alaska Airlines*                                1  9.653468e+08 NaN   965346773   965346773               1   5.0 NaN   
Alitalia                                        1  6.980125e+08 NaN   698012498   698012498               1   7.0 NaN   
All Nippon Airways                              1  1.841234e+09 NaN  1841234177  1841234177               1   3.0 NaN   
American*                                       1  5.228357e+09 NaN  5228357340  5228357340               1  21.0 NaN   
Austrian Airlines                               1  3.582398e+08 NaN   358239823   358239823               1   1.0 NaN   
Avianca                                         1  3.969226e+08 NaN   396922563   396922563               1   5.0 NaN   
British Airways*                                1  3.179761e+09 NaN  3179760952  3179760952               1   4.0 NaN   
COPA                                            1  5.504915e+08 NaN   550491507   550491507               1   3.0 NaN   
Cathay Pacific*                                 1  2.582459e+09 NaN  2582459303  2582459303               1   0.0 NaN   
China Airlines                                  1  8.132165e+08 NaN   813216487   813216487               1  12.0 NaN   
Condor                                          1  4.179826e+08 NaN   417982610   417982610               1   2.0 NaN   
Delta / Northwest*                              1  6.525659e+09 NaN  6525658894  6525658894               1  24.0 NaN   
Egyptair                                        1  5.576999e+08 NaN   557699891   557699891               1   8.0 NaN   
El Al                                           1  3.354480e+08 NaN   335448023   335448023               1   1.0 NaN   
Ethiopian Airlines                              1  4.885606e+08 NaN   488560643   488560643               1  25.0 NaN   
Finnair                                         1  5.064650e+08 NaN   506464950   506464950               1   1.0 NaN   
Garuda Indonesia                                1  6.133567e+08 NaN   613356665   613356665               1  10.0 NaN   
Gulf Air                                        1  3.013798e+08 NaN   301379762   301379762               1   1.0 NaN   
Hawaiian Airlines                               1  4.938778e+08 NaN   493877795   493877795               1   0.0 NaN   
Iberia                                          1  1.173203e+09 NaN  1173203126  1173203126               1   4.0 NaN   
Japan Airlines                                  1  1.574218e+09 NaN  1574217531  1574217531               1   3.0 NaN   
KLM*                                            1  1.874562e+09 NaN  1874561773  1874561773               1   7.0 NaN   
Kenya Airways                                   1  2.774148e+08 NaN   277414794   277414794               1   2.0 NaN   
Korean Air                                      1  1.734523e+09 NaN  1734522605  1734522605               1  12.0 NaN   
LAN Airlines                                    1  1.001966e+09 NaN  1001965891  1001965891               1   3.0 NaN   
Lufthansa*                                      1  3.426530e+09 NaN  3426529504  3426529504               1   6.0 NaN   
Malaysia Airlines                               1  1.039171e+09 NaN  1039171244  1039171244               1   3.0 NaN   
Pakistan International                          1  3.485631e+08 NaN   348563137   348563137               1   8.0 NaN   
Philippine Airlines                             1  4.130072e+08 NaN   413007158   413007158               1   7.0 NaN   
Qantas*                                         1  1.917429e+09 NaN  1917428984  1917428984               1   1.0 NaN   
Royal Air Maroc                                 1  2.957053e+08 NaN   295705339   295705339               1   5.0 NaN   
SAS*                                            1  6.829719e+08 NaN   682971852   682971852               1   5.0 NaN   
SWISS*                                          1  7.926013e+08 NaN   792601299   792601299               1   2.0 NaN   
Saudi Arabian                                   1  8.596739e+08 NaN   859673901   859673901               1   7.0 NaN   
Singapore Airlines                              1  2.376858e+09 NaN  2376857805  2376857805               1   2.0 NaN   
South African                                   1  6.515024e+08 NaN   651502442   651502442               1   2.0 NaN   
Southwest Airlines                              1  3.276526e+09 NaN  3276525770  3276525770               1   1.0 NaN   
Sri Lankan / AirLanka                           1  3.255830e+08 NaN   325582976   325582976               1   2.0 NaN   
TACA                                            1  2.593733e+08 NaN   259373346   259373346               1   3.0 NaN   
TAM                                             1  1.509196e+09 NaN  1509195646  1509195646               1   8.0 NaN   
TAP - Air Portugal                              1  6.191308e+08 NaN   619130754   619130754               1   0.0 NaN   
Thai Airways                                    1  1.702802e+09 NaN  1702802250  1702802250               1   8.0 NaN   
Turkish Airlines                                1  1.946098e+09 NaN  1946098294  1946098294               1   8.0 NaN   
US Airways / America West*                      1  2.455688e+09 NaN  2455687887  2455687887               1  16.0 NaN   
United / Continental*                           1  7.139291e+09 NaN  7139291291  7139291291               1  19.0 NaN   
Vietnam Airlines                                1  6.250849e+08 NaN   625084918   625084918               1   7.0 NaN   
Virgin Atlantic                                 1  1.005249e+09 NaN  1005248585  1005248585               1   1.0 NaN   
Xiamen Airlines                                 1  4.304630e+08 NaN   430462962   430462962               1   9.0 NaN   

                                   fatal_accidents_85_99                   incidents_00_14                    \
                           min max                 count  mean std min max           count  mean std min max   
airline                                                                                                        
Aer Lingus                   2   2                     1   0.0 NaN   0   0               1   0.0 NaN   0   0   
Aeroflot*                   76  76                     1  14.0 NaN  14  14               1   6.0 NaN   6   6   
Aerolineas Argentinas        6   6                     1   0.0 NaN   0   0               1   1.0 NaN   1   1   
Aeromexico*                  3   3                     1   1.0 NaN   1   1               1   5.0 NaN   5   5   
Air Canada                   2   2                     1   0.0 NaN   0   0               1   2.0 NaN   2   2   
Air France                  14  14                     1   4.0 NaN   4   4               1   6.0 NaN   6   6   
Air India*                   2   2                     1   1.0 NaN   1   1               1   4.0 NaN   4   4   
Air New Zealand*             3   3                     1   0.0 NaN   0   0               1   5.0 NaN   5   5   
Alaska Airlines*             5   5                     1   0.0 NaN   0   0               1   5.0 NaN   5   5   
Alitalia                     7   7                     1   2.0 NaN   2   2               1   4.0 NaN   4   4   
All Nippon Airways           3   3                     1   1.0 NaN   1   1               1   7.0 NaN   7   7   
American*                   21  21                     1   5.0 NaN   5   5               1  17.0 NaN  17  17   
Austrian Airlines            1   1                     1   0.0 NaN   0   0               1   1.0 NaN   1   1   
Avianca                      5   5                     1   3.0 NaN   3   3               1   0.0 NaN   0   0   
British Airways*             4   4                     1   0.0 NaN   0   0               1   6.0 NaN   6   6   
COPA                         3   3                     1   1.0 NaN   1   1               1   0.0 NaN   0   0   
Cathay Pacific*              0   0                     1   0.0 NaN   0   0               1   2.0 NaN   2   2   
China Airlines              12  12                     1   6.0 NaN   6   6               1   2.0 NaN   2   2   
Condor                       2   2                     1   1.0 NaN   1   1               1   0.0 NaN   0   0   
Delta / Northwest*          24  24                     1  12.0 NaN  12  12               1  24.0 NaN  24  24   
Egyptair                     8   8                     1   3.0 NaN   3   3               1   4.0 NaN   4   4   
El Al                        1   1                     1   1.0 NaN   1   1               1   1.0 NaN   1   1   
Ethiopian Airlines          25  25                     1   5.0 NaN   5   5               1   5.0 NaN   5   5   
Finnair                      1   1                     1   0.0 NaN   0   0               1   0.0 NaN   0   0   
Garuda Indonesia            10  10                     1   3.0 NaN   3   3               1   4.0 NaN   4   4   
Gulf Air                     1   1                     1   0.0 NaN   0   0               1   3.0 NaN   3   3   
Hawaiian Airlines            0   0                     1   0.0 NaN   0   0               1   1.0 NaN   1   1   
Iberia                       4   4                     1   1.0 NaN   1   1               1   5.0 NaN   5   5   
Japan Airlines               3   3                     1   1.0 NaN   1   1               1   0.0 NaN   0   0   
KLM*                         7   7                     1   1.0 NaN   1   1               1   1.0 NaN   1   1   
Kenya Airways                2   2                     1   0.0 NaN   0   0               1   2.0 NaN   2   2   
Korean Air                  12  12                     1   5.0 NaN   5   5               1   1.0 NaN   1   1   
LAN Airlines                 3   3                     1   2.0 NaN   2   2               1   0.0 NaN   0   0   
Lufthansa*                   6   6                     1   1.0 NaN   1   1               1   3.0 NaN   3   3   
Malaysia Airlines            3   3                     1   1.0 NaN   1   1               1   3.0 NaN   3   3   
Pakistan International       8   8                     1   3.0 NaN   3   3               1  10.0 NaN  10  10   
Philippine Airlines          7   7                     1   4.0 NaN   4   4               1   2.0 NaN   2   2   
Qantas*                      1   1                     1   0.0 NaN   0   0               1   5.0 NaN   5   5   
Royal Air Maroc              5   5                     1   3.0 NaN   3   3               1   3.0 NaN   3   3   
SAS*                         5   5                     1   0.0 NaN   0   0               1   6.0 NaN   6   6   
SWISS*                       2   2                     1   1.0 NaN   1   1               1   3.0 NaN   3   3   
Saudi Arabian                7   7                     1   2.0 NaN   2   2               1  11.0 NaN  11  11   
Singapore Airlines           2   2                     1   2.0 NaN   2   2               1   2.0 NaN   2   2   
South African                2   2                     1   1.0 NaN   1   1               1   1.0 NaN   1   1   
Southwest Airlines           1   1                     1   0.0 NaN   0   0               1   8.0 NaN   8   8   
Sri Lankan / AirLanka        2   2                     1   1.0 NaN   1   1               1   4.0 NaN   4   4   
TACA                         3   3                     1   1.0 NaN   1   1               1   1.0 NaN   1   1   
TAM                          8   8                     1   3.0 NaN   3   3               1   7.0 NaN   7   7   
TAP - Air Portugal           0   0                     1   0.0 NaN   0   0               1   0.0 NaN   0   0   
Thai Airways                 8   8                     1   4.0 NaN   4   4               1   2.0 NaN   2   2   
Turkish Airlines             8   8                     1   3.0 NaN   3   3               1   8.0 NaN   8   8   
US Airways / America West*  16  16                     1   7.0 NaN   7   7               1  11.0 NaN  11  11   
United / Continental*       19  19                     1   8.0 NaN   8   8               1  14.0 NaN  14  14   
Vietnam Airlines             7   7                     1   3.0 NaN   3   3               1   1.0 NaN   1   1   
Virgin Atlantic              1   1                     1   0.0 NaN   0   0               1   0.0 NaN   0   0   
Xiamen Airlines              9   9                     1   1.0 NaN   1   1               1   2.0 NaN   2   2   

                           fatalities_00_14                       
                                      count   mean std  min  max  
airline                                                           
Aer Lingus                                1    0.0 NaN    0    0  
Aeroflot*                                 1   88.0 NaN   88   88  
Aerolineas Argentinas                     1    0.0 NaN    0    0  
Aeromexico*                               1    0.0 NaN    0    0  
Air Canada                                1    0.0 NaN    0    0  
Air France                                1  337.0 NaN  337  337  
Air India*                                1  158.0 NaN  158  158  
Air New Zealand*                          1    7.0 NaN    7    7  
Alaska Airlines*                          1   88.0 NaN   88   88  
Alitalia                                  1    0.0 NaN    0    0  
All Nippon Airways                        1    0.0 NaN    0    0  
American*                                 1  416.0 NaN  416  416  
Austrian Airlines                         1    0.0 NaN    0    0  
Avianca                                   1    0.0 NaN    0    0  
British Airways*                          1    0.0 NaN    0    0  
COPA                                      1    0.0 NaN    0    0  
Cathay Pacific*                           1    0.0 NaN    0    0  
China Airlines                            1  225.0 NaN  225  225  
Condor                                    1    0.0 NaN    0    0  
Delta / Northwest*                        1   51.0 NaN   51   51  
Egyptair                                  1   14.0 NaN   14   14  
El Al                                     1    0.0 NaN    0    0  
Ethiopian Airlines                        1   92.0 NaN   92   92  
Finnair                                   1    0.0 NaN    0    0  
Garuda Indonesia                          1   22.0 NaN   22   22  
Gulf Air                                  1  143.0 NaN  143  143  
Hawaiian Airlines                         1    0.0 NaN    0    0  
Iberia                                    1    0.0 NaN    0    0  
Japan Airlines                            1    0.0 NaN    0    0  
KLM*                                      1    0.0 NaN    0    0  
Kenya Airways                             1  283.0 NaN  283  283  
Korean Air                                1    0.0 NaN    0    0  
LAN Airlines                              1    0.0 NaN    0    0  
Lufthansa*                                1    0.0 NaN    0    0  
Malaysia Airlines                         1  537.0 NaN  537  537  
Pakistan International                    1   46.0 NaN   46   46  
Philippine Airlines                       1    1.0 NaN    1    1  
Qantas*                                   1    0.0 NaN    0    0  
Royal Air Maroc                           1    0.0 NaN    0    0  
SAS*                                      1  110.0 NaN  110  110  
SWISS*                                    1    0.0 NaN    0    0  
Saudi Arabian                             1    0.0 NaN    0    0  
Singapore Airlines                        1   83.0 NaN   83   83  
South African                             1    0.0 NaN    0    0  
Southwest Airlines                        1    0.0 NaN    0    0  
Sri Lankan / AirLanka                     1    0.0 NaN    0    0  
TACA                                      1    3.0 NaN    3    3  
TAM                                       1  188.0 NaN  188  188  
TAP - Air Portugal                        1    0.0 NaN    0    0  
Thai Airways                              1    1.0 NaN    1    1  
Turkish Airlines                          1   84.0 NaN   84   84  
US Airways / America West*                1   23.0 NaN   23   23  
United / Continental*                     1  109.0 NaN  109  109  
Vietnam Airlines                          1    0.0 NaN    0    0  
Virgin Atlantic                           1    0.0 NaN    0    0  
Xiamen Airlines                           1    0.0 NaN    0    0  
2026-06-09 12:49:53 | INFO | P06-NB | --------------- Improving the output ---------------
2026-06-09 12:49:53 | DEBUG | P06-NB | 
                                        count         mean  std        min        max
airline                                                                              
Aer Lingus      avail_seat_km_per_week      1  320906734.0  NaN  320906734  320906734
                incidents_85_99             1          2.0  NaN          2          2
                fatal_accidents_85_99       1          0.0  NaN          0          0
                incidents_00_14             1          0.0  NaN          0          0
                fatalities_00_14            1          0.0  NaN          0          0
...                                       ...          ...  ...        ...        ...
Xiamen Airlines avail_seat_km_per_week      1  430462962.0  NaN  430462962  430462962
                incidents_85_99             1          9.0  NaN          9          9
                fatal_accidents_85_99       1          1.0  NaN          1          1
                incidents_00_14             1          2.0  NaN          2          2
                fatalities_00_14            1          0.0  NaN          0          0

[280 rows x 5 columns]
2026-06-09 12:49:53 | INFO | P06-NB | Computing correlation matrix for numeric columns
2026-06-09 12:49:53 | INFO | P06-NB | 
Correlation matrix:
2026-06-09 12:49:53 | DEBUG | P06-NB | 
                        avail_seat_km_per_week  incidents_85_99  fatal_accidents_85_99  incidents_00_14  \
avail_seat_km_per_week                1.000000         0.279538               0.468300         0.725917   
incidents_85_99                       0.279538         1.000000               0.856991         0.403009   
fatal_accidents_85_99                 0.468300         0.856991               1.000000         0.572923   
incidents_00_14                       0.725917         0.403009               0.572923         1.000000   
fatalities_00_14                      0.228484         0.195337               0.186985         0.282009   

                        fatalities_00_14  
avail_seat_km_per_week          0.228484  
incidents_85_99                 0.195337  
fatal_accidents_85_99           0.186985  
incidents_00_14                 0.282009  
fatalities_00_14                1.000000  
2026-06-09 12:49:53 | INFO | P06-NB | ---------Visualize Correlation Matrix as a Heatmap---------------
2026-06-09 12:49:54 | INFO | P06-NB | ---- Creating Scatter Plot to see Relationships ------
2026-06-09 12:49:54 | INFO | P06-NB | ----   Use clean dataframe ---------------------------
2026-06-09 12:49:54 | INFO | P06-NB | ----   Set x to Available seat km per week -----------------------
2026-06-09 12:49:54 | INFO | P06-NB | ----   Set y to Incidents (2000–2014) --------------------------
2026-06-09 12:49:54 | INFO | P06-NB | ----   Set the hue (color mapping) to the group column --
2026-06-09 12:49:54 | INFO | P06-NB | ------- Creating another chart -------
2026-06-09 12:49:54 | INFO | P06-NB | ------ Creating Box Plot to see Distribution: ---------
2026-06-09 12:49:54 | INFO | P06-NB | ------   Use clean dataframe --------------------------
2026-06-09 12:49:54 | INFO | P06-NB | ------   Set x to the group column --------------------
2026-06-09 12:49:54 | INFO | P06-NB | ------   Set y to Fatalities (2000–2014) ----------------------
2026-06-09 12:49:55 | INFO | P06-NB | ========================
2026-06-09 12:49:55 | INFO | P06-NB | SUMMARY
2026-06-09 12:49:55 | INFO | P06-NB | ========================
2026-06-09 12:49:55 | INFO | P06-NB | Dataset: airline-safety
2026-06-09 12:49:55 | INFO | P06-NB | Original rows: 56
2026-06-09 12:49:55 | INFO | P06-NB | Clean rows:    56
2026-06-09 12:49:55 | INFO | P06-NB | Groups found in airline: ['Aer Lingus', 'Aeroflot*', 'Aerolineas Argentinas', 'Aeromexico*', 'Air Canada', 'Air France', 'Air India*', 'Air New Zealand*', 'Alaska Airlines*', 'Alitalia', 'All Nippon Airways', 'American*', 'Austrian Airlines', 'Avianca', 'British Airways*', 'COPA', 'Cathay Pacific*', 'China Airlines', 'Condor', 'Delta / Northwest*', 'Egyptair', 'El Al', 'Ethiopian Airlines', 'Finnair', 'Garuda Indonesia', 'Gulf Air', 'Hawaiian Airlines', 'Iberia', 'Japan Airlines', 'KLM*', 'Kenya Airways', 'Korean Air', 'LAN Airlines', 'Lufthansa*', 'Malaysia Airlines', 'Pakistan International', 'Philippine Airlines', 'Qantas*', 'Royal Air Maroc', 'SAS*', 'SWISS*', 'Saudi Arabian', 'Singapore Airlines', 'South African', 'Southwest Airlines', 'Sri Lankan / AirLanka', 'TACA', 'TAM', 'TAP - Air Portugal', 'Thai Airways', 'Turkish Airlines', 'US Airways / America West*', 'United / Continental*', 'Vietnam Airlines', 'Virgin Atlantic', 'Xiamen Airlines']
2026-06-09 12:49:55 | INFO | P06-NB | ======================
2026-06-09 12:49:55 | INFO | P06-NB | Review the results. 
2026-06-09 12:49:55 | INFO | P06-NB | Determine the strongest correlations. 
2026-06-09 12:49:55 | INFO | P06-NB | ======================
2026-06-09 12:49:55 | INFO | P06-NB | Look for interesting patterns in the charts. 
2026-06-09 12:49:55 | INFO | P06-NB | Repeat the process, exploring additional angles.
2026-06-09 12:49:55 | INFO | P06-NB | After finding interesting insights, conclude your analysis.
2026-06-09 12:49:55 | INFO | P06-NB | ======================
2026-06-09 12:49:55 | INFO | P06-NB | Include instructions and specifics in your README.md file.
2026-06-09 12:49:55 | INFO | P06-NB | Write up your narrative on your docs/index.md file.
2026-06-09 12:49:55 | INFO | P06-NB | Include your next step suggestions for further analysis or modeling.
2026-06-09 12:49:55 | INFO | P06-NB | ======================
2026-06-09 12:49:55 | INFO | P06-NB | EDA workflow complete
2026-06-09 12:49:55 | INFO | P06-NB | ========================
2026-06-09 12:49:55 | INFO | P06-NB | Executed successfully!
2026-06-09 12:49:55 | INFO | P06-NB | ========================
2026-06-09 12:51:05 | INFO | P06-NB | --------------- Improving the output ---------------
2026-06-09 12:51:05 | DEBUG | P06-NB | 
                                        count         mean  std        min        max
airline                                                                              
Aer Lingus      avail_seat_km_per_week      1  320906734.0  NaN  320906734  320906734
                incidents_85_99             1          2.0  NaN          2          2
                fatal_accidents_85_99       1          0.0  NaN          0          0
                incidents_00_14             1          0.0  NaN          0          0
                fatalities_00_14            1          0.0  NaN          0          0
...                                       ...          ...  ...        ...        ...
Xiamen Airlines avail_seat_km_per_week      1  430462962.0  NaN  430462962  430462962
                incidents_85_99             1          9.0  NaN          9          9
                fatal_accidents_85_99       1          1.0  NaN          1          1
                incidents_00_14             1          2.0  NaN          2          2
                fatalities_00_14            1          0.0  NaN          0          0

[280 rows x 5 columns]
2026-06-09 12:51:05 | INFO | P06-NB | Computing correlation matrix for numeric columns
2026-06-09 12:51:05 | INFO | P06-NB | 
Correlation matrix:
2026-06-09 12:51:05 | DEBUG | P06-NB | 
                        avail_seat_km_per_week  incidents_85_99  fatal_accidents_85_99  incidents_00_14  \
avail_seat_km_per_week                1.000000         0.279538               0.468300         0.725917   
incidents_85_99                       0.279538         1.000000               0.856991         0.403009   
fatal_accidents_85_99                 0.468300         0.856991               1.000000         0.572923   
incidents_00_14                       0.725917         0.403009               0.572923         1.000000   
fatalities_00_14                      0.228484         0.195337               0.186985         0.282009   

                        fatalities_00_14  
avail_seat_km_per_week          0.228484  
incidents_85_99                 0.195337  
fatal_accidents_85_99           0.186985  
incidents_00_14                 0.282009  
fatalities_00_14                1.000000  
2026-06-09 12:51:05 | INFO | P06-NB | ---------Visualize Correlation Matrix as a Heatmap---------------
2026-06-09 12:51:06 | INFO | P06-NB | ---- Creating Scatter Plot to see Relationships ------
2026-06-09 12:51:06 | INFO | P06-NB | ----   Use clean dataframe ---------------------------
2026-06-09 12:51:06 | INFO | P06-NB | ----   Set x to Available seat km per week -----------------------
2026-06-09 12:51:06 | INFO | P06-NB | ----   Set y to Incidents (2000–2014) --------------------------
2026-06-09 12:51:06 | INFO | P06-NB | ----   Set the hue (color mapping) to the group column --
2026-06-09 12:51:06 | INFO | P06-NB | ------- Creating another chart -------
2026-06-09 12:51:06 | INFO | P06-NB | ------ Creating Box Plot to see Distribution: ---------
2026-06-09 12:51:06 | INFO | P06-NB | ------   Use clean dataframe --------------------------
2026-06-09 12:51:06 | INFO | P06-NB | ------   Set x to the group column --------------------
2026-06-09 12:51:06 | INFO | P06-NB | ------   Set y to Fatalities (2000–2014) ----------------------
2026-06-09 12:51:07 | INFO | P06-NB | ========================
2026-06-09 12:51:07 | INFO | P06-NB | SUMMARY
2026-06-09 12:51:07 | INFO | P06-NB | ========================
2026-06-09 12:51:07 | INFO | P06-NB | Dataset: airline-safety
2026-06-09 12:51:07 | INFO | P06-NB | Original rows: 56
2026-06-09 12:51:07 | INFO | P06-NB | Clean rows:    56
2026-06-09 12:51:07 | INFO | P06-NB | Groups found in airline: ['Aer Lingus', 'Aeroflot*', 'Aerolineas Argentinas', 'Aeromexico*', 'Air Canada', 'Air France', 'Air India*', 'Air New Zealand*', 'Alaska Airlines*', 'Alitalia', 'All Nippon Airways', 'American*', 'Austrian Airlines', 'Avianca', 'British Airways*', 'COPA', 'Cathay Pacific*', 'China Airlines', 'Condor', 'Delta / Northwest*', 'Egyptair', 'El Al', 'Ethiopian Airlines', 'Finnair', 'Garuda Indonesia', 'Gulf Air', 'Hawaiian Airlines', 'Iberia', 'Japan Airlines', 'KLM*', 'Kenya Airways', 'Korean Air', 'LAN Airlines', 'Lufthansa*', 'Malaysia Airlines', 'Pakistan International', 'Philippine Airlines', 'Qantas*', 'Royal Air Maroc', 'SAS*', 'SWISS*', 'Saudi Arabian', 'Singapore Airlines', 'South African', 'Southwest Airlines', 'Sri Lankan / AirLanka', 'TACA', 'TAM', 'TAP - Air Portugal', 'Thai Airways', 'Turkish Airlines', 'US Airways / America West*', 'United / Continental*', 'Vietnam Airlines', 'Virgin Atlantic', 'Xiamen Airlines']
2026-06-09 12:51:07 | INFO | P06-NB | ======================
2026-06-09 12:51:07 | INFO | P06-NB | Review the results. 
2026-06-09 12:51:07 | INFO | P06-NB | Determine the strongest correlations. 
2026-06-09 12:51:07 | INFO | P06-NB | ======================
2026-06-09 12:51:07 | INFO | P06-NB | Look for interesting patterns in the charts. 
2026-06-09 12:51:07 | INFO | P06-NB | Repeat the process, exploring additional angles.
2026-06-09 12:51:07 | INFO | P06-NB | After finding interesting insights, conclude your analysis.
2026-06-09 12:51:07 | INFO | P06-NB | ======================
2026-06-09 12:51:07 | INFO | P06-NB | Include instructions and specifics in your README.md file.
2026-06-09 12:51:07 | INFO | P06-NB | Write up your narrative on your docs/index.md file.
2026-06-09 12:51:07 | INFO | P06-NB | Include your next step suggestions for further analysis or modeling.
2026-06-09 12:51:07 | INFO | P06-NB | ======================
2026-06-09 12:51:07 | INFO | P06-NB | EDA workflow complete
2026-06-09 12:51:07 | INFO | P06-NB | ========================
2026-06-09 12:51:07 | INFO | P06-NB | Executed successfully!
2026-06-09 12:51:07 | INFO | P06-NB | ========================
2026-06-09 12:52:15 | INFO | P06-NB | Computing correlation matrix for numeric columns
2026-06-09 12:52:15 | INFO | P06-NB | 
Correlation matrix:
2026-06-09 12:52:15 | DEBUG | P06-NB | 
                        avail_seat_km_per_week  incidents_85_99  fatal_accidents_85_99  incidents_00_14  \
avail_seat_km_per_week                1.000000         0.279538               0.468300         0.725917   
incidents_85_99                       0.279538         1.000000               0.856991         0.403009   
fatal_accidents_85_99                 0.468300         0.856991               1.000000         0.572923   
incidents_00_14                       0.725917         0.403009               0.572923         1.000000   
fatalities_00_14                      0.228484         0.195337               0.186985         0.282009   

                        fatalities_00_14  
avail_seat_km_per_week          0.228484  
incidents_85_99                 0.195337  
fatal_accidents_85_99           0.186985  
incidents_00_14                 0.282009  
fatalities_00_14                1.000000  
2026-06-09 12:52:15 | INFO | P06-NB | ---------Visualize Correlation Matrix as a Heatmap---------------
2026-06-09 12:52:15 | INFO | P06-NB | ---- Creating Scatter Plot to see Relationships ------
2026-06-09 12:52:15 | INFO | P06-NB | ----   Use clean dataframe ---------------------------
2026-06-09 12:52:15 | INFO | P06-NB | ----   Set x to Available seat km per week -----------------------
2026-06-09 12:52:15 | INFO | P06-NB | ----   Set y to Incidents (2000–2014) --------------------------
2026-06-09 12:52:15 | INFO | P06-NB | ----   Set the hue (color mapping) to the group column --
2026-06-09 12:52:16 | INFO | P06-NB | ------- Creating another chart -------
2026-06-09 12:52:16 | INFO | P06-NB | ------ Creating Box Plot to see Distribution: ---------
2026-06-09 12:52:16 | INFO | P06-NB | ------   Use clean dataframe --------------------------
2026-06-09 12:52:16 | INFO | P06-NB | ------   Set x to the group column --------------------
2026-06-09 12:52:16 | INFO | P06-NB | ------   Set y to Fatalities (2000–2014) ----------------------
2026-06-09 12:52:16 | INFO | P06-NB | ========================
2026-06-09 12:52:16 | INFO | P06-NB | SUMMARY
2026-06-09 12:52:16 | INFO | P06-NB | ========================
2026-06-09 12:52:16 | INFO | P06-NB | Dataset: airline-safety
2026-06-09 12:52:16 | INFO | P06-NB | Original rows: 56
2026-06-09 12:52:16 | INFO | P06-NB | Clean rows:    56
2026-06-09 12:52:16 | INFO | P06-NB | Groups found in airline: ['Aer Lingus', 'Aeroflot*', 'Aerolineas Argentinas', 'Aeromexico*', 'Air Canada', 'Air France', 'Air India*', 'Air New Zealand*', 'Alaska Airlines*', 'Alitalia', 'All Nippon Airways', 'American*', 'Austrian Airlines', 'Avianca', 'British Airways*', 'COPA', 'Cathay Pacific*', 'China Airlines', 'Condor', 'Delta / Northwest*', 'Egyptair', 'El Al', 'Ethiopian Airlines', 'Finnair', 'Garuda Indonesia', 'Gulf Air', 'Hawaiian Airlines', 'Iberia', 'Japan Airlines', 'KLM*', 'Kenya Airways', 'Korean Air', 'LAN Airlines', 'Lufthansa*', 'Malaysia Airlines', 'Pakistan International', 'Philippine Airlines', 'Qantas*', 'Royal Air Maroc', 'SAS*', 'SWISS*', 'Saudi Arabian', 'Singapore Airlines', 'South African', 'Southwest Airlines', 'Sri Lankan / AirLanka', 'TACA', 'TAM', 'TAP - Air Portugal', 'Thai Airways', 'Turkish Airlines', 'US Airways / America West*', 'United / Continental*', 'Vietnam Airlines', 'Virgin Atlantic', 'Xiamen Airlines']
2026-06-09 12:52:16 | INFO | P06-NB | ======================
2026-06-09 12:52:16 | INFO | P06-NB | Review the results. 
2026-06-09 12:52:16 | INFO | P06-NB | Determine the strongest correlations. 
2026-06-09 12:52:16 | INFO | P06-NB | ======================
2026-06-09 12:52:16 | INFO | P06-NB | Look for interesting patterns in the charts. 
2026-06-09 12:52:16 | INFO | P06-NB | Repeat the process, exploring additional angles.
2026-06-09 12:52:16 | INFO | P06-NB | After finding interesting insights, conclude your analysis.
2026-06-09 12:52:16 | INFO | P06-NB | ======================
2026-06-09 12:52:16 | INFO | P06-NB | Include instructions and specifics in your README.md file.
2026-06-09 12:52:16 | INFO | P06-NB | Write up your narrative on your docs/index.md file.
2026-06-09 12:52:16 | INFO | P06-NB | Include your next step suggestions for further analysis or modeling.
2026-06-09 12:52:16 | INFO | P06-NB | ======================
2026-06-09 12:52:16 | INFO | P06-NB | EDA workflow complete
2026-06-09 12:52:16 | INFO | P06-NB | ========================
2026-06-09 12:52:16 | INFO | P06-NB | Executed successfully!
2026-06-09 12:52:16 | INFO | P06-NB | ========================
2026-06-09 12:53:22 | INFO | P06-NB | ---------Visualize Correlation Matrix as a Heatmap---------------
2026-06-09 12:53:22 | INFO | P06-NB | ---- Creating Scatter Plot to see Relationships ------
2026-06-09 12:53:22 | INFO | P06-NB | ----   Use clean dataframe ---------------------------
2026-06-09 12:53:22 | INFO | P06-NB | ----   Set x to Available seat km per week -----------------------
2026-06-09 12:53:22 | INFO | P06-NB | ----   Set y to Incidents (2000–2014) --------------------------
2026-06-09 12:53:22 | INFO | P06-NB | ----   Set the hue (color mapping) to the group column --
2026-06-09 12:53:22 | INFO | P06-NB | ------- Creating another chart -------
2026-06-09 12:53:22 | INFO | P06-NB | ------ Creating Box Plot to see Distribution: ---------
2026-06-09 12:53:22 | INFO | P06-NB | ------   Use clean dataframe --------------------------
2026-06-09 12:53:22 | INFO | P06-NB | ------   Set x to the group column --------------------
2026-06-09 12:53:22 | INFO | P06-NB | ------   Set y to Fatalities (2000–2014) ----------------------
2026-06-09 12:53:23 | INFO | P06-NB | ========================
2026-06-09 12:53:23 | INFO | P06-NB | SUMMARY
2026-06-09 12:53:23 | INFO | P06-NB | ========================
2026-06-09 12:53:23 | INFO | P06-NB | Dataset: airline-safety
2026-06-09 12:53:23 | INFO | P06-NB | Original rows: 56
2026-06-09 12:53:23 | INFO | P06-NB | Clean rows:    56
2026-06-09 12:53:23 | INFO | P06-NB | Groups found in airline: ['Aer Lingus', 'Aeroflot*', 'Aerolineas Argentinas', 'Aeromexico*', 'Air Canada', 'Air France', 'Air India*', 'Air New Zealand*', 'Alaska Airlines*', 'Alitalia', 'All Nippon Airways', 'American*', 'Austrian Airlines', 'Avianca', 'British Airways*', 'COPA', 'Cathay Pacific*', 'China Airlines', 'Condor', 'Delta / Northwest*', 'Egyptair', 'El Al', 'Ethiopian Airlines', 'Finnair', 'Garuda Indonesia', 'Gulf Air', 'Hawaiian Airlines', 'Iberia', 'Japan Airlines', 'KLM*', 'Kenya Airways', 'Korean Air', 'LAN Airlines', 'Lufthansa*', 'Malaysia Airlines', 'Pakistan International', 'Philippine Airlines', 'Qantas*', 'Royal Air Maroc', 'SAS*', 'SWISS*', 'Saudi Arabian', 'Singapore Airlines', 'South African', 'Southwest Airlines', 'Sri Lankan / AirLanka', 'TACA', 'TAM', 'TAP - Air Portugal', 'Thai Airways', 'Turkish Airlines', 'US Airways / America West*', 'United / Continental*', 'Vietnam Airlines', 'Virgin Atlantic', 'Xiamen Airlines']
2026-06-09 12:53:23 | INFO | P06-NB | ======================
2026-06-09 12:53:23 | INFO | P06-NB | Review the results. 
2026-06-09 12:53:23 | INFO | P06-NB | Determine the strongest correlations. 
2026-06-09 12:53:23 | INFO | P06-NB | ======================
2026-06-09 12:53:23 | INFO | P06-NB | Look for interesting patterns in the charts. 
2026-06-09 12:53:23 | INFO | P06-NB | Repeat the process, exploring additional angles.
2026-06-09 12:53:23 | INFO | P06-NB | After finding interesting insights, conclude your analysis.
2026-06-09 12:53:23 | INFO | P06-NB | ======================
2026-06-09 12:53:23 | INFO | P06-NB | Include instructions and specifics in your README.md file.
2026-06-09 12:53:23 | INFO | P06-NB | Write up your narrative on your docs/index.md file.
2026-06-09 12:53:23 | INFO | P06-NB | Include your next step suggestions for further analysis or modeling.
2026-06-09 12:53:23 | INFO | P06-NB | ======================
2026-06-09 12:53:23 | INFO | P06-NB | EDA workflow complete
2026-06-09 12:53:23 | INFO | P06-NB | ========================
2026-06-09 12:53:23 | INFO | P06-NB | Executed successfully!
2026-06-09 12:53:23 | INFO | P06-NB | ========================
2026-06-09 12:56:12 | INFO | P06-NB | ---- Creating Scatter Plot to see Relationships ------
2026-06-09 12:56:12 | INFO | P06-NB | ----   Use clean dataframe ---------------------------
2026-06-09 12:56:12 | INFO | P06-NB | ----   Set x to Available seat km per week -----------------------
2026-06-09 12:56:12 | INFO | P06-NB | ----   Set y to Incidents (2000–2014) --------------------------
2026-06-09 12:56:12 | INFO | P06-NB | ----   Set the hue (color mapping) to the group column --
2026-06-09 12:56:12 | INFO | P06-NB | ------- Creating another chart -------
2026-06-09 12:56:12 | INFO | P06-NB | ------ Creating Box Plot to see Distribution: ---------
2026-06-09 12:56:12 | INFO | P06-NB | ------   Use clean dataframe --------------------------
2026-06-09 12:56:12 | INFO | P06-NB | ------   Set x to the group column --------------------
2026-06-09 12:56:12 | INFO | P06-NB | ------   Set y to Fatalities (2000–2014) ----------------------
2026-06-09 12:56:12 | INFO | P06-NB | ========================
2026-06-09 12:56:12 | INFO | P06-NB | SUMMARY
2026-06-09 12:56:12 | INFO | P06-NB | ========================
2026-06-09 12:56:12 | INFO | P06-NB | Dataset: airline-safety
2026-06-09 12:56:12 | INFO | P06-NB | Original rows: 56
2026-06-09 12:56:12 | INFO | P06-NB | Clean rows:    56
2026-06-09 12:56:12 | INFO | P06-NB | Groups found in airline: ['Aer Lingus', 'Aeroflot*', 'Aerolineas Argentinas', 'Aeromexico*', 'Air Canada', 'Air France', 'Air India*', 'Air New Zealand*', 'Alaska Airlines*', 'Alitalia', 'All Nippon Airways', 'American*', 'Austrian Airlines', 'Avianca', 'British Airways*', 'COPA', 'Cathay Pacific*', 'China Airlines', 'Condor', 'Delta / Northwest*', 'Egyptair', 'El Al', 'Ethiopian Airlines', 'Finnair', 'Garuda Indonesia', 'Gulf Air', 'Hawaiian Airlines', 'Iberia', 'Japan Airlines', 'KLM*', 'Kenya Airways', 'Korean Air', 'LAN Airlines', 'Lufthansa*', 'Malaysia Airlines', 'Pakistan International', 'Philippine Airlines', 'Qantas*', 'Royal Air Maroc', 'SAS*', 'SWISS*', 'Saudi Arabian', 'Singapore Airlines', 'South African', 'Southwest Airlines', 'Sri Lankan / AirLanka', 'TACA', 'TAM', 'TAP - Air Portugal', 'Thai Airways', 'Turkish Airlines', 'US Airways / America West*', 'United / Continental*', 'Vietnam Airlines', 'Virgin Atlantic', 'Xiamen Airlines']
2026-06-09 12:56:12 | INFO | P06-NB | ======================
2026-06-09 12:56:12 | INFO | P06-NB | Review the results. 
2026-06-09 12:56:12 | INFO | P06-NB | Determine the strongest correlations. 
2026-06-09 12:56:12 | INFO | P06-NB | ======================
2026-06-09 12:56:12 | INFO | P06-NB | Look for interesting patterns in the charts. 
2026-06-09 12:56:12 | INFO | P06-NB | Repeat the process, exploring additional angles.
2026-06-09 12:56:12 | INFO | P06-NB | After finding interesting insights, conclude your analysis.
2026-06-09 12:56:12 | INFO | P06-NB | ======================
2026-06-09 12:56:12 | INFO | P06-NB | Include instructions and specifics in your README.md file.
2026-06-09 12:56:12 | INFO | P06-NB | Write up your narrative on your docs/index.md file.
2026-06-09 12:56:12 | INFO | P06-NB | Include your next step suggestions for further analysis or modeling.
2026-06-09 12:56:12 | INFO | P06-NB | ======================
2026-06-09 12:56:12 | INFO | P06-NB | EDA workflow complete
2026-06-09 12:56:12 | INFO | P06-NB | ========================
2026-06-09 12:56:12 | INFO | P06-NB | Executed successfully!
2026-06-09 12:56:12 | INFO | P06-NB | ========================
2026-06-09 12:58:03 | INFO | P06-NB | ------- Creating another chart -------
2026-06-09 12:58:03 | INFO | P06-NB | ------ Creating Box Plot to see Distribution: ---------
2026-06-09 12:58:03 | INFO | P06-NB | ------   Use clean dataframe --------------------------
2026-06-09 12:58:03 | INFO | P06-NB | ------   Set x to the group column --------------------
2026-06-09 12:58:03 | INFO | P06-NB | ------   Set y to Fatalities (2000–2014) ----------------------
2026-06-09 12:58:04 | INFO | P06-NB | ========================
2026-06-09 12:58:04 | INFO | P06-NB | SUMMARY
2026-06-09 12:58:04 | INFO | P06-NB | ========================
2026-06-09 12:58:04 | INFO | P06-NB | Dataset: airline-safety
2026-06-09 12:58:04 | INFO | P06-NB | Original rows: 56
2026-06-09 12:58:04 | INFO | P06-NB | Clean rows:    56
2026-06-09 12:58:04 | INFO | P06-NB | Groups found in airline: ['Aer Lingus', 'Aeroflot*', 'Aerolineas Argentinas', 'Aeromexico*', 'Air Canada', 'Air France', 'Air India*', 'Air New Zealand*', 'Alaska Airlines*', 'Alitalia', 'All Nippon Airways', 'American*', 'Austrian Airlines', 'Avianca', 'British Airways*', 'COPA', 'Cathay Pacific*', 'China Airlines', 'Condor', 'Delta / Northwest*', 'Egyptair', 'El Al', 'Ethiopian Airlines', 'Finnair', 'Garuda Indonesia', 'Gulf Air', 'Hawaiian Airlines', 'Iberia', 'Japan Airlines', 'KLM*', 'Kenya Airways', 'Korean Air', 'LAN Airlines', 'Lufthansa*', 'Malaysia Airlines', 'Pakistan International', 'Philippine Airlines', 'Qantas*', 'Royal Air Maroc', 'SAS*', 'SWISS*', 'Saudi Arabian', 'Singapore Airlines', 'South African', 'Southwest Airlines', 'Sri Lankan / AirLanka', 'TACA', 'TAM', 'TAP - Air Portugal', 'Thai Airways', 'Turkish Airlines', 'US Airways / America West*', 'United / Continental*', 'Vietnam Airlines', 'Virgin Atlantic', 'Xiamen Airlines']
2026-06-09 12:58:04 | INFO | P06-NB | ======================
2026-06-09 12:58:04 | INFO | P06-NB | Review the results. 
2026-06-09 12:58:04 | INFO | P06-NB | Determine the strongest correlations. 
2026-06-09 12:58:04 | INFO | P06-NB | ======================
2026-06-09 12:58:04 | INFO | P06-NB | Look for interesting patterns in the charts. 
2026-06-09 12:58:04 | INFO | P06-NB | Repeat the process, exploring additional angles.
2026-06-09 12:58:04 | INFO | P06-NB | After finding interesting insights, conclude your analysis.
2026-06-09 12:58:04 | INFO | P06-NB | ======================
2026-06-09 12:58:04 | INFO | P06-NB | Include instructions and specifics in your README.md file.
2026-06-09 12:58:04 | INFO | P06-NB | Write up your narrative on your docs/index.md file.
2026-06-09 12:58:04 | INFO | P06-NB | Include your next step suggestions for further analysis or modeling.
2026-06-09 12:58:04 | INFO | P06-NB | ======================
2026-06-09 12:58:04 | INFO | P06-NB | EDA workflow complete
2026-06-09 12:58:04 | INFO | P06-NB | ========================
2026-06-09 12:58:04 | INFO | P06-NB | Executed successfully!
2026-06-09 12:58:04 | INFO | P06-NB | ========================
2026-06-09 13:03:25 | INFO | P06-NB | --------------- Manual statistics ---------------
2026-06-09 13:03:25 | DEBUG | P06-NB | incidents_00_14 Statistics (using numpy):
2026-06-09 13:03:25 | DEBUG | P06-NB |   Mean: 4.12
2026-06-09 13:03:25 | DEBUG | P06-NB |   Std Dev: 4.50
2026-06-09 13:03:25 | DEBUG | P06-NB |   Min: 0.00
2026-06-09 13:03:25 | DEBUG | P06-NB |   Max: 24.00
2026-06-09 13:03:25 | DEBUG | P06-NB |   Range: 24.00
2026-06-09 13:03:25 | INFO | P06-NB | Computing overall descriptive statistics
2026-06-09 13:03:25 | DEBUG | P06-NB | 
                        count          mean           std          min           25%          50%           75%  \
avail_seat_km_per_week   56.0  1.384621e+09  1.465317e+09  259373346.0  4.740362e+08  802908893.0  1.847239e+09   
incidents_85_99          56.0  7.178571e+00  1.103566e+01          0.0  2.000000e+00          4.0  8.000000e+00   
fatal_accidents_85_99    56.0  2.178571e+00  2.861069e+00          0.0  0.000000e+00          1.0  3.000000e+00   
incidents_00_14          56.0  4.125000e+00  4.544977e+00          0.0  1.000000e+00          3.0  5.250000e+00   
fatalities_00_14         56.0  5.551786e+01  1.113328e+02          0.0  0.000000e+00          0.0  8.325000e+01   

                                 max  
avail_seat_km_per_week  7.139291e+09  
incidents_85_99         7.600000e+01  
fatal_accidents_85_99   1.400000e+01  
incidents_00_14         2.400000e+01  
fatalities_00_14        5.370000e+02  
2026-06-09 13:03:25 | INFO | P06-NB | --------------- Using pandas groupby() and agg() ---------------
2026-06-09 13:03:25 | INFO | P06-NB | Computing descriptive statistics by group
2026-06-09 13:03:25 | DEBUG | P06-NB | 
                           avail_seat_km_per_week                                           incidents_85_99            \
                                            count          mean std         min         max           count  mean std   
airline                                                                                                                 
Aer Lingus                                      1  3.209067e+08 NaN   320906734   320906734               1   2.0 NaN   
Aeroflot*                                       1  1.197672e+09 NaN  1197672318  1197672318               1  76.0 NaN   
Aerolineas Argentinas                           1  3.858036e+08 NaN   385803648   385803648               1   6.0 NaN   
Aeromexico*                                     1  5.968718e+08 NaN   596871813   596871813               1   3.0 NaN   
Air Canada                                      1  1.865254e+09 NaN  1865253802  1865253802               1   2.0 NaN   
Air France                                      1  3.004003e+09 NaN  3004002661  3004002661               1  14.0 NaN   
Air India*                                      1  8.692536e+08 NaN   869253552   869253552               1   2.0 NaN   
Air New Zealand*                                1  7.101748e+08 NaN   710174817   710174817               1   3.0 NaN   
Alaska Airlines*                                1  9.653468e+08 NaN   965346773   965346773               1   5.0 NaN   
Alitalia                                        1  6.980125e+08 NaN   698012498   698012498               1   7.0 NaN   
All Nippon Airways                              1  1.841234e+09 NaN  1841234177  1841234177               1   3.0 NaN   
American*                                       1  5.228357e+09 NaN  5228357340  5228357340               1  21.0 NaN   
Austrian Airlines                               1  3.582398e+08 NaN   358239823   358239823               1   1.0 NaN   
Avianca                                         1  3.969226e+08 NaN   396922563   396922563               1   5.0 NaN   
British Airways*                                1  3.179761e+09 NaN  3179760952  3179760952               1   4.0 NaN   
COPA                                            1  5.504915e+08 NaN   550491507   550491507               1   3.0 NaN   
Cathay Pacific*                                 1  2.582459e+09 NaN  2582459303  2582459303               1   0.0 NaN   
China Airlines                                  1  8.132165e+08 NaN   813216487   813216487               1  12.0 NaN   
Condor                                          1  4.179826e+08 NaN   417982610   417982610               1   2.0 NaN   
Delta / Northwest*                              1  6.525659e+09 NaN  6525658894  6525658894               1  24.0 NaN   
Egyptair                                        1  5.576999e+08 NaN   557699891   557699891               1   8.0 NaN   
El Al                                           1  3.354480e+08 NaN   335448023   335448023               1   1.0 NaN   
Ethiopian Airlines                              1  4.885606e+08 NaN   488560643   488560643               1  25.0 NaN   
Finnair                                         1  5.064650e+08 NaN   506464950   506464950               1   1.0 NaN   
Garuda Indonesia                                1  6.133567e+08 NaN   613356665   613356665               1  10.0 NaN   
Gulf Air                                        1  3.013798e+08 NaN   301379762   301379762               1   1.0 NaN   
Hawaiian Airlines                               1  4.938778e+08 NaN   493877795   493877795               1   0.0 NaN   
Iberia                                          1  1.173203e+09 NaN  1173203126  1173203126               1   4.0 NaN   
Japan Airlines                                  1  1.574218e+09 NaN  1574217531  1574217531               1   3.0 NaN   
KLM*                                            1  1.874562e+09 NaN  1874561773  1874561773               1   7.0 NaN   
Kenya Airways                                   1  2.774148e+08 NaN   277414794   277414794               1   2.0 NaN   
Korean Air                                      1  1.734523e+09 NaN  1734522605  1734522605               1  12.0 NaN   
LAN Airlines                                    1  1.001966e+09 NaN  1001965891  1001965891               1   3.0 NaN   
Lufthansa*                                      1  3.426530e+09 NaN  3426529504  3426529504               1   6.0 NaN   
Malaysia Airlines                               1  1.039171e+09 NaN  1039171244  1039171244               1   3.0 NaN   
Pakistan International                          1  3.485631e+08 NaN   348563137   348563137               1   8.0 NaN   
Philippine Airlines                             1  4.130072e+08 NaN   413007158   413007158               1   7.0 NaN   
Qantas*                                         1  1.917429e+09 NaN  1917428984  1917428984               1   1.0 NaN   
Royal Air Maroc                                 1  2.957053e+08 NaN   295705339   295705339               1   5.0 NaN   
SAS*                                            1  6.829719e+08 NaN   682971852   682971852               1   5.0 NaN   
SWISS*                                          1  7.926013e+08 NaN   792601299   792601299               1   2.0 NaN   
Saudi Arabian                                   1  8.596739e+08 NaN   859673901   859673901               1   7.0 NaN   
Singapore Airlines                              1  2.376858e+09 NaN  2376857805  2376857805               1   2.0 NaN   
South African                                   1  6.515024e+08 NaN   651502442   651502442               1   2.0 NaN   
Southwest Airlines                              1  3.276526e+09 NaN  3276525770  3276525770               1   1.0 NaN   
Sri Lankan / AirLanka                           1  3.255830e+08 NaN   325582976   325582976               1   2.0 NaN   
TACA                                            1  2.593733e+08 NaN   259373346   259373346               1   3.0 NaN   
TAM                                             1  1.509196e+09 NaN  1509195646  1509195646               1   8.0 NaN   
TAP - Air Portugal                              1  6.191308e+08 NaN   619130754   619130754               1   0.0 NaN   
Thai Airways                                    1  1.702802e+09 NaN  1702802250  1702802250               1   8.0 NaN   
Turkish Airlines                                1  1.946098e+09 NaN  1946098294  1946098294               1   8.0 NaN   
US Airways / America West*                      1  2.455688e+09 NaN  2455687887  2455687887               1  16.0 NaN   
United / Continental*                           1  7.139291e+09 NaN  7139291291  7139291291               1  19.0 NaN   
Vietnam Airlines                                1  6.250849e+08 NaN   625084918   625084918               1   7.0 NaN   
Virgin Atlantic                                 1  1.005249e+09 NaN  1005248585  1005248585               1   1.0 NaN   
Xiamen Airlines                                 1  4.304630e+08 NaN   430462962   430462962               1   9.0 NaN   

                                   fatal_accidents_85_99                   incidents_00_14                    \
                           min max                 count  mean std min max           count  mean std min max   
airline                                                                                                        
Aer Lingus                   2   2                     1   0.0 NaN   0   0               1   0.0 NaN   0   0   
Aeroflot*                   76  76                     1  14.0 NaN  14  14               1   6.0 NaN   6   6   
Aerolineas Argentinas        6   6                     1   0.0 NaN   0   0               1   1.0 NaN   1   1   
Aeromexico*                  3   3                     1   1.0 NaN   1   1               1   5.0 NaN   5   5   
Air Canada                   2   2                     1   0.0 NaN   0   0               1   2.0 NaN   2   2   
Air France                  14  14                     1   4.0 NaN   4   4               1   6.0 NaN   6   6   
Air India*                   2   2                     1   1.0 NaN   1   1               1   4.0 NaN   4   4   
Air New Zealand*             3   3                     1   0.0 NaN   0   0               1   5.0 NaN   5   5   
Alaska Airlines*             5   5                     1   0.0 NaN   0   0               1   5.0 NaN   5   5   
Alitalia                     7   7                     1   2.0 NaN   2   2               1   4.0 NaN   4   4   
All Nippon Airways           3   3                     1   1.0 NaN   1   1               1   7.0 NaN   7   7   
American*                   21  21                     1   5.0 NaN   5   5               1  17.0 NaN  17  17   
Austrian Airlines            1   1                     1   0.0 NaN   0   0               1   1.0 NaN   1   1   
Avianca                      5   5                     1   3.0 NaN   3   3               1   0.0 NaN   0   0   
British Airways*             4   4                     1   0.0 NaN   0   0               1   6.0 NaN   6   6   
COPA                         3   3                     1   1.0 NaN   1   1               1   0.0 NaN   0   0   
Cathay Pacific*              0   0                     1   0.0 NaN   0   0               1   2.0 NaN   2   2   
China Airlines              12  12                     1   6.0 NaN   6   6               1   2.0 NaN   2   2   
Condor                       2   2                     1   1.0 NaN   1   1               1   0.0 NaN   0   0   
Delta / Northwest*          24  24                     1  12.0 NaN  12  12               1  24.0 NaN  24  24   
Egyptair                     8   8                     1   3.0 NaN   3   3               1   4.0 NaN   4   4   
El Al                        1   1                     1   1.0 NaN   1   1               1   1.0 NaN   1   1   
Ethiopian Airlines          25  25                     1   5.0 NaN   5   5               1   5.0 NaN   5   5   
Finnair                      1   1                     1   0.0 NaN   0   0               1   0.0 NaN   0   0   
Garuda Indonesia            10  10                     1   3.0 NaN   3   3               1   4.0 NaN   4   4   
Gulf Air                     1   1                     1   0.0 NaN   0   0               1   3.0 NaN   3   3   
Hawaiian Airlines            0   0                     1   0.0 NaN   0   0               1   1.0 NaN   1   1   
Iberia                       4   4                     1   1.0 NaN   1   1               1   5.0 NaN   5   5   
Japan Airlines               3   3                     1   1.0 NaN   1   1               1   0.0 NaN   0   0   
KLM*                         7   7                     1   1.0 NaN   1   1               1   1.0 NaN   1   1   
Kenya Airways                2   2                     1   0.0 NaN   0   0               1   2.0 NaN   2   2   
Korean Air                  12  12                     1   5.0 NaN   5   5               1   1.0 NaN   1   1   
LAN Airlines                 3   3                     1   2.0 NaN   2   2               1   0.0 NaN   0   0   
Lufthansa*                   6   6                     1   1.0 NaN   1   1               1   3.0 NaN   3   3   
Malaysia Airlines            3   3                     1   1.0 NaN   1   1               1   3.0 NaN   3   3   
Pakistan International       8   8                     1   3.0 NaN   3   3               1  10.0 NaN  10  10   
Philippine Airlines          7   7                     1   4.0 NaN   4   4               1   2.0 NaN   2   2   
Qantas*                      1   1                     1   0.0 NaN   0   0               1   5.0 NaN   5   5   
Royal Air Maroc              5   5                     1   3.0 NaN   3   3               1   3.0 NaN   3   3   
SAS*                         5   5                     1   0.0 NaN   0   0               1   6.0 NaN   6   6   
SWISS*                       2   2                     1   1.0 NaN   1   1               1   3.0 NaN   3   3   
Saudi Arabian                7   7                     1   2.0 NaN   2   2               1  11.0 NaN  11  11   
Singapore Airlines           2   2                     1   2.0 NaN   2   2               1   2.0 NaN   2   2   
South African                2   2                     1   1.0 NaN   1   1               1   1.0 NaN   1   1   
Southwest Airlines           1   1                     1   0.0 NaN   0   0               1   8.0 NaN   8   8   
Sri Lankan / AirLanka        2   2                     1   1.0 NaN   1   1               1   4.0 NaN   4   4   
TACA                         3   3                     1   1.0 NaN   1   1               1   1.0 NaN   1   1   
TAM                          8   8                     1   3.0 NaN   3   3               1   7.0 NaN   7   7   
TAP - Air Portugal           0   0                     1   0.0 NaN   0   0               1   0.0 NaN   0   0   
Thai Airways                 8   8                     1   4.0 NaN   4   4               1   2.0 NaN   2   2   
Turkish Airlines             8   8                     1   3.0 NaN   3   3               1   8.0 NaN   8   8   
US Airways / America West*  16  16                     1   7.0 NaN   7   7               1  11.0 NaN  11  11   
United / Continental*       19  19                     1   8.0 NaN   8   8               1  14.0 NaN  14  14   
Vietnam Airlines             7   7                     1   3.0 NaN   3   3               1   1.0 NaN   1   1   
Virgin Atlantic              1   1                     1   0.0 NaN   0   0               1   0.0 NaN   0   0   
Xiamen Airlines              9   9                     1   1.0 NaN   1   1               1   2.0 NaN   2   2   

                           fatalities_00_14                       
                                      count   mean std  min  max  
airline                                                           
Aer Lingus                                1    0.0 NaN    0    0  
Aeroflot*                                 1   88.0 NaN   88   88  
Aerolineas Argentinas                     1    0.0 NaN    0    0  
Aeromexico*                               1    0.0 NaN    0    0  
Air Canada                                1    0.0 NaN    0    0  
Air France                                1  337.0 NaN  337  337  
Air India*                                1  158.0 NaN  158  158  
Air New Zealand*                          1    7.0 NaN    7    7  
Alaska Airlines*                          1   88.0 NaN   88   88  
Alitalia                                  1    0.0 NaN    0    0  
All Nippon Airways                        1    0.0 NaN    0    0  
American*                                 1  416.0 NaN  416  416  
Austrian Airlines                         1    0.0 NaN    0    0  
Avianca                                   1    0.0 NaN    0    0  
British Airways*                          1    0.0 NaN    0    0  
COPA                                      1    0.0 NaN    0    0  
Cathay Pacific*                           1    0.0 NaN    0    0  
China Airlines                            1  225.0 NaN  225  225  
Condor                                    1    0.0 NaN    0    0  
Delta / Northwest*                        1   51.0 NaN   51   51  
Egyptair                                  1   14.0 NaN   14   14  
El Al                                     1    0.0 NaN    0    0  
Ethiopian Airlines                        1   92.0 NaN   92   92  
Finnair                                   1    0.0 NaN    0    0  
Garuda Indonesia                          1   22.0 NaN   22   22  
Gulf Air                                  1  143.0 NaN  143  143  
Hawaiian Airlines                         1    0.0 NaN    0    0  
Iberia                                    1    0.0 NaN    0    0  
Japan Airlines                            1    0.0 NaN    0    0  
KLM*                                      1    0.0 NaN    0    0  
Kenya Airways                             1  283.0 NaN  283  283  
Korean Air                                1    0.0 NaN    0    0  
LAN Airlines                              1    0.0 NaN    0    0  
Lufthansa*                                1    0.0 NaN    0    0  
Malaysia Airlines                         1  537.0 NaN  537  537  
Pakistan International                    1   46.0 NaN   46   46  
Philippine Airlines                       1    1.0 NaN    1    1  
Qantas*                                   1    0.0 NaN    0    0  
Royal Air Maroc                           1    0.0 NaN    0    0  
SAS*                                      1  110.0 NaN  110  110  
SWISS*                                    1    0.0 NaN    0    0  
Saudi Arabian                             1    0.0 NaN    0    0  
Singapore Airlines                        1   83.0 NaN   83   83  
South African                             1    0.0 NaN    0    0  
Southwest Airlines                        1    0.0 NaN    0    0  
Sri Lankan / AirLanka                     1    0.0 NaN    0    0  
TACA                                      1    3.0 NaN    3    3  
TAM                                       1  188.0 NaN  188  188  
TAP - Air Portugal                        1    0.0 NaN    0    0  
Thai Airways                              1    1.0 NaN    1    1  
Turkish Airlines                          1   84.0 NaN   84   84  
US Airways / America West*                1   23.0 NaN   23   23  
United / Continental*                     1  109.0 NaN  109  109  
Vietnam Airlines                          1    0.0 NaN    0    0  
Virgin Atlantic                           1    0.0 NaN    0    0  
Xiamen Airlines                           1    0.0 NaN    0    0  
2026-06-09 13:03:25 | INFO | P06-NB | --------------- Improving the output ---------------
2026-06-09 13:03:25 | DEBUG | P06-NB | 
                                        count         mean  std        min        max
airline                                                                              
Aer Lingus      avail_seat_km_per_week      1  320906734.0  NaN  320906734  320906734
                incidents_85_99             1          2.0  NaN          2          2
                fatal_accidents_85_99       1          0.0  NaN          0          0
                incidents_00_14             1          0.0  NaN          0          0
                fatalities_00_14            1          0.0  NaN          0          0
...                                       ...          ...  ...        ...        ...
Xiamen Airlines avail_seat_km_per_week      1  430462962.0  NaN  430462962  430462962
                incidents_85_99             1          9.0  NaN          9          9
                fatal_accidents_85_99       1          1.0  NaN          1          1
                incidents_00_14             1          2.0  NaN          2          2
                fatalities_00_14            1          0.0  NaN          0          0

[280 rows x 5 columns]
2026-06-09 13:03:25 | INFO | P06-NB | Computing correlation matrix for numeric columns
2026-06-09 13:03:25 | INFO | P06-NB | 
Correlation matrix:
2026-06-09 13:03:25 | DEBUG | P06-NB | 
                        avail_seat_km_per_week  incidents_85_99  fatal_accidents_85_99  incidents_00_14  \
avail_seat_km_per_week                1.000000         0.279538               0.468300         0.725917   
incidents_85_99                       0.279538         1.000000               0.856991         0.403009   
fatal_accidents_85_99                 0.468300         0.856991               1.000000         0.572923   
incidents_00_14                       0.725917         0.403009               0.572923         1.000000   
fatalities_00_14                      0.228484         0.195337               0.186985         0.282009   

                        fatalities_00_14  
avail_seat_km_per_week          0.228484  
incidents_85_99                 0.195337  
fatal_accidents_85_99           0.186985  
incidents_00_14                 0.282009  
fatalities_00_14                1.000000  
2026-06-09 13:03:25 | INFO | P06-NB | ---------Visualize Correlation Matrix as a Heatmap---------------
2026-06-09 13:03:26 | INFO | P06-NB | ---- Creating Scatter Plot to see Relationships ------
2026-06-09 13:03:26 | INFO | P06-NB | ----   Use clean dataframe ---------------------------
2026-06-09 13:03:26 | INFO | P06-NB | ----   Set x to Available seat km per week -----------------------
2026-06-09 13:03:26 | INFO | P06-NB | ----   Set y to Incidents (2000–2014) --------------------------
2026-06-09 13:03:26 | INFO | P06-NB | ----   Set the hue (color mapping) to the group column --
2026-06-09 13:03:26 | INFO | P06-NB | ------- Creating another chart -------
2026-06-09 13:03:26 | INFO | P06-NB | ------ Creating Box Plot to see Distribution: ---------
2026-06-09 13:03:26 | INFO | P06-NB | ------   Use clean dataframe --------------------------
2026-06-09 13:03:26 | INFO | P06-NB | ------   Set x to the group column --------------------
2026-06-09 13:03:26 | INFO | P06-NB | ------   Set y to Fatalities (2000–2014) ----------------------
2026-06-09 13:03:26 | INFO | P06-NB | ========================
2026-06-09 13:03:26 | INFO | P06-NB | SUMMARY
2026-06-09 13:03:26 | INFO | P06-NB | ========================
2026-06-09 13:03:26 | INFO | P06-NB | Dataset: airline-safety
2026-06-09 13:03:26 | INFO | P06-NB | Original rows: 56
2026-06-09 13:03:26 | INFO | P06-NB | Clean rows:    56
2026-06-09 13:03:26 | INFO | P06-NB | Groups found in airline: ['Aer Lingus', 'Aeroflot*', 'Aerolineas Argentinas', 'Aeromexico*', 'Air Canada', 'Air France', 'Air India*', 'Air New Zealand*', 'Alaska Airlines*', 'Alitalia', 'All Nippon Airways', 'American*', 'Austrian Airlines', 'Avianca', 'British Airways*', 'COPA', 'Cathay Pacific*', 'China Airlines', 'Condor', 'Delta / Northwest*', 'Egyptair', 'El Al', 'Ethiopian Airlines', 'Finnair', 'Garuda Indonesia', 'Gulf Air', 'Hawaiian Airlines', 'Iberia', 'Japan Airlines', 'KLM*', 'Kenya Airways', 'Korean Air', 'LAN Airlines', 'Lufthansa*', 'Malaysia Airlines', 'Pakistan International', 'Philippine Airlines', 'Qantas*', 'Royal Air Maroc', 'SAS*', 'SWISS*', 'Saudi Arabian', 'Singapore Airlines', 'South African', 'Southwest Airlines', 'Sri Lankan / AirLanka', 'TACA', 'TAM', 'TAP - Air Portugal', 'Thai Airways', 'Turkish Airlines', 'US Airways / America West*', 'United / Continental*', 'Vietnam Airlines', 'Virgin Atlantic', 'Xiamen Airlines']
2026-06-09 13:03:26 | INFO | P06-NB | ======================
2026-06-09 13:03:26 | INFO | P06-NB | Review the results. 
2026-06-09 13:03:26 | INFO | P06-NB | Determine the strongest correlations. 
2026-06-09 13:03:26 | INFO | P06-NB | ======================
2026-06-09 13:03:26 | INFO | P06-NB | Look for interesting patterns in the charts. 
2026-06-09 13:03:26 | INFO | P06-NB | Repeat the process, exploring additional angles.
2026-06-09 13:03:26 | INFO | P06-NB | After finding interesting insights, conclude your analysis.
2026-06-09 13:03:26 | INFO | P06-NB | ======================
2026-06-09 13:03:26 | INFO | P06-NB | Include instructions and specifics in your README.md file.
2026-06-09 13:03:26 | INFO | P06-NB | Write up your narrative on your docs/index.md file.
2026-06-09 13:03:26 | INFO | P06-NB | Include your next step suggestions for further analysis or modeling.
2026-06-09 13:03:26 | INFO | P06-NB | ======================
2026-06-09 13:03:26 | INFO | P06-NB | EDA workflow complete
2026-06-09 13:03:26 | INFO | P06-NB | ========================
2026-06-09 13:03:26 | INFO | P06-NB | Executed successfully!
2026-06-09 13:03:26 | INFO | P06-NB | ========================
2026-06-09 13:04:41 | INFO | P06-NB | ---- Creating Scatter Plot to see Relationships ------
2026-06-09 13:04:41 | INFO | P06-NB | ----   Use clean dataframe ---------------------------
2026-06-09 13:04:41 | INFO | P06-NB | ----   Set x to Available seat km per week -----------------------
2026-06-09 13:04:41 | INFO | P06-NB | ----   Set y to Incidents (2000–2014) --------------------------
2026-06-09 13:04:41 | INFO | P06-NB | ----   Set the hue (color mapping) to the group column --
2026-06-09 13:04:41 | INFO | P06-NB | ------- Creating another chart -------
2026-06-09 13:04:41 | INFO | P06-NB | ------ Creating Box Plot to see Distribution: ---------
2026-06-09 13:04:41 | INFO | P06-NB | ------   Use clean dataframe --------------------------
2026-06-09 13:04:41 | INFO | P06-NB | ------   Set x to the group column --------------------
2026-06-09 13:04:41 | INFO | P06-NB | ------   Set y to Fatalities (2000–2014) ----------------------
2026-06-09 13:04:42 | INFO | P06-NB | ========================
2026-06-09 13:04:42 | INFO | P06-NB | SUMMARY
2026-06-09 13:04:42 | INFO | P06-NB | ========================
2026-06-09 13:04:42 | INFO | P06-NB | Dataset: airline-safety
2026-06-09 13:04:42 | INFO | P06-NB | Original rows: 56
2026-06-09 13:04:42 | INFO | P06-NB | Clean rows:    56
2026-06-09 13:04:42 | INFO | P06-NB | Groups found in airline: ['Aer Lingus', 'Aeroflot*', 'Aerolineas Argentinas', 'Aeromexico*', 'Air Canada', 'Air France', 'Air India*', 'Air New Zealand*', 'Alaska Airlines*', 'Alitalia', 'All Nippon Airways', 'American*', 'Austrian Airlines', 'Avianca', 'British Airways*', 'COPA', 'Cathay Pacific*', 'China Airlines', 'Condor', 'Delta / Northwest*', 'Egyptair', 'El Al', 'Ethiopian Airlines', 'Finnair', 'Garuda Indonesia', 'Gulf Air', 'Hawaiian Airlines', 'Iberia', 'Japan Airlines', 'KLM*', 'Kenya Airways', 'Korean Air', 'LAN Airlines', 'Lufthansa*', 'Malaysia Airlines', 'Pakistan International', 'Philippine Airlines', 'Qantas*', 'Royal Air Maroc', 'SAS*', 'SWISS*', 'Saudi Arabian', 'Singapore Airlines', 'South African', 'Southwest Airlines', 'Sri Lankan / AirLanka', 'TACA', 'TAM', 'TAP - Air Portugal', 'Thai Airways', 'Turkish Airlines', 'US Airways / America West*', 'United / Continental*', 'Vietnam Airlines', 'Virgin Atlantic', 'Xiamen Airlines']
2026-06-09 13:04:42 | INFO | P06-NB | ======================
2026-06-09 13:04:42 | INFO | P06-NB | Review the results. 
2026-06-09 13:04:42 | INFO | P06-NB | Determine the strongest correlations. 
2026-06-09 13:04:42 | INFO | P06-NB | ======================
2026-06-09 13:04:42 | INFO | P06-NB | Look for interesting patterns in the charts. 
2026-06-09 13:04:42 | INFO | P06-NB | Repeat the process, exploring additional angles.
2026-06-09 13:04:42 | INFO | P06-NB | After finding interesting insights, conclude your analysis.
2026-06-09 13:04:42 | INFO | P06-NB | ======================
2026-06-09 13:04:42 | INFO | P06-NB | Include instructions and specifics in your README.md file.
2026-06-09 13:04:42 | INFO | P06-NB | Write up your narrative on your docs/index.md file.
2026-06-09 13:04:42 | INFO | P06-NB | Include your next step suggestions for further analysis or modeling.
2026-06-09 13:04:42 | INFO | P06-NB | ======================
2026-06-09 13:04:42 | INFO | P06-NB | EDA workflow complete
2026-06-09 13:04:42 | INFO | P06-NB | ========================
2026-06-09 13:04:42 | INFO | P06-NB | Executed successfully!
2026-06-09 13:04:42 | INFO | P06-NB | ========================
2026-06-09 13:05:08 | INFO | P06-NB | ------- Creating another chart -------
2026-06-09 13:05:08 | INFO | P06-NB | ------ Creating Box Plot to see Distribution: ---------
2026-06-09 13:05:08 | INFO | P06-NB | ------   Use clean dataframe --------------------------
2026-06-09 13:05:08 | INFO | P06-NB | ------   Set x to the group column --------------------
2026-06-09 13:05:08 | INFO | P06-NB | ------   Set y to Fatalities (2000–2014) ----------------------
2026-06-09 13:05:08 | INFO | P06-NB | ========================
2026-06-09 13:05:08 | INFO | P06-NB | SUMMARY
2026-06-09 13:05:08 | INFO | P06-NB | ========================
2026-06-09 13:05:08 | INFO | P06-NB | Dataset: airline-safety
2026-06-09 13:05:08 | INFO | P06-NB | Original rows: 56
2026-06-09 13:05:08 | INFO | P06-NB | Clean rows:    56
2026-06-09 13:05:08 | INFO | P06-NB | Groups found in airline: ['Aer Lingus', 'Aeroflot*', 'Aerolineas Argentinas', 'Aeromexico*', 'Air Canada', 'Air France', 'Air India*', 'Air New Zealand*', 'Alaska Airlines*', 'Alitalia', 'All Nippon Airways', 'American*', 'Austrian Airlines', 'Avianca', 'British Airways*', 'COPA', 'Cathay Pacific*', 'China Airlines', 'Condor', 'Delta / Northwest*', 'Egyptair', 'El Al', 'Ethiopian Airlines', 'Finnair', 'Garuda Indonesia', 'Gulf Air', 'Hawaiian Airlines', 'Iberia', 'Japan Airlines', 'KLM*', 'Kenya Airways', 'Korean Air', 'LAN Airlines', 'Lufthansa*', 'Malaysia Airlines', 'Pakistan International', 'Philippine Airlines', 'Qantas*', 'Royal Air Maroc', 'SAS*', 'SWISS*', 'Saudi Arabian', 'Singapore Airlines', 'South African', 'Southwest Airlines', 'Sri Lankan / AirLanka', 'TACA', 'TAM', 'TAP - Air Portugal', 'Thai Airways', 'Turkish Airlines', 'US Airways / America West*', 'United / Continental*', 'Vietnam Airlines', 'Virgin Atlantic', 'Xiamen Airlines']
2026-06-09 13:05:08 | INFO | P06-NB | ======================
2026-06-09 13:05:08 | INFO | P06-NB | Review the results. 
2026-06-09 13:05:08 | INFO | P06-NB | Determine the strongest correlations. 
2026-06-09 13:05:08 | INFO | P06-NB | ======================
2026-06-09 13:05:08 | INFO | P06-NB | Look for interesting patterns in the charts. 
2026-06-09 13:05:08 | INFO | P06-NB | Repeat the process, exploring additional angles.
2026-06-09 13:05:08 | INFO | P06-NB | After finding interesting insights, conclude your analysis.
2026-06-09 13:05:08 | INFO | P06-NB | ======================
2026-06-09 13:05:08 | INFO | P06-NB | Include instructions and specifics in your README.md file.
2026-06-09 13:05:08 | INFO | P06-NB | Write up your narrative on your docs/index.md file.
2026-06-09 13:05:08 | INFO | P06-NB | Include your next step suggestions for further analysis or modeling.
2026-06-09 13:05:08 | INFO | P06-NB | ======================
2026-06-09 13:05:08 | INFO | P06-NB | EDA workflow complete
2026-06-09 13:05:08 | INFO | P06-NB | ========================
2026-06-09 13:05:08 | INFO | P06-NB | Executed successfully!
2026-06-09 13:05:08 | INFO | P06-NB | ========================
2026-06-09 13:06:53 | INFO | P06-NB | === RUN START ===
2026-06-09 13:06:53 | INFO | P06-NB | project=P06-NB
2026-06-09 13:06:53 | INFO | P06-NB | repo_dir=datafun-06-applied
2026-06-09 13:06:53 | INFO | P06-NB | python=3.14.5
2026-06-09 13:06:53 | INFO | P06-NB | os=Windows 11
2026-06-09 13:06:53 | INFO | P06-NB | shell=powershell
2026-06-09 13:06:53 | INFO | P06-NB | cwd=notebooks
2026-06-09 13:06:53 | INFO | P06-NB | github_actions=False
2026-06-09 13:06:53 | INFO | P06-NB | Imports complete.
2026-06-09 13:06:53 | INFO | P06-NB | Loading dataset: airline-safety
2026-06-09 13:06:53 | INFO | P06-NB | Loaded: 56 rows, 8 columns
2026-06-09 13:06:53 | INFO | P06-NB | Previewing first few rows of the dataset
2026-06-09 13:06:53 | INFO | P06-NB | Column names
2026-06-09 13:06:53 | INFO | P06-NB | Building starter data dictionary
2026-06-09 13:06:53 | DEBUG | P06-NB | 
                   column  dtype  missing_count  missing_pct
0                 airline    str              0          0.0
1  avail_seat_km_per_week  int64              0          0.0
2         incidents_85_99  int64              0          0.0
3   fatal_accidents_85_99  int64              0          0.0
4        fatalities_85_99  int64              0          0.0
5         incidents_00_14  int64              0          0.0
6   fatal_accidents_00_14  int64              0          0.0
7        fatalities_00_14  int64              0          0.0
2026-06-09 13:06:53 | INFO | P06-NB | Missing values per column:
2026-06-09 13:06:53 | INFO | P06-NB | airline                   0
avail_seat_km_per_week    0
incidents_85_99           0
fatal_accidents_85_99     0
fatalities_85_99          0
incidents_00_14           0
fatal_accidents_00_14     0
fatalities_00_14          0
dtype: int64
2026-06-09 13:06:53 | INFO | P06-NB | Checking missing values per column
2026-06-09 13:06:53 | DEBUG | P06-NB | 
airline                   0
avail_seat_km_per_week    0
incidents_85_99           0
fatal_accidents_85_99     0
fatalities_85_99          0
incidents_00_14           0
fatal_accidents_00_14     0
fatalities_00_14          0
dtype: int64
2026-06-09 13:06:53 | INFO | P06-NB | Duplicate rows detected: 0
2026-06-09 13:06:53 | INFO | P06-NB | Call describe() for numeric columns
2026-06-09 13:06:53 | DEBUG | P06-NB | 
       avail_seat_km_per_week  incidents_85_99  fatal_accidents_85_99  incidents_00_14  fatalities_00_14
count            5.600000e+01        56.000000              56.000000        56.000000         56.000000
mean             1.384621e+09         7.178571               2.178571         4.125000         55.517857
std              1.465317e+09        11.035656               2.861069         4.544977        111.332751
min              2.593733e+08         0.000000               0.000000         0.000000          0.000000
25%              4.740362e+08         2.000000               0.000000         1.000000          0.000000
50%              8.029089e+08         4.000000               1.000000         3.000000          0.000000
75%              1.847239e+09         8.000000               3.000000         5.250000         83.250000
max              7.139291e+09        76.000000              14.000000        24.000000        537.000000

2026-06-09 13:06:53 | DEBUG | P06-NB | Columns required to be non-missing: ['avail_seat_km_per_week', 'incidents_85_99', 'fatal_accidents_85_99', 'incidents_00_14', 'fatalities_00_14', 'airline']
2026-06-09 13:06:53 | INFO | P06-NB | Original rows: 56
2026-06-09 13:06:53 | INFO | P06-NB | Clean rows:    56
2026-06-09 13:06:53 | INFO | P06-NB | Rows dropped:  0
2026-06-09 13:06:53 | INFO | P06-NB | --------------- Manual statistics ---------------
2026-06-09 13:06:53 | DEBUG | P06-NB | incidents_00_14 Statistics (using numpy):
2026-06-09 13:06:53 | DEBUG | P06-NB |   Mean: 4.12
2026-06-09 13:06:53 | DEBUG | P06-NB |   Std Dev: 4.50
2026-06-09 13:06:53 | DEBUG | P06-NB |   Min: 0.00
2026-06-09 13:06:53 | DEBUG | P06-NB |   Max: 24.00
2026-06-09 13:06:53 | DEBUG | P06-NB |   Range: 24.00
2026-06-09 13:06:53 | INFO | P06-NB | Computing overall descriptive statistics
2026-06-09 13:06:53 | DEBUG | P06-NB | 
                        count          mean           std          min           25%          50%           75%  \
avail_seat_km_per_week   56.0  1.384621e+09  1.465317e+09  259373346.0  4.740362e+08  802908893.0  1.847239e+09   
incidents_85_99          56.0  7.178571e+00  1.103566e+01          0.0  2.000000e+00          4.0  8.000000e+00   
fatal_accidents_85_99    56.0  2.178571e+00  2.861069e+00          0.0  0.000000e+00          1.0  3.000000e+00   
incidents_00_14          56.0  4.125000e+00  4.544977e+00          0.0  1.000000e+00          3.0  5.250000e+00   
fatalities_00_14         56.0  5.551786e+01  1.113328e+02          0.0  0.000000e+00          0.0  8.325000e+01   

                                 max  
avail_seat_km_per_week  7.139291e+09  
incidents_85_99         7.600000e+01  
fatal_accidents_85_99   1.400000e+01  
incidents_00_14         2.400000e+01  
fatalities_00_14        5.370000e+02  
2026-06-09 13:06:53 | INFO | P06-NB | --------------- Using pandas groupby() and agg() ---------------
2026-06-09 13:06:53 | INFO | P06-NB | Computing descriptive statistics by group
2026-06-09 13:06:53 | DEBUG | P06-NB | 
                           avail_seat_km_per_week                                           incidents_85_99            \
                                            count          mean std         min         max           count  mean std   
airline                                                                                                                 
Aer Lingus                                      1  3.209067e+08 NaN   320906734   320906734               1   2.0 NaN   
Aeroflot*                                       1  1.197672e+09 NaN  1197672318  1197672318               1  76.0 NaN   
Aerolineas Argentinas                           1  3.858036e+08 NaN   385803648   385803648               1   6.0 NaN   
Aeromexico*                                     1  5.968718e+08 NaN   596871813   596871813               1   3.0 NaN   
Air Canada                                      1  1.865254e+09 NaN  1865253802  1865253802               1   2.0 NaN   
Air France                                      1  3.004003e+09 NaN  3004002661  3004002661               1  14.0 NaN   
Air India*                                      1  8.692536e+08 NaN   869253552   869253552               1   2.0 NaN   
Air New Zealand*                                1  7.101748e+08 NaN   710174817   710174817               1   3.0 NaN   
Alaska Airlines*                                1  9.653468e+08 NaN   965346773   965346773               1   5.0 NaN   
Alitalia                                        1  6.980125e+08 NaN   698012498   698012498               1   7.0 NaN   
All Nippon Airways                              1  1.841234e+09 NaN  1841234177  1841234177               1   3.0 NaN   
American*                                       1  5.228357e+09 NaN  5228357340  5228357340               1  21.0 NaN   
Austrian Airlines                               1  3.582398e+08 NaN   358239823   358239823               1   1.0 NaN   
Avianca                                         1  3.969226e+08 NaN   396922563   396922563               1   5.0 NaN   
British Airways*                                1  3.179761e+09 NaN  3179760952  3179760952               1   4.0 NaN   
COPA                                            1  5.504915e+08 NaN   550491507   550491507               1   3.0 NaN   
Cathay Pacific*                                 1  2.582459e+09 NaN  2582459303  2582459303               1   0.0 NaN   
China Airlines                                  1  8.132165e+08 NaN   813216487   813216487               1  12.0 NaN   
Condor                                          1  4.179826e+08 NaN   417982610   417982610               1   2.0 NaN   
Delta / Northwest*                              1  6.525659e+09 NaN  6525658894  6525658894               1  24.0 NaN   
Egyptair                                        1  5.576999e+08 NaN   557699891   557699891               1   8.0 NaN   
El Al                                           1  3.354480e+08 NaN   335448023   335448023               1   1.0 NaN   
Ethiopian Airlines                              1  4.885606e+08 NaN   488560643   488560643               1  25.0 NaN   
Finnair                                         1  5.064650e+08 NaN   506464950   506464950               1   1.0 NaN   
Garuda Indonesia                                1  6.133567e+08 NaN   613356665   613356665               1  10.0 NaN   
Gulf Air                                        1  3.013798e+08 NaN   301379762   301379762               1   1.0 NaN   
Hawaiian Airlines                               1  4.938778e+08 NaN   493877795   493877795               1   0.0 NaN   
Iberia                                          1  1.173203e+09 NaN  1173203126  1173203126               1   4.0 NaN   
Japan Airlines                                  1  1.574218e+09 NaN  1574217531  1574217531               1   3.0 NaN   
KLM*                                            1  1.874562e+09 NaN  1874561773  1874561773               1   7.0 NaN   
Kenya Airways                                   1  2.774148e+08 NaN   277414794   277414794               1   2.0 NaN   
Korean Air                                      1  1.734523e+09 NaN  1734522605  1734522605               1  12.0 NaN   
LAN Airlines                                    1  1.001966e+09 NaN  1001965891  1001965891               1   3.0 NaN   
Lufthansa*                                      1  3.426530e+09 NaN  3426529504  3426529504               1   6.0 NaN   
Malaysia Airlines                               1  1.039171e+09 NaN  1039171244  1039171244               1   3.0 NaN   
Pakistan International                          1  3.485631e+08 NaN   348563137   348563137               1   8.0 NaN   
Philippine Airlines                             1  4.130072e+08 NaN   413007158   413007158               1   7.0 NaN   
Qantas*                                         1  1.917429e+09 NaN  1917428984  1917428984               1   1.0 NaN   
Royal Air Maroc                                 1  2.957053e+08 NaN   295705339   295705339               1   5.0 NaN   
SAS*                                            1  6.829719e+08 NaN   682971852   682971852               1   5.0 NaN   
SWISS*                                          1  7.926013e+08 NaN   792601299   792601299               1   2.0 NaN   
Saudi Arabian                                   1  8.596739e+08 NaN   859673901   859673901               1   7.0 NaN   
Singapore Airlines                              1  2.376858e+09 NaN  2376857805  2376857805               1   2.0 NaN   
South African                                   1  6.515024e+08 NaN   651502442   651502442               1   2.0 NaN   
Southwest Airlines                              1  3.276526e+09 NaN  3276525770  3276525770               1   1.0 NaN   
Sri Lankan / AirLanka                           1  3.255830e+08 NaN   325582976   325582976               1   2.0 NaN   
TACA                                            1  2.593733e+08 NaN   259373346   259373346               1   3.0 NaN   
TAM                                             1  1.509196e+09 NaN  1509195646  1509195646               1   8.0 NaN   
TAP - Air Portugal                              1  6.191308e+08 NaN   619130754   619130754               1   0.0 NaN   
Thai Airways                                    1  1.702802e+09 NaN  1702802250  1702802250               1   8.0 NaN   
Turkish Airlines                                1  1.946098e+09 NaN  1946098294  1946098294               1   8.0 NaN   
US Airways / America West*                      1  2.455688e+09 NaN  2455687887  2455687887               1  16.0 NaN   
United / Continental*                           1  7.139291e+09 NaN  7139291291  7139291291               1  19.0 NaN   
Vietnam Airlines                                1  6.250849e+08 NaN   625084918   625084918               1   7.0 NaN   
Virgin Atlantic                                 1  1.005249e+09 NaN  1005248585  1005248585               1   1.0 NaN   
Xiamen Airlines                                 1  4.304630e+08 NaN   430462962   430462962               1   9.0 NaN   

                                   fatal_accidents_85_99                   incidents_00_14                    \
                           min max                 count  mean std min max           count  mean std min max   
airline                                                                                                        
Aer Lingus                   2   2                     1   0.0 NaN   0   0               1   0.0 NaN   0   0   
Aeroflot*                   76  76                     1  14.0 NaN  14  14               1   6.0 NaN   6   6   
Aerolineas Argentinas        6   6                     1   0.0 NaN   0   0               1   1.0 NaN   1   1   
Aeromexico*                  3   3                     1   1.0 NaN   1   1               1   5.0 NaN   5   5   
Air Canada                   2   2                     1   0.0 NaN   0   0               1   2.0 NaN   2   2   
Air France                  14  14                     1   4.0 NaN   4   4               1   6.0 NaN   6   6   
Air India*                   2   2                     1   1.0 NaN   1   1               1   4.0 NaN   4   4   
Air New Zealand*             3   3                     1   0.0 NaN   0   0               1   5.0 NaN   5   5   
Alaska Airlines*             5   5                     1   0.0 NaN   0   0               1   5.0 NaN   5   5   
Alitalia                     7   7                     1   2.0 NaN   2   2               1   4.0 NaN   4   4   
All Nippon Airways           3   3                     1   1.0 NaN   1   1               1   7.0 NaN   7   7   
American*                   21  21                     1   5.0 NaN   5   5               1  17.0 NaN  17  17   
Austrian Airlines            1   1                     1   0.0 NaN   0   0               1   1.0 NaN   1   1   
Avianca                      5   5                     1   3.0 NaN   3   3               1   0.0 NaN   0   0   
British Airways*             4   4                     1   0.0 NaN   0   0               1   6.0 NaN   6   6   
COPA                         3   3                     1   1.0 NaN   1   1               1   0.0 NaN   0   0   
Cathay Pacific*              0   0                     1   0.0 NaN   0   0               1   2.0 NaN   2   2   
China Airlines              12  12                     1   6.0 NaN   6   6               1   2.0 NaN   2   2   
Condor                       2   2                     1   1.0 NaN   1   1               1   0.0 NaN   0   0   
Delta / Northwest*          24  24                     1  12.0 NaN  12  12               1  24.0 NaN  24  24   
Egyptair                     8   8                     1   3.0 NaN   3   3               1   4.0 NaN   4   4   
El Al                        1   1                     1   1.0 NaN   1   1               1   1.0 NaN   1   1   
Ethiopian Airlines          25  25                     1   5.0 NaN   5   5               1   5.0 NaN   5   5   
Finnair                      1   1                     1   0.0 NaN   0   0               1   0.0 NaN   0   0   
Garuda Indonesia            10  10                     1   3.0 NaN   3   3               1   4.0 NaN   4   4   
Gulf Air                     1   1                     1   0.0 NaN   0   0               1   3.0 NaN   3   3   
Hawaiian Airlines            0   0                     1   0.0 NaN   0   0               1   1.0 NaN   1   1   
Iberia                       4   4                     1   1.0 NaN   1   1               1   5.0 NaN   5   5   
Japan Airlines               3   3                     1   1.0 NaN   1   1               1   0.0 NaN   0   0   
KLM*                         7   7                     1   1.0 NaN   1   1               1   1.0 NaN   1   1   
Kenya Airways                2   2                     1   0.0 NaN   0   0               1   2.0 NaN   2   2   
Korean Air                  12  12                     1   5.0 NaN   5   5               1   1.0 NaN   1   1   
LAN Airlines                 3   3                     1   2.0 NaN   2   2               1   0.0 NaN   0   0   
Lufthansa*                   6   6                     1   1.0 NaN   1   1               1   3.0 NaN   3   3   
Malaysia Airlines            3   3                     1   1.0 NaN   1   1               1   3.0 NaN   3   3   
Pakistan International       8   8                     1   3.0 NaN   3   3               1  10.0 NaN  10  10   
Philippine Airlines          7   7                     1   4.0 NaN   4   4               1   2.0 NaN   2   2   
Qantas*                      1   1                     1   0.0 NaN   0   0               1   5.0 NaN   5   5   
Royal Air Maroc              5   5                     1   3.0 NaN   3   3               1   3.0 NaN   3   3   
SAS*                         5   5                     1   0.0 NaN   0   0               1   6.0 NaN   6   6   
SWISS*                       2   2                     1   1.0 NaN   1   1               1   3.0 NaN   3   3   
Saudi Arabian                7   7                     1   2.0 NaN   2   2               1  11.0 NaN  11  11   
Singapore Airlines           2   2                     1   2.0 NaN   2   2               1   2.0 NaN   2   2   
South African                2   2                     1   1.0 NaN   1   1               1   1.0 NaN   1   1   
Southwest Airlines           1   1                     1   0.0 NaN   0   0               1   8.0 NaN   8   8   
Sri Lankan / AirLanka        2   2                     1   1.0 NaN   1   1               1   4.0 NaN   4   4   
TACA                         3   3                     1   1.0 NaN   1   1               1   1.0 NaN   1   1   
TAM                          8   8                     1   3.0 NaN   3   3               1   7.0 NaN   7   7   
TAP - Air Portugal           0   0                     1   0.0 NaN   0   0               1   0.0 NaN   0   0   
Thai Airways                 8   8                     1   4.0 NaN   4   4               1   2.0 NaN   2   2   
Turkish Airlines             8   8                     1   3.0 NaN   3   3               1   8.0 NaN   8   8   
US Airways / America West*  16  16                     1   7.0 NaN   7   7               1  11.0 NaN  11  11   
United / Continental*       19  19                     1   8.0 NaN   8   8               1  14.0 NaN  14  14   
Vietnam Airlines             7   7                     1   3.0 NaN   3   3               1   1.0 NaN   1   1   
Virgin Atlantic              1   1                     1   0.0 NaN   0   0               1   0.0 NaN   0   0   
Xiamen Airlines              9   9                     1   1.0 NaN   1   1               1   2.0 NaN   2   2   

                           fatalities_00_14                       
                                      count   mean std  min  max  
airline                                                           
Aer Lingus                                1    0.0 NaN    0    0  
Aeroflot*                                 1   88.0 NaN   88   88  
Aerolineas Argentinas                     1    0.0 NaN    0    0  
Aeromexico*                               1    0.0 NaN    0    0  
Air Canada                                1    0.0 NaN    0    0  
Air France                                1  337.0 NaN  337  337  
Air India*                                1  158.0 NaN  158  158  
Air New Zealand*                          1    7.0 NaN    7    7  
Alaska Airlines*                          1   88.0 NaN   88   88  
Alitalia                                  1    0.0 NaN    0    0  
All Nippon Airways                        1    0.0 NaN    0    0  
American*                                 1  416.0 NaN  416  416  
Austrian Airlines                         1    0.0 NaN    0    0  
Avianca                                   1    0.0 NaN    0    0  
British Airways*                          1    0.0 NaN    0    0  
COPA                                      1    0.0 NaN    0    0  
Cathay Pacific*                           1    0.0 NaN    0    0  
China Airlines                            1  225.0 NaN  225  225  
Condor                                    1    0.0 NaN    0    0  
Delta / Northwest*                        1   51.0 NaN   51   51  
Egyptair                                  1   14.0 NaN   14   14  
El Al                                     1    0.0 NaN    0    0  
Ethiopian Airlines                        1   92.0 NaN   92   92  
Finnair                                   1    0.0 NaN    0    0  
Garuda Indonesia                          1   22.0 NaN   22   22  
Gulf Air                                  1  143.0 NaN  143  143  
Hawaiian Airlines                         1    0.0 NaN    0    0  
Iberia                                    1    0.0 NaN    0    0  
Japan Airlines                            1    0.0 NaN    0    0  
KLM*                                      1    0.0 NaN    0    0  
Kenya Airways                             1  283.0 NaN  283  283  
Korean Air                                1    0.0 NaN    0    0  
LAN Airlines                              1    0.0 NaN    0    0  
Lufthansa*                                1    0.0 NaN    0    0  
Malaysia Airlines                         1  537.0 NaN  537  537  
Pakistan International                    1   46.0 NaN   46   46  
Philippine Airlines                       1    1.0 NaN    1    1  
Qantas*                                   1    0.0 NaN    0    0  
Royal Air Maroc                           1    0.0 NaN    0    0  
SAS*                                      1  110.0 NaN  110  110  
SWISS*                                    1    0.0 NaN    0    0  
Saudi Arabian                             1    0.0 NaN    0    0  
Singapore Airlines                        1   83.0 NaN   83   83  
South African                             1    0.0 NaN    0    0  
Southwest Airlines                        1    0.0 NaN    0    0  
Sri Lankan / AirLanka                     1    0.0 NaN    0    0  
TACA                                      1    3.0 NaN    3    3  
TAM                                       1  188.0 NaN  188  188  
TAP - Air Portugal                        1    0.0 NaN    0    0  
Thai Airways                              1    1.0 NaN    1    1  
Turkish Airlines                          1   84.0 NaN   84   84  
US Airways / America West*                1   23.0 NaN   23   23  
United / Continental*                     1  109.0 NaN  109  109  
Vietnam Airlines                          1    0.0 NaN    0    0  
Virgin Atlantic                           1    0.0 NaN    0    0  
Xiamen Airlines                           1    0.0 NaN    0    0  
2026-06-09 13:06:53 | INFO | P06-NB | --------------- Improving the output ---------------
2026-06-09 13:06:53 | DEBUG | P06-NB | 
                                        count         mean  std        min        max
airline                                                                              
Aer Lingus      avail_seat_km_per_week      1  320906734.0  NaN  320906734  320906734
                incidents_85_99             1          2.0  NaN          2          2
                fatal_accidents_85_99       1          0.0  NaN          0          0
                incidents_00_14             1          0.0  NaN          0          0
                fatalities_00_14            1          0.0  NaN          0          0
...                                       ...          ...  ...        ...        ...
Xiamen Airlines avail_seat_km_per_week      1  430462962.0  NaN  430462962  430462962
                incidents_85_99             1          9.0  NaN          9          9
                fatal_accidents_85_99       1          1.0  NaN          1          1
                incidents_00_14             1          2.0  NaN          2          2
                fatalities_00_14            1          0.0  NaN          0          0

[280 rows x 5 columns]
2026-06-09 13:06:53 | INFO | P06-NB | Computing correlation matrix for numeric columns
2026-06-09 13:06:53 | INFO | P06-NB | 
Correlation matrix:
2026-06-09 13:06:53 | DEBUG | P06-NB | 
                        avail_seat_km_per_week  incidents_85_99  fatal_accidents_85_99  incidents_00_14  \
avail_seat_km_per_week                1.000000         0.279538               0.468300         0.725917   
incidents_85_99                       0.279538         1.000000               0.856991         0.403009   
fatal_accidents_85_99                 0.468300         0.856991               1.000000         0.572923   
incidents_00_14                       0.725917         0.403009               0.572923         1.000000   
fatalities_00_14                      0.228484         0.195337               0.186985         0.282009   

                        fatalities_00_14  
avail_seat_km_per_week          0.228484  
incidents_85_99                 0.195337  
fatal_accidents_85_99           0.186985  
incidents_00_14                 0.282009  
fatalities_00_14                1.000000  
2026-06-09 13:06:53 | INFO | P06-NB | ---------Visualize Correlation Matrix as a Heatmap---------------
2026-06-09 13:06:54 | INFO | P06-NB | ---- Creating Scatter Plot to see Relationships ------
2026-06-09 13:06:54 | INFO | P06-NB | ----   Use clean dataframe ---------------------------
2026-06-09 13:06:54 | INFO | P06-NB | ----   Set x to Available seat km per week -----------------------
2026-06-09 13:06:54 | INFO | P06-NB | ----   Set y to Incidents (2000–2014) --------------------------
2026-06-09 13:06:54 | INFO | P06-NB | ----   Set the hue (color mapping) to the group column --
2026-06-09 13:06:54 | INFO | P06-NB | ------- Creating another chart -------
2026-06-09 13:06:54 | INFO | P06-NB | ------ Creating Box Plot to see Distribution: ---------
2026-06-09 13:06:54 | INFO | P06-NB | ------   Use clean dataframe --------------------------
2026-06-09 13:06:54 | INFO | P06-NB | ------   Set x to the group column --------------------
2026-06-09 13:06:54 | INFO | P06-NB | ------   Set y to Fatalities (2000–2014) ----------------------
2026-06-09 13:06:54 | INFO | P06-NB | ========================
2026-06-09 13:06:54 | INFO | P06-NB | SUMMARY
2026-06-09 13:06:54 | INFO | P06-NB | ========================
2026-06-09 13:06:54 | INFO | P06-NB | Dataset: airline-safety
2026-06-09 13:06:54 | INFO | P06-NB | Original rows: 56
2026-06-09 13:06:54 | INFO | P06-NB | Clean rows:    56
2026-06-09 13:06:54 | INFO | P06-NB | Groups found in airline: ['Aer Lingus', 'Aeroflot*', 'Aerolineas Argentinas', 'Aeromexico*', 'Air Canada', 'Air France', 'Air India*', 'Air New Zealand*', 'Alaska Airlines*', 'Alitalia', 'All Nippon Airways', 'American*', 'Austrian Airlines', 'Avianca', 'British Airways*', 'COPA', 'Cathay Pacific*', 'China Airlines', 'Condor', 'Delta / Northwest*', 'Egyptair', 'El Al', 'Ethiopian Airlines', 'Finnair', 'Garuda Indonesia', 'Gulf Air', 'Hawaiian Airlines', 'Iberia', 'Japan Airlines', 'KLM*', 'Kenya Airways', 'Korean Air', 'LAN Airlines', 'Lufthansa*', 'Malaysia Airlines', 'Pakistan International', 'Philippine Airlines', 'Qantas*', 'Royal Air Maroc', 'SAS*', 'SWISS*', 'Saudi Arabian', 'Singapore Airlines', 'South African', 'Southwest Airlines', 'Sri Lankan / AirLanka', 'TACA', 'TAM', 'TAP - Air Portugal', 'Thai Airways', 'Turkish Airlines', 'US Airways / America West*', 'United / Continental*', 'Vietnam Airlines', 'Virgin Atlantic', 'Xiamen Airlines']
2026-06-09 13:06:54 | INFO | P06-NB | ======================
2026-06-09 13:06:54 | INFO | P06-NB | Review the results. 
2026-06-09 13:06:54 | INFO | P06-NB | Determine the strongest correlations. 
2026-06-09 13:06:54 | INFO | P06-NB | ======================
2026-06-09 13:06:54 | INFO | P06-NB | Look for interesting patterns in the charts. 
2026-06-09 13:06:54 | INFO | P06-NB | Repeat the process, exploring additional angles.
2026-06-09 13:06:54 | INFO | P06-NB | After finding interesting insights, conclude your analysis.
2026-06-09 13:06:54 | INFO | P06-NB | ======================
2026-06-09 13:06:54 | INFO | P06-NB | Include instructions and specifics in your README.md file.
2026-06-09 13:06:54 | INFO | P06-NB | Write up your narrative on your docs/index.md file.
2026-06-09 13:06:54 | INFO | P06-NB | Include your next step suggestions for further analysis or modeling.
2026-06-09 13:06:54 | INFO | P06-NB | ======================
2026-06-09 13:06:54 | INFO | P06-NB | EDA workflow complete
2026-06-09 13:06:54 | INFO | P06-NB | ========================
2026-06-09 13:06:54 | INFO | P06-NB | Executed successfully!
2026-06-09 13:06:54 | INFO | P06-NB | ========================
2026-06-09 13:12:28 | INFO | P06-NB | ------- Creating another chart -------
2026-06-09 13:12:28 | INFO | P06-NB | ------ Creating Box Plot to see Distribution: ---------
2026-06-09 13:12:28 | INFO | P06-NB | ------   Use clean dataframe --------------------------
2026-06-09 13:12:28 | INFO | P06-NB | ------   Set x to the group column --------------------
2026-06-09 13:12:28 | INFO | P06-NB | ------   Set y to Fatalities (2000–2014) ----------------------
2026-06-09 13:12:29 | INFO | P06-NB | ========================
2026-06-09 13:12:29 | INFO | P06-NB | SUMMARY
2026-06-09 13:12:29 | INFO | P06-NB | ========================
2026-06-09 13:12:29 | INFO | P06-NB | Dataset: airline-safety
2026-06-09 13:12:29 | INFO | P06-NB | Original rows: 56
2026-06-09 13:12:29 | INFO | P06-NB | Clean rows:    56
2026-06-09 13:12:29 | INFO | P06-NB | Groups found in airline: ['Aer Lingus', 'Aeroflot*', 'Aerolineas Argentinas', 'Aeromexico*', 'Air Canada', 'Air France', 'Air India*', 'Air New Zealand*', 'Alaska Airlines*', 'Alitalia', 'All Nippon Airways', 'American*', 'Austrian Airlines', 'Avianca', 'British Airways*', 'COPA', 'Cathay Pacific*', 'China Airlines', 'Condor', 'Delta / Northwest*', 'Egyptair', 'El Al', 'Ethiopian Airlines', 'Finnair', 'Garuda Indonesia', 'Gulf Air', 'Hawaiian Airlines', 'Iberia', 'Japan Airlines', 'KLM*', 'Kenya Airways', 'Korean Air', 'LAN Airlines', 'Lufthansa*', 'Malaysia Airlines', 'Pakistan International', 'Philippine Airlines', 'Qantas*', 'Royal Air Maroc', 'SAS*', 'SWISS*', 'Saudi Arabian', 'Singapore Airlines', 'South African', 'Southwest Airlines', 'Sri Lankan / AirLanka', 'TACA', 'TAM', 'TAP - Air Portugal', 'Thai Airways', 'Turkish Airlines', 'US Airways / America West*', 'United / Continental*', 'Vietnam Airlines', 'Virgin Atlantic', 'Xiamen Airlines']
2026-06-09 13:12:29 | INFO | P06-NB | ======================
2026-06-09 13:12:29 | INFO | P06-NB | Review the results. 
2026-06-09 13:12:29 | INFO | P06-NB | Determine the strongest correlations. 
2026-06-09 13:12:29 | INFO | P06-NB | ======================
2026-06-09 13:12:29 | INFO | P06-NB | Look for interesting patterns in the charts. 
2026-06-09 13:12:29 | INFO | P06-NB | Repeat the process, exploring additional angles.
2026-06-09 13:12:29 | INFO | P06-NB | After finding interesting insights, conclude your analysis.
2026-06-09 13:12:29 | INFO | P06-NB | ======================
2026-06-09 13:12:29 | INFO | P06-NB | Include instructions and specifics in your README.md file.
2026-06-09 13:12:29 | INFO | P06-NB | Write up your narrative on your docs/index.md file.
2026-06-09 13:12:29 | INFO | P06-NB | Include your next step suggestions for further analysis or modeling.
2026-06-09 13:12:29 | INFO | P06-NB | ======================
2026-06-09 13:12:29 | INFO | P06-NB | EDA workflow complete
2026-06-09 13:12:29 | INFO | P06-NB | ========================
2026-06-09 13:12:29 | INFO | P06-NB | Executed successfully!
2026-06-09 13:12:29 | INFO | P06-NB | ========================
2026-06-09 13:14:48 | INFO | P06-NB | ------- Creating another chart -------
2026-06-09 13:14:48 | INFO | P06-NB | ------ Creating Box Plot to see Distribution: ---------
2026-06-09 13:14:48 | INFO | P06-NB | ------   Use clean dataframe --------------------------
2026-06-09 13:14:48 | INFO | P06-NB | ------   Set x to the group column --------------------
2026-06-09 13:14:48 | INFO | P06-NB | ------   Set y to Fatalities (2000–2014) ----------------------
2026-06-09 13:14:48 | INFO | P06-NB | ========================
2026-06-09 13:14:48 | INFO | P06-NB | SUMMARY
2026-06-09 13:14:48 | INFO | P06-NB | ========================
2026-06-09 13:14:48 | INFO | P06-NB | Dataset: airline-safety
2026-06-09 13:14:48 | INFO | P06-NB | Original rows: 56
2026-06-09 13:14:48 | INFO | P06-NB | Clean rows:    56
2026-06-09 13:14:48 | INFO | P06-NB | Groups found in airline: ['Aer Lingus', 'Aeroflot*', 'Aerolineas Argentinas', 'Aeromexico*', 'Air Canada', 'Air France', 'Air India*', 'Air New Zealand*', 'Alaska Airlines*', 'Alitalia', 'All Nippon Airways', 'American*', 'Austrian Airlines', 'Avianca', 'British Airways*', 'COPA', 'Cathay Pacific*', 'China Airlines', 'Condor', 'Delta / Northwest*', 'Egyptair', 'El Al', 'Ethiopian Airlines', 'Finnair', 'Garuda Indonesia', 'Gulf Air', 'Hawaiian Airlines', 'Iberia', 'Japan Airlines', 'KLM*', 'Kenya Airways', 'Korean Air', 'LAN Airlines', 'Lufthansa*', 'Malaysia Airlines', 'Pakistan International', 'Philippine Airlines', 'Qantas*', 'Royal Air Maroc', 'SAS*', 'SWISS*', 'Saudi Arabian', 'Singapore Airlines', 'South African', 'Southwest Airlines', 'Sri Lankan / AirLanka', 'TACA', 'TAM', 'TAP - Air Portugal', 'Thai Airways', 'Turkish Airlines', 'US Airways / America West*', 'United / Continental*', 'Vietnam Airlines', 'Virgin Atlantic', 'Xiamen Airlines']
2026-06-09 13:14:48 | INFO | P06-NB | ======================
2026-06-09 13:14:48 | INFO | P06-NB | Review the results. 
2026-06-09 13:14:48 | INFO | P06-NB | Determine the strongest correlations. 
2026-06-09 13:14:48 | INFO | P06-NB | ======================
2026-06-09 13:14:48 | INFO | P06-NB | Look for interesting patterns in the charts. 
2026-06-09 13:14:48 | INFO | P06-NB | Repeat the process, exploring additional angles.
2026-06-09 13:14:48 | INFO | P06-NB | After finding interesting insights, conclude your analysis.
2026-06-09 13:14:48 | INFO | P06-NB | ======================
2026-06-09 13:14:48 | INFO | P06-NB | Include instructions and specifics in your README.md file.
2026-06-09 13:14:48 | INFO | P06-NB | Write up your narrative on your docs/index.md file.
2026-06-09 13:14:48 | INFO | P06-NB | Include your next step suggestions for further analysis or modeling.
2026-06-09 13:14:48 | INFO | P06-NB | ======================
2026-06-09 13:14:48 | INFO | P06-NB | EDA workflow complete
2026-06-09 13:14:48 | INFO | P06-NB | ========================
2026-06-09 13:14:48 | INFO | P06-NB | Executed successfully!
2026-06-09 13:14:48 | INFO | P06-NB | ========================
2026-06-09 13:18:03 | INFO | P06-NB | === RUN START ===
2026-06-09 13:18:03 | INFO | P06-NB | project=P06-NB
2026-06-09 13:18:03 | INFO | P06-NB | repo_dir=datafun-06-applied
2026-06-09 13:18:03 | INFO | P06-NB | python=3.14.5
2026-06-09 13:18:03 | INFO | P06-NB | os=Windows 11
2026-06-09 13:18:03 | INFO | P06-NB | shell=powershell
2026-06-09 13:18:03 | INFO | P06-NB | cwd=notebooks
2026-06-09 13:18:03 | INFO | P06-NB | github_actions=False
2026-06-09 13:18:03 | INFO | P06-NB | Imports complete.
2026-06-09 13:18:03 | INFO | P06-NB | Loading dataset: airline-safety
2026-06-09 13:18:03 | INFO | P06-NB | Loaded: 56 rows, 8 columns
2026-06-09 13:18:03 | INFO | P06-NB | Previewing first few rows of the dataset
2026-06-09 13:18:03 | INFO | P06-NB | Column names
2026-06-09 13:18:03 | INFO | P06-NB | Building starter data dictionary
2026-06-09 13:18:03 | DEBUG | P06-NB | 
                   column  dtype  missing_count  missing_pct
0                 airline    str              0          0.0
1  avail_seat_km_per_week  int64              0          0.0
2         incidents_85_99  int64              0          0.0
3   fatal_accidents_85_99  int64              0          0.0
4        fatalities_85_99  int64              0          0.0
5         incidents_00_14  int64              0          0.0
6   fatal_accidents_00_14  int64              0          0.0
7        fatalities_00_14  int64              0          0.0
2026-06-09 13:18:03 | INFO | P06-NB | Missing values per column:
2026-06-09 13:18:03 | INFO | P06-NB | airline                   0
avail_seat_km_per_week    0
incidents_85_99           0
fatal_accidents_85_99     0
fatalities_85_99          0
incidents_00_14           0
fatal_accidents_00_14     0
fatalities_00_14          0
dtype: int64
2026-06-09 13:18:03 | INFO | P06-NB | Checking missing values per column
2026-06-09 13:18:03 | DEBUG | P06-NB | 
airline                   0
avail_seat_km_per_week    0
incidents_85_99           0
fatal_accidents_85_99     0
fatalities_85_99          0
incidents_00_14           0
fatal_accidents_00_14     0
fatalities_00_14          0
dtype: int64
2026-06-09 13:18:03 | INFO | P06-NB | Duplicate rows detected: 0
2026-06-09 13:18:03 | INFO | P06-NB | Call describe() for numeric columns
2026-06-09 13:18:03 | DEBUG | P06-NB | 
       avail_seat_km_per_week  incidents_85_99  fatal_accidents_85_99  incidents_00_14  fatalities_00_14
count            5.600000e+01        56.000000              56.000000        56.000000         56.000000
mean             1.384621e+09         7.178571               2.178571         4.125000         55.517857
std              1.465317e+09        11.035656               2.861069         4.544977        111.332751
min              2.593733e+08         0.000000               0.000000         0.000000          0.000000
25%              4.740362e+08         2.000000               0.000000         1.000000          0.000000
50%              8.029089e+08         4.000000               1.000000         3.000000          0.000000
75%              1.847239e+09         8.000000               3.000000         5.250000         83.250000
max              7.139291e+09        76.000000              14.000000        24.000000        537.000000

2026-06-09 13:18:03 | DEBUG | P06-NB | Columns required to be non-missing: ['avail_seat_km_per_week', 'incidents_85_99', 'fatal_accidents_85_99', 'incidents_00_14', 'fatalities_00_14', 'airline']
2026-06-09 13:18:03 | INFO | P06-NB | Original rows: 56
2026-06-09 13:18:03 | INFO | P06-NB | Clean rows:    56
2026-06-09 13:18:03 | INFO | P06-NB | Rows dropped:  0
2026-06-09 13:18:03 | INFO | P06-NB | --------------- Manual statistics ---------------
2026-06-09 13:18:03 | DEBUG | P06-NB | incidents_00_14 Statistics (using numpy):
2026-06-09 13:18:03 | DEBUG | P06-NB |   Mean: 4.12
2026-06-09 13:18:03 | DEBUG | P06-NB |   Std Dev: 4.50
2026-06-09 13:18:03 | DEBUG | P06-NB |   Min: 0.00
2026-06-09 13:18:03 | DEBUG | P06-NB |   Max: 24.00
2026-06-09 13:18:03 | DEBUG | P06-NB |   Range: 24.00
2026-06-09 13:18:03 | INFO | P06-NB | Computing overall descriptive statistics
2026-06-09 13:18:03 | DEBUG | P06-NB | 
                        count          mean           std          min           25%          50%           75%  \
avail_seat_km_per_week   56.0  1.384621e+09  1.465317e+09  259373346.0  4.740362e+08  802908893.0  1.847239e+09   
incidents_85_99          56.0  7.178571e+00  1.103566e+01          0.0  2.000000e+00          4.0  8.000000e+00   
fatal_accidents_85_99    56.0  2.178571e+00  2.861069e+00          0.0  0.000000e+00          1.0  3.000000e+00   
incidents_00_14          56.0  4.125000e+00  4.544977e+00          0.0  1.000000e+00          3.0  5.250000e+00   
fatalities_00_14         56.0  5.551786e+01  1.113328e+02          0.0  0.000000e+00          0.0  8.325000e+01   

                                 max  
avail_seat_km_per_week  7.139291e+09  
incidents_85_99         7.600000e+01  
fatal_accidents_85_99   1.400000e+01  
incidents_00_14         2.400000e+01  
fatalities_00_14        5.370000e+02  
2026-06-09 13:18:03 | INFO | P06-NB | --------------- Using pandas groupby() and agg() ---------------
2026-06-09 13:18:03 | INFO | P06-NB | Computing descriptive statistics by group
2026-06-09 13:18:03 | DEBUG | P06-NB | 
                           avail_seat_km_per_week                                           incidents_85_99            \
                                            count          mean std         min         max           count  mean std   
airline                                                                                                                 
Aer Lingus                                      1  3.209067e+08 NaN   320906734   320906734               1   2.0 NaN   
Aeroflot*                                       1  1.197672e+09 NaN  1197672318  1197672318               1  76.0 NaN   
Aerolineas Argentinas                           1  3.858036e+08 NaN   385803648   385803648               1   6.0 NaN   
Aeromexico*                                     1  5.968718e+08 NaN   596871813   596871813               1   3.0 NaN   
Air Canada                                      1  1.865254e+09 NaN  1865253802  1865253802               1   2.0 NaN   
Air France                                      1  3.004003e+09 NaN  3004002661  3004002661               1  14.0 NaN   
Air India*                                      1  8.692536e+08 NaN   869253552   869253552               1   2.0 NaN   
Air New Zealand*                                1  7.101748e+08 NaN   710174817   710174817               1   3.0 NaN   
Alaska Airlines*                                1  9.653468e+08 NaN   965346773   965346773               1   5.0 NaN   
Alitalia                                        1  6.980125e+08 NaN   698012498   698012498               1   7.0 NaN   
All Nippon Airways                              1  1.841234e+09 NaN  1841234177  1841234177               1   3.0 NaN   
American*                                       1  5.228357e+09 NaN  5228357340  5228357340               1  21.0 NaN   
Austrian Airlines                               1  3.582398e+08 NaN   358239823   358239823               1   1.0 NaN   
Avianca                                         1  3.969226e+08 NaN   396922563   396922563               1   5.0 NaN   
British Airways*                                1  3.179761e+09 NaN  3179760952  3179760952               1   4.0 NaN   
COPA                                            1  5.504915e+08 NaN   550491507   550491507               1   3.0 NaN   
Cathay Pacific*                                 1  2.582459e+09 NaN  2582459303  2582459303               1   0.0 NaN   
China Airlines                                  1  8.132165e+08 NaN   813216487   813216487               1  12.0 NaN   
Condor                                          1  4.179826e+08 NaN   417982610   417982610               1   2.0 NaN   
Delta / Northwest*                              1  6.525659e+09 NaN  6525658894  6525658894               1  24.0 NaN   
Egyptair                                        1  5.576999e+08 NaN   557699891   557699891               1   8.0 NaN   
El Al                                           1  3.354480e+08 NaN   335448023   335448023               1   1.0 NaN   
Ethiopian Airlines                              1  4.885606e+08 NaN   488560643   488560643               1  25.0 NaN   
Finnair                                         1  5.064650e+08 NaN   506464950   506464950               1   1.0 NaN   
Garuda Indonesia                                1  6.133567e+08 NaN   613356665   613356665               1  10.0 NaN   
Gulf Air                                        1  3.013798e+08 NaN   301379762   301379762               1   1.0 NaN   
Hawaiian Airlines                               1  4.938778e+08 NaN   493877795   493877795               1   0.0 NaN   
Iberia                                          1  1.173203e+09 NaN  1173203126  1173203126               1   4.0 NaN   
Japan Airlines                                  1  1.574218e+09 NaN  1574217531  1574217531               1   3.0 NaN   
KLM*                                            1  1.874562e+09 NaN  1874561773  1874561773               1   7.0 NaN   
Kenya Airways                                   1  2.774148e+08 NaN   277414794   277414794               1   2.0 NaN   
Korean Air                                      1  1.734523e+09 NaN  1734522605  1734522605               1  12.0 NaN   
LAN Airlines                                    1  1.001966e+09 NaN  1001965891  1001965891               1   3.0 NaN   
Lufthansa*                                      1  3.426530e+09 NaN  3426529504  3426529504               1   6.0 NaN   
Malaysia Airlines                               1  1.039171e+09 NaN  1039171244  1039171244               1   3.0 NaN   
Pakistan International                          1  3.485631e+08 NaN   348563137   348563137               1   8.0 NaN   
Philippine Airlines                             1  4.130072e+08 NaN   413007158   413007158               1   7.0 NaN   
Qantas*                                         1  1.917429e+09 NaN  1917428984  1917428984               1   1.0 NaN   
Royal Air Maroc                                 1  2.957053e+08 NaN   295705339   295705339               1   5.0 NaN   
SAS*                                            1  6.829719e+08 NaN   682971852   682971852               1   5.0 NaN   
SWISS*                                          1  7.926013e+08 NaN   792601299   792601299               1   2.0 NaN   
Saudi Arabian                                   1  8.596739e+08 NaN   859673901   859673901               1   7.0 NaN   
Singapore Airlines                              1  2.376858e+09 NaN  2376857805  2376857805               1   2.0 NaN   
South African                                   1  6.515024e+08 NaN   651502442   651502442               1   2.0 NaN   
Southwest Airlines                              1  3.276526e+09 NaN  3276525770  3276525770               1   1.0 NaN   
Sri Lankan / AirLanka                           1  3.255830e+08 NaN   325582976   325582976               1   2.0 NaN   
TACA                                            1  2.593733e+08 NaN   259373346   259373346               1   3.0 NaN   
TAM                                             1  1.509196e+09 NaN  1509195646  1509195646               1   8.0 NaN   
TAP - Air Portugal                              1  6.191308e+08 NaN   619130754   619130754               1   0.0 NaN   
Thai Airways                                    1  1.702802e+09 NaN  1702802250  1702802250               1   8.0 NaN   
Turkish Airlines                                1  1.946098e+09 NaN  1946098294  1946098294               1   8.0 NaN   
US Airways / America West*                      1  2.455688e+09 NaN  2455687887  2455687887               1  16.0 NaN   
United / Continental*                           1  7.139291e+09 NaN  7139291291  7139291291               1  19.0 NaN   
Vietnam Airlines                                1  6.250849e+08 NaN   625084918   625084918               1   7.0 NaN   
Virgin Atlantic                                 1  1.005249e+09 NaN  1005248585  1005248585               1   1.0 NaN   
Xiamen Airlines                                 1  4.304630e+08 NaN   430462962   430462962               1   9.0 NaN   

                                   fatal_accidents_85_99                   incidents_00_14                    \
                           min max                 count  mean std min max           count  mean std min max   
airline                                                                                                        
Aer Lingus                   2   2                     1   0.0 NaN   0   0               1   0.0 NaN   0   0   
Aeroflot*                   76  76                     1  14.0 NaN  14  14               1   6.0 NaN   6   6   
Aerolineas Argentinas        6   6                     1   0.0 NaN   0   0               1   1.0 NaN   1   1   
Aeromexico*                  3   3                     1   1.0 NaN   1   1               1   5.0 NaN   5   5   
Air Canada                   2   2                     1   0.0 NaN   0   0               1   2.0 NaN   2   2   
Air France                  14  14                     1   4.0 NaN   4   4               1   6.0 NaN   6   6   
Air India*                   2   2                     1   1.0 NaN   1   1               1   4.0 NaN   4   4   
Air New Zealand*             3   3                     1   0.0 NaN   0   0               1   5.0 NaN   5   5   
Alaska Airlines*             5   5                     1   0.0 NaN   0   0               1   5.0 NaN   5   5   
Alitalia                     7   7                     1   2.0 NaN   2   2               1   4.0 NaN   4   4   
All Nippon Airways           3   3                     1   1.0 NaN   1   1               1   7.0 NaN   7   7   
American*                   21  21                     1   5.0 NaN   5   5               1  17.0 NaN  17  17   
Austrian Airlines            1   1                     1   0.0 NaN   0   0               1   1.0 NaN   1   1   
Avianca                      5   5                     1   3.0 NaN   3   3               1   0.0 NaN   0   0   
British Airways*             4   4                     1   0.0 NaN   0   0               1   6.0 NaN   6   6   
COPA                         3   3                     1   1.0 NaN   1   1               1   0.0 NaN   0   0   
Cathay Pacific*              0   0                     1   0.0 NaN   0   0               1   2.0 NaN   2   2   
China Airlines              12  12                     1   6.0 NaN   6   6               1   2.0 NaN   2   2   
Condor                       2   2                     1   1.0 NaN   1   1               1   0.0 NaN   0   0   
Delta / Northwest*          24  24                     1  12.0 NaN  12  12               1  24.0 NaN  24  24   
Egyptair                     8   8                     1   3.0 NaN   3   3               1   4.0 NaN   4   4   
El Al                        1   1                     1   1.0 NaN   1   1               1   1.0 NaN   1   1   
Ethiopian Airlines          25  25                     1   5.0 NaN   5   5               1   5.0 NaN   5   5   
Finnair                      1   1                     1   0.0 NaN   0   0               1   0.0 NaN   0   0   
Garuda Indonesia            10  10                     1   3.0 NaN   3   3               1   4.0 NaN   4   4   
Gulf Air                     1   1                     1   0.0 NaN   0   0               1   3.0 NaN   3   3   
Hawaiian Airlines            0   0                     1   0.0 NaN   0   0               1   1.0 NaN   1   1   
Iberia                       4   4                     1   1.0 NaN   1   1               1   5.0 NaN   5   5   
Japan Airlines               3   3                     1   1.0 NaN   1   1               1   0.0 NaN   0   0   
KLM*                         7   7                     1   1.0 NaN   1   1               1   1.0 NaN   1   1   
Kenya Airways                2   2                     1   0.0 NaN   0   0               1   2.0 NaN   2   2   
Korean Air                  12  12                     1   5.0 NaN   5   5               1   1.0 NaN   1   1   
LAN Airlines                 3   3                     1   2.0 NaN   2   2               1   0.0 NaN   0   0   
Lufthansa*                   6   6                     1   1.0 NaN   1   1               1   3.0 NaN   3   3   
Malaysia Airlines            3   3                     1   1.0 NaN   1   1               1   3.0 NaN   3   3   
Pakistan International       8   8                     1   3.0 NaN   3   3               1  10.0 NaN  10  10   
Philippine Airlines          7   7                     1   4.0 NaN   4   4               1   2.0 NaN   2   2   
Qantas*                      1   1                     1   0.0 NaN   0   0               1   5.0 NaN   5   5   
Royal Air Maroc              5   5                     1   3.0 NaN   3   3               1   3.0 NaN   3   3   
SAS*                         5   5                     1   0.0 NaN   0   0               1   6.0 NaN   6   6   
SWISS*                       2   2                     1   1.0 NaN   1   1               1   3.0 NaN   3   3   
Saudi Arabian                7   7                     1   2.0 NaN   2   2               1  11.0 NaN  11  11   
Singapore Airlines           2   2                     1   2.0 NaN   2   2               1   2.0 NaN   2   2   
South African                2   2                     1   1.0 NaN   1   1               1   1.0 NaN   1   1   
Southwest Airlines           1   1                     1   0.0 NaN   0   0               1   8.0 NaN   8   8   
Sri Lankan / AirLanka        2   2                     1   1.0 NaN   1   1               1   4.0 NaN   4   4   
TACA                         3   3                     1   1.0 NaN   1   1               1   1.0 NaN   1   1   
TAM                          8   8                     1   3.0 NaN   3   3               1   7.0 NaN   7   7   
TAP - Air Portugal           0   0                     1   0.0 NaN   0   0               1   0.0 NaN   0   0   
Thai Airways                 8   8                     1   4.0 NaN   4   4               1   2.0 NaN   2   2   
Turkish Airlines             8   8                     1   3.0 NaN   3   3               1   8.0 NaN   8   8   
US Airways / America West*  16  16                     1   7.0 NaN   7   7               1  11.0 NaN  11  11   
United / Continental*       19  19                     1   8.0 NaN   8   8               1  14.0 NaN  14  14   
Vietnam Airlines             7   7                     1   3.0 NaN   3   3               1   1.0 NaN   1   1   
Virgin Atlantic              1   1                     1   0.0 NaN   0   0               1   0.0 NaN   0   0   
Xiamen Airlines              9   9                     1   1.0 NaN   1   1               1   2.0 NaN   2   2   

                           fatalities_00_14                       
                                      count   mean std  min  max  
airline                                                           
Aer Lingus                                1    0.0 NaN    0    0  
Aeroflot*                                 1   88.0 NaN   88   88  
Aerolineas Argentinas                     1    0.0 NaN    0    0  
Aeromexico*                               1    0.0 NaN    0    0  
Air Canada                                1    0.0 NaN    0    0  
Air France                                1  337.0 NaN  337  337  
Air India*                                1  158.0 NaN  158  158  
Air New Zealand*                          1    7.0 NaN    7    7  
Alaska Airlines*                          1   88.0 NaN   88   88  
Alitalia                                  1    0.0 NaN    0    0  
All Nippon Airways                        1    0.0 NaN    0    0  
American*                                 1  416.0 NaN  416  416  
Austrian Airlines                         1    0.0 NaN    0    0  
Avianca                                   1    0.0 NaN    0    0  
British Airways*                          1    0.0 NaN    0    0  
COPA                                      1    0.0 NaN    0    0  
Cathay Pacific*                           1    0.0 NaN    0    0  
China Airlines                            1  225.0 NaN  225  225  
Condor                                    1    0.0 NaN    0    0  
Delta / Northwest*                        1   51.0 NaN   51   51  
Egyptair                                  1   14.0 NaN   14   14  
El Al                                     1    0.0 NaN    0    0  
Ethiopian Airlines                        1   92.0 NaN   92   92  
Finnair                                   1    0.0 NaN    0    0  
Garuda Indonesia                          1   22.0 NaN   22   22  
Gulf Air                                  1  143.0 NaN  143  143  
Hawaiian Airlines                         1    0.0 NaN    0    0  
Iberia                                    1    0.0 NaN    0    0  
Japan Airlines                            1    0.0 NaN    0    0  
KLM*                                      1    0.0 NaN    0    0  
Kenya Airways                             1  283.0 NaN  283  283  
Korean Air                                1    0.0 NaN    0    0  
LAN Airlines                              1    0.0 NaN    0    0  
Lufthansa*                                1    0.0 NaN    0    0  
Malaysia Airlines                         1  537.0 NaN  537  537  
Pakistan International                    1   46.0 NaN   46   46  
Philippine Airlines                       1    1.0 NaN    1    1  
Qantas*                                   1    0.0 NaN    0    0  
Royal Air Maroc                           1    0.0 NaN    0    0  
SAS*                                      1  110.0 NaN  110  110  
SWISS*                                    1    0.0 NaN    0    0  
Saudi Arabian                             1    0.0 NaN    0    0  
Singapore Airlines                        1   83.0 NaN   83   83  
South African                             1    0.0 NaN    0    0  
Southwest Airlines                        1    0.0 NaN    0    0  
Sri Lankan / AirLanka                     1    0.0 NaN    0    0  
TACA                                      1    3.0 NaN    3    3  
TAM                                       1  188.0 NaN  188  188  
TAP - Air Portugal                        1    0.0 NaN    0    0  
Thai Airways                              1    1.0 NaN    1    1  
Turkish Airlines                          1   84.0 NaN   84   84  
US Airways / America West*                1   23.0 NaN   23   23  
United / Continental*                     1  109.0 NaN  109  109  
Vietnam Airlines                          1    0.0 NaN    0    0  
Virgin Atlantic                           1    0.0 NaN    0    0  
Xiamen Airlines                           1    0.0 NaN    0    0  
2026-06-09 13:18:03 | INFO | P06-NB | --------------- Improving the output ---------------
2026-06-09 13:18:03 | DEBUG | P06-NB | 
                                        count         mean  std        min        max
airline                                                                              
Aer Lingus      avail_seat_km_per_week      1  320906734.0  NaN  320906734  320906734
                incidents_85_99             1          2.0  NaN          2          2
                fatal_accidents_85_99       1          0.0  NaN          0          0
                incidents_00_14             1          0.0  NaN          0          0
                fatalities_00_14            1          0.0  NaN          0          0
...                                       ...          ...  ...        ...        ...
Xiamen Airlines avail_seat_km_per_week      1  430462962.0  NaN  430462962  430462962
                incidents_85_99             1          9.0  NaN          9          9
                fatal_accidents_85_99       1          1.0  NaN          1          1
                incidents_00_14             1          2.0  NaN          2          2
                fatalities_00_14            1          0.0  NaN          0          0

[280 rows x 5 columns]
2026-06-09 13:18:03 | INFO | P06-NB | Computing correlation matrix for numeric columns
2026-06-09 13:18:03 | INFO | P06-NB | 
Correlation matrix:
2026-06-09 13:18:03 | DEBUG | P06-NB | 
                        avail_seat_km_per_week  incidents_85_99  fatal_accidents_85_99  incidents_00_14  \
avail_seat_km_per_week                1.000000         0.279538               0.468300         0.725917   
incidents_85_99                       0.279538         1.000000               0.856991         0.403009   
fatal_accidents_85_99                 0.468300         0.856991               1.000000         0.572923   
incidents_00_14                       0.725917         0.403009               0.572923         1.000000   
fatalities_00_14                      0.228484         0.195337               0.186985         0.282009   

                        fatalities_00_14  
avail_seat_km_per_week          0.228484  
incidents_85_99                 0.195337  
fatal_accidents_85_99           0.186985  
incidents_00_14                 0.282009  
fatalities_00_14                1.000000  
2026-06-09 13:18:03 | INFO | P06-NB | ---------Visualize Correlation Matrix as a Heatmap---------------
2026-06-09 13:18:04 | INFO | P06-NB | ---- Creating Scatter Plot to see Relationships ------
2026-06-09 13:18:04 | INFO | P06-NB | ----   Use clean dataframe ---------------------------
2026-06-09 13:18:04 | INFO | P06-NB | ----   Set x to Available seat km per week -----------------------
2026-06-09 13:18:04 | INFO | P06-NB | ----   Set y to Incidents (2000–2014) --------------------------
2026-06-09 13:18:04 | INFO | P06-NB | ----   Set the hue (color mapping) to the group column --
2026-06-09 13:18:04 | INFO | P06-NB | ------- Creating another chart -------
2026-06-09 13:18:04 | INFO | P06-NB | ------ Creating Box Plot to see Distribution: ---------
2026-06-09 13:18:04 | INFO | P06-NB | ------   Use clean dataframe --------------------------
2026-06-09 13:18:04 | INFO | P06-NB | ------   Set x to the group column --------------------
2026-06-09 13:18:04 | INFO | P06-NB | ------   Set y to Fatalities (2000–2014) ----------------------
2026-06-09 13:18:04 | INFO | P06-NB | ========================
2026-06-09 13:18:04 | INFO | P06-NB | SUMMARY
2026-06-09 13:18:04 | INFO | P06-NB | ========================
2026-06-09 13:18:04 | INFO | P06-NB | Dataset: airline-safety
2026-06-09 13:18:04 | INFO | P06-NB | Original rows: 56
2026-06-09 13:18:04 | INFO | P06-NB | Clean rows:    56
2026-06-09 13:18:04 | INFO | P06-NB | Groups found in airline: ['Aer Lingus', 'Aeroflot*', 'Aerolineas Argentinas', 'Aeromexico*', 'Air Canada', 'Air France', 'Air India*', 'Air New Zealand*', 'Alaska Airlines*', 'Alitalia', 'All Nippon Airways', 'American*', 'Austrian Airlines', 'Avianca', 'British Airways*', 'COPA', 'Cathay Pacific*', 'China Airlines', 'Condor', 'Delta / Northwest*', 'Egyptair', 'El Al', 'Ethiopian Airlines', 'Finnair', 'Garuda Indonesia', 'Gulf Air', 'Hawaiian Airlines', 'Iberia', 'Japan Airlines', 'KLM*', 'Kenya Airways', 'Korean Air', 'LAN Airlines', 'Lufthansa*', 'Malaysia Airlines', 'Pakistan International', 'Philippine Airlines', 'Qantas*', 'Royal Air Maroc', 'SAS*', 'SWISS*', 'Saudi Arabian', 'Singapore Airlines', 'South African', 'Southwest Airlines', 'Sri Lankan / AirLanka', 'TACA', 'TAM', 'TAP - Air Portugal', 'Thai Airways', 'Turkish Airlines', 'US Airways / America West*', 'United / Continental*', 'Vietnam Airlines', 'Virgin Atlantic', 'Xiamen Airlines']
2026-06-09 13:18:04 | INFO | P06-NB | ======================
2026-06-09 13:18:04 | INFO | P06-NB | Review the results. 
2026-06-09 13:18:04 | INFO | P06-NB | Determine the strongest correlations. 
2026-06-09 13:18:04 | INFO | P06-NB | ======================
2026-06-09 13:18:04 | INFO | P06-NB | Look for interesting patterns in the charts. 
2026-06-09 13:18:04 | INFO | P06-NB | Repeat the process, exploring additional angles.
2026-06-09 13:18:04 | INFO | P06-NB | After finding interesting insights, conclude your analysis.
2026-06-09 13:18:04 | INFO | P06-NB | ======================
2026-06-09 13:18:04 | INFO | P06-NB | Include instructions and specifics in your README.md file.
2026-06-09 13:18:04 | INFO | P06-NB | Write up your narrative on your docs/index.md file.
2026-06-09 13:18:04 | INFO | P06-NB | Include your next step suggestions for further analysis or modeling.
2026-06-09 13:18:04 | INFO | P06-NB | ======================
2026-06-09 13:18:04 | INFO | P06-NB | EDA workflow complete
2026-06-09 13:18:04 | INFO | P06-NB | ========================
2026-06-09 13:18:04 | INFO | P06-NB | Executed successfully!
2026-06-09 13:18:04 | INFO | P06-NB | ========================
2026-06-09 13:19:14 | INFO | P06-NB | === RUN START ===
2026-06-09 13:19:14 | INFO | P06-NB | project=P06-NB
2026-06-09 13:19:14 | INFO | P06-NB | repo_dir=datafun-06-applied
2026-06-09 13:19:14 | INFO | P06-NB | python=3.14.5
2026-06-09 13:19:14 | INFO | P06-NB | os=Windows 11
2026-06-09 13:19:14 | INFO | P06-NB | shell=powershell
2026-06-09 13:19:14 | INFO | P06-NB | cwd=notebooks
2026-06-09 13:19:14 | INFO | P06-NB | github_actions=False
2026-06-09 13:19:14 | INFO | P06-NB | Imports complete.
2026-06-09 13:19:14 | INFO | P06-NB | Loading dataset: airline-safety
2026-06-09 13:19:15 | INFO | P06-NB | Loaded: 56 rows, 8 columns
2026-06-09 13:19:15 | INFO | P06-NB | Previewing first few rows of the dataset
2026-06-09 13:19:15 | INFO | P06-NB | Column names
2026-06-09 13:19:15 | INFO | P06-NB | Building starter data dictionary
2026-06-09 13:19:15 | DEBUG | P06-NB | 
                   column  dtype  missing_count  missing_pct
0                 airline    str              0          0.0
1  avail_seat_km_per_week  int64              0          0.0
2         incidents_85_99  int64              0          0.0
3   fatal_accidents_85_99  int64              0          0.0
4        fatalities_85_99  int64              0          0.0
5         incidents_00_14  int64              0          0.0
6   fatal_accidents_00_14  int64              0          0.0
7        fatalities_00_14  int64              0          0.0
2026-06-09 13:19:15 | INFO | P06-NB | Missing values per column:
2026-06-09 13:19:15 | INFO | P06-NB | airline                   0
avail_seat_km_per_week    0
incidents_85_99           0
fatal_accidents_85_99     0
fatalities_85_99          0
incidents_00_14           0
fatal_accidents_00_14     0
fatalities_00_14          0
dtype: int64
2026-06-09 13:19:15 | INFO | P06-NB | Checking missing values per column
2026-06-09 13:19:15 | DEBUG | P06-NB | 
airline                   0
avail_seat_km_per_week    0
incidents_85_99           0
fatal_accidents_85_99     0
fatalities_85_99          0
incidents_00_14           0
fatal_accidents_00_14     0
fatalities_00_14          0
dtype: int64
2026-06-09 13:19:15 | INFO | P06-NB | Duplicate rows detected: 0
2026-06-09 13:19:15 | INFO | P06-NB | Call describe() for numeric columns
2026-06-09 13:19:15 | DEBUG | P06-NB | 
       avail_seat_km_per_week  incidents_85_99  fatal_accidents_85_99  incidents_00_14  fatalities_00_14
count            5.600000e+01        56.000000              56.000000        56.000000         56.000000
mean             1.384621e+09         7.178571               2.178571         4.125000         55.517857
std              1.465317e+09        11.035656               2.861069         4.544977        111.332751
min              2.593733e+08         0.000000               0.000000         0.000000          0.000000
25%              4.740362e+08         2.000000               0.000000         1.000000          0.000000
50%              8.029089e+08         4.000000               1.000000         3.000000          0.000000
75%              1.847239e+09         8.000000               3.000000         5.250000         83.250000
max              7.139291e+09        76.000000              14.000000        24.000000        537.000000

2026-06-09 13:19:15 | DEBUG | P06-NB | Columns required to be non-missing: ['avail_seat_km_per_week', 'incidents_85_99', 'fatal_accidents_85_99', 'incidents_00_14', 'fatalities_00_14', 'airline']
2026-06-09 13:19:15 | INFO | P06-NB | Original rows: 56
2026-06-09 13:19:15 | INFO | P06-NB | Clean rows:    56
2026-06-09 13:19:15 | INFO | P06-NB | Rows dropped:  0
2026-06-09 13:19:15 | INFO | P06-NB | --------------- Manual statistics ---------------
2026-06-09 13:19:15 | DEBUG | P06-NB | incidents_00_14 Statistics (using numpy):
2026-06-09 13:19:15 | DEBUG | P06-NB |   Mean: 4.12
2026-06-09 13:19:15 | DEBUG | P06-NB |   Std Dev: 4.50
2026-06-09 13:19:15 | DEBUG | P06-NB |   Min: 0.00
2026-06-09 13:19:15 | DEBUG | P06-NB |   Max: 24.00
2026-06-09 13:19:15 | DEBUG | P06-NB |   Range: 24.00
2026-06-09 13:19:15 | INFO | P06-NB | Computing overall descriptive statistics
2026-06-09 13:19:15 | DEBUG | P06-NB | 
                        count          mean           std          min           25%          50%           75%  \
avail_seat_km_per_week   56.0  1.384621e+09  1.465317e+09  259373346.0  4.740362e+08  802908893.0  1.847239e+09   
incidents_85_99          56.0  7.178571e+00  1.103566e+01          0.0  2.000000e+00          4.0  8.000000e+00   
fatal_accidents_85_99    56.0  2.178571e+00  2.861069e+00          0.0  0.000000e+00          1.0  3.000000e+00   
incidents_00_14          56.0  4.125000e+00  4.544977e+00          0.0  1.000000e+00          3.0  5.250000e+00   
fatalities_00_14         56.0  5.551786e+01  1.113328e+02          0.0  0.000000e+00          0.0  8.325000e+01   

                                 max  
avail_seat_km_per_week  7.139291e+09  
incidents_85_99         7.600000e+01  
fatal_accidents_85_99   1.400000e+01  
incidents_00_14         2.400000e+01  
fatalities_00_14        5.370000e+02  
2026-06-09 13:19:15 | INFO | P06-NB | --------------- Using pandas groupby() and agg() ---------------
2026-06-09 13:19:15 | INFO | P06-NB | Computing descriptive statistics by group
2026-06-09 13:19:15 | DEBUG | P06-NB | 
                           avail_seat_km_per_week                                           incidents_85_99            \
                                            count          mean std         min         max           count  mean std   
airline                                                                                                                 
Aer Lingus                                      1  3.209067e+08 NaN   320906734   320906734               1   2.0 NaN   
Aeroflot*                                       1  1.197672e+09 NaN  1197672318  1197672318               1  76.0 NaN   
Aerolineas Argentinas                           1  3.858036e+08 NaN   385803648   385803648               1   6.0 NaN   
Aeromexico*                                     1  5.968718e+08 NaN   596871813   596871813               1   3.0 NaN   
Air Canada                                      1  1.865254e+09 NaN  1865253802  1865253802               1   2.0 NaN   
Air France                                      1  3.004003e+09 NaN  3004002661  3004002661               1  14.0 NaN   
Air India*                                      1  8.692536e+08 NaN   869253552   869253552               1   2.0 NaN   
Air New Zealand*                                1  7.101748e+08 NaN   710174817   710174817               1   3.0 NaN   
Alaska Airlines*                                1  9.653468e+08 NaN   965346773   965346773               1   5.0 NaN   
Alitalia                                        1  6.980125e+08 NaN   698012498   698012498               1   7.0 NaN   
All Nippon Airways                              1  1.841234e+09 NaN  1841234177  1841234177               1   3.0 NaN   
American*                                       1  5.228357e+09 NaN  5228357340  5228357340               1  21.0 NaN   
Austrian Airlines                               1  3.582398e+08 NaN   358239823   358239823               1   1.0 NaN   
Avianca                                         1  3.969226e+08 NaN   396922563   396922563               1   5.0 NaN   
British Airways*                                1  3.179761e+09 NaN  3179760952  3179760952               1   4.0 NaN   
COPA                                            1  5.504915e+08 NaN   550491507   550491507               1   3.0 NaN   
Cathay Pacific*                                 1  2.582459e+09 NaN  2582459303  2582459303               1   0.0 NaN   
China Airlines                                  1  8.132165e+08 NaN   813216487   813216487               1  12.0 NaN   
Condor                                          1  4.179826e+08 NaN   417982610   417982610               1   2.0 NaN   
Delta / Northwest*                              1  6.525659e+09 NaN  6525658894  6525658894               1  24.0 NaN   
Egyptair                                        1  5.576999e+08 NaN   557699891   557699891               1   8.0 NaN   
El Al                                           1  3.354480e+08 NaN   335448023   335448023               1   1.0 NaN   
Ethiopian Airlines                              1  4.885606e+08 NaN   488560643   488560643               1  25.0 NaN   
Finnair                                         1  5.064650e+08 NaN   506464950   506464950               1   1.0 NaN   
Garuda Indonesia                                1  6.133567e+08 NaN   613356665   613356665               1  10.0 NaN   
Gulf Air                                        1  3.013798e+08 NaN   301379762   301379762               1   1.0 NaN   
Hawaiian Airlines                               1  4.938778e+08 NaN   493877795   493877795               1   0.0 NaN   
Iberia                                          1  1.173203e+09 NaN  1173203126  1173203126               1   4.0 NaN   
Japan Airlines                                  1  1.574218e+09 NaN  1574217531  1574217531               1   3.0 NaN   
KLM*                                            1  1.874562e+09 NaN  1874561773  1874561773               1   7.0 NaN   
Kenya Airways                                   1  2.774148e+08 NaN   277414794   277414794               1   2.0 NaN   
Korean Air                                      1  1.734523e+09 NaN  1734522605  1734522605               1  12.0 NaN   
LAN Airlines                                    1  1.001966e+09 NaN  1001965891  1001965891               1   3.0 NaN   
Lufthansa*                                      1  3.426530e+09 NaN  3426529504  3426529504               1   6.0 NaN   
Malaysia Airlines                               1  1.039171e+09 NaN  1039171244  1039171244               1   3.0 NaN   
Pakistan International                          1  3.485631e+08 NaN   348563137   348563137               1   8.0 NaN   
Philippine Airlines                             1  4.130072e+08 NaN   413007158   413007158               1   7.0 NaN   
Qantas*                                         1  1.917429e+09 NaN  1917428984  1917428984               1   1.0 NaN   
Royal Air Maroc                                 1  2.957053e+08 NaN   295705339   295705339               1   5.0 NaN   
SAS*                                            1  6.829719e+08 NaN   682971852   682971852               1   5.0 NaN   
SWISS*                                          1  7.926013e+08 NaN   792601299   792601299               1   2.0 NaN   
Saudi Arabian                                   1  8.596739e+08 NaN   859673901   859673901               1   7.0 NaN   
Singapore Airlines                              1  2.376858e+09 NaN  2376857805  2376857805               1   2.0 NaN   
South African                                   1  6.515024e+08 NaN   651502442   651502442               1   2.0 NaN   
Southwest Airlines                              1  3.276526e+09 NaN  3276525770  3276525770               1   1.0 NaN   
Sri Lankan / AirLanka                           1  3.255830e+08 NaN   325582976   325582976               1   2.0 NaN   
TACA                                            1  2.593733e+08 NaN   259373346   259373346               1   3.0 NaN   
TAM                                             1  1.509196e+09 NaN  1509195646  1509195646               1   8.0 NaN   
TAP - Air Portugal                              1  6.191308e+08 NaN   619130754   619130754               1   0.0 NaN   
Thai Airways                                    1  1.702802e+09 NaN  1702802250  1702802250               1   8.0 NaN   
Turkish Airlines                                1  1.946098e+09 NaN  1946098294  1946098294               1   8.0 NaN   
US Airways / America West*                      1  2.455688e+09 NaN  2455687887  2455687887               1  16.0 NaN   
United / Continental*                           1  7.139291e+09 NaN  7139291291  7139291291               1  19.0 NaN   
Vietnam Airlines                                1  6.250849e+08 NaN   625084918   625084918               1   7.0 NaN   
Virgin Atlantic                                 1  1.005249e+09 NaN  1005248585  1005248585               1   1.0 NaN   
Xiamen Airlines                                 1  4.304630e+08 NaN   430462962   430462962               1   9.0 NaN   

                                   fatal_accidents_85_99                   incidents_00_14                    \
                           min max                 count  mean std min max           count  mean std min max   
airline                                                                                                        
Aer Lingus                   2   2                     1   0.0 NaN   0   0               1   0.0 NaN   0   0   
Aeroflot*                   76  76                     1  14.0 NaN  14  14               1   6.0 NaN   6   6   
Aerolineas Argentinas        6   6                     1   0.0 NaN   0   0               1   1.0 NaN   1   1   
Aeromexico*                  3   3                     1   1.0 NaN   1   1               1   5.0 NaN   5   5   
Air Canada                   2   2                     1   0.0 NaN   0   0               1   2.0 NaN   2   2   
Air France                  14  14                     1   4.0 NaN   4   4               1   6.0 NaN   6   6   
Air India*                   2   2                     1   1.0 NaN   1   1               1   4.0 NaN   4   4   
Air New Zealand*             3   3                     1   0.0 NaN   0   0               1   5.0 NaN   5   5   
Alaska Airlines*             5   5                     1   0.0 NaN   0   0               1   5.0 NaN   5   5   
Alitalia                     7   7                     1   2.0 NaN   2   2               1   4.0 NaN   4   4   
All Nippon Airways           3   3                     1   1.0 NaN   1   1               1   7.0 NaN   7   7   
American*                   21  21                     1   5.0 NaN   5   5               1  17.0 NaN  17  17   
Austrian Airlines            1   1                     1   0.0 NaN   0   0               1   1.0 NaN   1   1   
Avianca                      5   5                     1   3.0 NaN   3   3               1   0.0 NaN   0   0   
British Airways*             4   4                     1   0.0 NaN   0   0               1   6.0 NaN   6   6   
COPA                         3   3                     1   1.0 NaN   1   1               1   0.0 NaN   0   0   
Cathay Pacific*              0   0                     1   0.0 NaN   0   0               1   2.0 NaN   2   2   
China Airlines              12  12                     1   6.0 NaN   6   6               1   2.0 NaN   2   2   
Condor                       2   2                     1   1.0 NaN   1   1               1   0.0 NaN   0   0   
Delta / Northwest*          24  24                     1  12.0 NaN  12  12               1  24.0 NaN  24  24   
Egyptair                     8   8                     1   3.0 NaN   3   3               1   4.0 NaN   4   4   
El Al                        1   1                     1   1.0 NaN   1   1               1   1.0 NaN   1   1   
Ethiopian Airlines          25  25                     1   5.0 NaN   5   5               1   5.0 NaN   5   5   
Finnair                      1   1                     1   0.0 NaN   0   0               1   0.0 NaN   0   0   
Garuda Indonesia            10  10                     1   3.0 NaN   3   3               1   4.0 NaN   4   4   
Gulf Air                     1   1                     1   0.0 NaN   0   0               1   3.0 NaN   3   3   
Hawaiian Airlines            0   0                     1   0.0 NaN   0   0               1   1.0 NaN   1   1   
Iberia                       4   4                     1   1.0 NaN   1   1               1   5.0 NaN   5   5   
Japan Airlines               3   3                     1   1.0 NaN   1   1               1   0.0 NaN   0   0   
KLM*                         7   7                     1   1.0 NaN   1   1               1   1.0 NaN   1   1   
Kenya Airways                2   2                     1   0.0 NaN   0   0               1   2.0 NaN   2   2   
Korean Air                  12  12                     1   5.0 NaN   5   5               1   1.0 NaN   1   1   
LAN Airlines                 3   3                     1   2.0 NaN   2   2               1   0.0 NaN   0   0   
Lufthansa*                   6   6                     1   1.0 NaN   1   1               1   3.0 NaN   3   3   
Malaysia Airlines            3   3                     1   1.0 NaN   1   1               1   3.0 NaN   3   3   
Pakistan International       8   8                     1   3.0 NaN   3   3               1  10.0 NaN  10  10   
Philippine Airlines          7   7                     1   4.0 NaN   4   4               1   2.0 NaN   2   2   
Qantas*                      1   1                     1   0.0 NaN   0   0               1   5.0 NaN   5   5   
Royal Air Maroc              5   5                     1   3.0 NaN   3   3               1   3.0 NaN   3   3   
SAS*                         5   5                     1   0.0 NaN   0   0               1   6.0 NaN   6   6   
SWISS*                       2   2                     1   1.0 NaN   1   1               1   3.0 NaN   3   3   
Saudi Arabian                7   7                     1   2.0 NaN   2   2               1  11.0 NaN  11  11   
Singapore Airlines           2   2                     1   2.0 NaN   2   2               1   2.0 NaN   2   2   
South African                2   2                     1   1.0 NaN   1   1               1   1.0 NaN   1   1   
Southwest Airlines           1   1                     1   0.0 NaN   0   0               1   8.0 NaN   8   8   
Sri Lankan / AirLanka        2   2                     1   1.0 NaN   1   1               1   4.0 NaN   4   4   
TACA                         3   3                     1   1.0 NaN   1   1               1   1.0 NaN   1   1   
TAM                          8   8                     1   3.0 NaN   3   3               1   7.0 NaN   7   7   
TAP - Air Portugal           0   0                     1   0.0 NaN   0   0               1   0.0 NaN   0   0   
Thai Airways                 8   8                     1   4.0 NaN   4   4               1   2.0 NaN   2   2   
Turkish Airlines             8   8                     1   3.0 NaN   3   3               1   8.0 NaN   8   8   
US Airways / America West*  16  16                     1   7.0 NaN   7   7               1  11.0 NaN  11  11   
United / Continental*       19  19                     1   8.0 NaN   8   8               1  14.0 NaN  14  14   
Vietnam Airlines             7   7                     1   3.0 NaN   3   3               1   1.0 NaN   1   1   
Virgin Atlantic              1   1                     1   0.0 NaN   0   0               1   0.0 NaN   0   0   
Xiamen Airlines              9   9                     1   1.0 NaN   1   1               1   2.0 NaN   2   2   

                           fatalities_00_14                       
                                      count   mean std  min  max  
airline                                                           
Aer Lingus                                1    0.0 NaN    0    0  
Aeroflot*                                 1   88.0 NaN   88   88  
Aerolineas Argentinas                     1    0.0 NaN    0    0  
Aeromexico*                               1    0.0 NaN    0    0  
Air Canada                                1    0.0 NaN    0    0  
Air France                                1  337.0 NaN  337  337  
Air India*                                1  158.0 NaN  158  158  
Air New Zealand*                          1    7.0 NaN    7    7  
Alaska Airlines*                          1   88.0 NaN   88   88  
Alitalia                                  1    0.0 NaN    0    0  
All Nippon Airways                        1    0.0 NaN    0    0  
American*                                 1  416.0 NaN  416  416  
Austrian Airlines                         1    0.0 NaN    0    0  
Avianca                                   1    0.0 NaN    0    0  
British Airways*                          1    0.0 NaN    0    0  
COPA                                      1    0.0 NaN    0    0  
Cathay Pacific*                           1    0.0 NaN    0    0  
China Airlines                            1  225.0 NaN  225  225  
Condor                                    1    0.0 NaN    0    0  
Delta / Northwest*                        1   51.0 NaN   51   51  
Egyptair                                  1   14.0 NaN   14   14  
El Al                                     1    0.0 NaN    0    0  
Ethiopian Airlines                        1   92.0 NaN   92   92  
Finnair                                   1    0.0 NaN    0    0  
Garuda Indonesia                          1   22.0 NaN   22   22  
Gulf Air                                  1  143.0 NaN  143  143  
Hawaiian Airlines                         1    0.0 NaN    0    0  
Iberia                                    1    0.0 NaN    0    0  
Japan Airlines                            1    0.0 NaN    0    0  
KLM*                                      1    0.0 NaN    0    0  
Kenya Airways                             1  283.0 NaN  283  283  
Korean Air                                1    0.0 NaN    0    0  
LAN Airlines                              1    0.0 NaN    0    0  
Lufthansa*                                1    0.0 NaN    0    0  
Malaysia Airlines                         1  537.0 NaN  537  537  
Pakistan International                    1   46.0 NaN   46   46  
Philippine Airlines                       1    1.0 NaN    1    1  
Qantas*                                   1    0.0 NaN    0    0  
Royal Air Maroc                           1    0.0 NaN    0    0  
SAS*                                      1  110.0 NaN  110  110  
SWISS*                                    1    0.0 NaN    0    0  
Saudi Arabian                             1    0.0 NaN    0    0  
Singapore Airlines                        1   83.0 NaN   83   83  
South African                             1    0.0 NaN    0    0  
Southwest Airlines                        1    0.0 NaN    0    0  
Sri Lankan / AirLanka                     1    0.0 NaN    0    0  
TACA                                      1    3.0 NaN    3    3  
TAM                                       1  188.0 NaN  188  188  
TAP - Air Portugal                        1    0.0 NaN    0    0  
Thai Airways                              1    1.0 NaN    1    1  
Turkish Airlines                          1   84.0 NaN   84   84  
US Airways / America West*                1   23.0 NaN   23   23  
United / Continental*                     1  109.0 NaN  109  109  
Vietnam Airlines                          1    0.0 NaN    0    0  
Virgin Atlantic                           1    0.0 NaN    0    0  
Xiamen Airlines                           1    0.0 NaN    0    0  
2026-06-09 13:19:15 | INFO | P06-NB | --------------- Improving the output ---------------
2026-06-09 13:19:15 | DEBUG | P06-NB | 
                                        count         mean  std        min        max
airline                                                                              
Aer Lingus      avail_seat_km_per_week      1  320906734.0  NaN  320906734  320906734
                incidents_85_99             1          2.0  NaN          2          2
                fatal_accidents_85_99       1          0.0  NaN          0          0
                incidents_00_14             1          0.0  NaN          0          0
                fatalities_00_14            1          0.0  NaN          0          0
...                                       ...          ...  ...        ...        ...
Xiamen Airlines avail_seat_km_per_week      1  430462962.0  NaN  430462962  430462962
                incidents_85_99             1          9.0  NaN          9          9
                fatal_accidents_85_99       1          1.0  NaN          1          1
                incidents_00_14             1          2.0  NaN          2          2
                fatalities_00_14            1          0.0  NaN          0          0

[280 rows x 5 columns]
2026-06-09 13:19:15 | INFO | P06-NB | Computing correlation matrix for numeric columns
2026-06-09 13:19:15 | INFO | P06-NB | 
Correlation matrix:
2026-06-09 13:19:15 | DEBUG | P06-NB | 
                        avail_seat_km_per_week  incidents_85_99  fatal_accidents_85_99  incidents_00_14  \
avail_seat_km_per_week                1.000000         0.279538               0.468300         0.725917   
incidents_85_99                       0.279538         1.000000               0.856991         0.403009   
fatal_accidents_85_99                 0.468300         0.856991               1.000000         0.572923   
incidents_00_14                       0.725917         0.403009               0.572923         1.000000   
fatalities_00_14                      0.228484         0.195337               0.186985         0.282009   

                        fatalities_00_14  
avail_seat_km_per_week          0.228484  
incidents_85_99                 0.195337  
fatal_accidents_85_99           0.186985  
incidents_00_14                 0.282009  
fatalities_00_14                1.000000  
2026-06-09 13:19:15 | INFO | P06-NB | ---------Visualize Correlation Matrix as a Heatmap---------------
2026-06-09 13:19:15 | INFO | P06-NB | ---- Creating Scatter Plot to see Relationships ------
2026-06-09 13:19:15 | INFO | P06-NB | ----   Use clean dataframe ---------------------------
2026-06-09 13:19:15 | INFO | P06-NB | ----   Set x to Available seat km per week -----------------------
2026-06-09 13:19:15 | INFO | P06-NB | ----   Set y to Incidents (2000–2014) --------------------------
2026-06-09 13:19:15 | INFO | P06-NB | ----   Set the hue (color mapping) to the group column --
2026-06-09 13:19:15 | INFO | P06-NB | ------- Creating another chart -------
2026-06-09 13:19:15 | INFO | P06-NB | ------ Creating Box Plot to see Distribution: ---------
2026-06-09 13:19:15 | INFO | P06-NB | ------   Use clean dataframe --------------------------
2026-06-09 13:19:15 | INFO | P06-NB | ------   Set x to the group column --------------------
2026-06-09 13:19:15 | INFO | P06-NB | ------   Set y to Fatalities (2000–2014) ----------------------
2026-06-09 13:19:15 | INFO | P06-NB | ========================
2026-06-09 13:19:15 | INFO | P06-NB | SUMMARY
2026-06-09 13:19:15 | INFO | P06-NB | ========================
2026-06-09 13:19:15 | INFO | P06-NB | Dataset: airline-safety
2026-06-09 13:19:15 | INFO | P06-NB | Original rows: 56
2026-06-09 13:19:15 | INFO | P06-NB | Clean rows:    56
2026-06-09 13:19:15 | INFO | P06-NB | Groups found in airline: ['Aer Lingus', 'Aeroflot*', 'Aerolineas Argentinas', 'Aeromexico*', 'Air Canada', 'Air France', 'Air India*', 'Air New Zealand*', 'Alaska Airlines*', 'Alitalia', 'All Nippon Airways', 'American*', 'Austrian Airlines', 'Avianca', 'British Airways*', 'COPA', 'Cathay Pacific*', 'China Airlines', 'Condor', 'Delta / Northwest*', 'Egyptair', 'El Al', 'Ethiopian Airlines', 'Finnair', 'Garuda Indonesia', 'Gulf Air', 'Hawaiian Airlines', 'Iberia', 'Japan Airlines', 'KLM*', 'Kenya Airways', 'Korean Air', 'LAN Airlines', 'Lufthansa*', 'Malaysia Airlines', 'Pakistan International', 'Philippine Airlines', 'Qantas*', 'Royal Air Maroc', 'SAS*', 'SWISS*', 'Saudi Arabian', 'Singapore Airlines', 'South African', 'Southwest Airlines', 'Sri Lankan / AirLanka', 'TACA', 'TAM', 'TAP - Air Portugal', 'Thai Airways', 'Turkish Airlines', 'US Airways / America West*', 'United / Continental*', 'Vietnam Airlines', 'Virgin Atlantic', 'Xiamen Airlines']
2026-06-09 13:19:15 | INFO | P06-NB | ======================
2026-06-09 13:19:15 | INFO | P06-NB | Review the results. 
2026-06-09 13:19:15 | INFO | P06-NB | Determine the strongest correlations. 
2026-06-09 13:19:15 | INFO | P06-NB | ======================
2026-06-09 13:19:15 | INFO | P06-NB | Look for interesting patterns in the charts. 
2026-06-09 13:19:15 | INFO | P06-NB | Repeat the process, exploring additional angles.
2026-06-09 13:19:15 | INFO | P06-NB | After finding interesting insights, conclude your analysis.
2026-06-09 13:19:15 | INFO | P06-NB | ======================
2026-06-09 13:19:15 | INFO | P06-NB | Include instructions and specifics in your README.md file.
2026-06-09 13:19:15 | INFO | P06-NB | Write up your narrative on your docs/index.md file.
2026-06-09 13:19:15 | INFO | P06-NB | Include your next step suggestions for further analysis or modeling.
2026-06-09 13:19:15 | INFO | P06-NB | ======================
2026-06-09 13:19:15 | INFO | P06-NB | EDA workflow complete
2026-06-09 13:19:15 | INFO | P06-NB | ========================
2026-06-09 13:19:15 | INFO | P06-NB | Executed successfully!
2026-06-09 13:19:15 | INFO | P06-NB | ========================
2026-06-09 13:24:27 | INFO | P06-NB | ------- Creating another chart -------
2026-06-09 13:24:27 | INFO | P06-NB | ------ Creating Box Plot to see Distribution: ---------
2026-06-09 13:24:27 | INFO | P06-NB | ------   Use clean dataframe --------------------------
2026-06-09 13:24:27 | INFO | P06-NB | ------   Set x to the group column --------------------
2026-06-09 13:24:27 | INFO | P06-NB | ------   Set y to Fatalities (2000–2014) ----------------------
2026-06-09 13:24:29 | INFO | P06-NB | ========================
2026-06-09 13:24:29 | INFO | P06-NB | SUMMARY
2026-06-09 13:24:29 | INFO | P06-NB | ========================
2026-06-09 13:24:29 | INFO | P06-NB | Dataset: airline-safety
2026-06-09 13:24:29 | INFO | P06-NB | Original rows: 56
2026-06-09 13:24:29 | INFO | P06-NB | Clean rows:    56
2026-06-09 13:24:29 | INFO | P06-NB | Groups found in airline: ['Aer Lingus', 'Aeroflot*', 'Aerolineas Argentinas', 'Aeromexico*', 'Air Canada', 'Air France', 'Air India*', 'Air New Zealand*', 'Alaska Airlines*', 'Alitalia', 'All Nippon Airways', 'American*', 'Austrian Airlines', 'Avianca', 'British Airways*', 'COPA', 'Cathay Pacific*', 'China Airlines', 'Condor', 'Delta / Northwest*', 'Egyptair', 'El Al', 'Ethiopian Airlines', 'Finnair', 'Garuda Indonesia', 'Gulf Air', 'Hawaiian Airlines', 'Iberia', 'Japan Airlines', 'KLM*', 'Kenya Airways', 'Korean Air', 'LAN Airlines', 'Lufthansa*', 'Malaysia Airlines', 'Pakistan International', 'Philippine Airlines', 'Qantas*', 'Royal Air Maroc', 'SAS*', 'SWISS*', 'Saudi Arabian', 'Singapore Airlines', 'South African', 'Southwest Airlines', 'Sri Lankan / AirLanka', 'TACA', 'TAM', 'TAP - Air Portugal', 'Thai Airways', 'Turkish Airlines', 'US Airways / America West*', 'United / Continental*', 'Vietnam Airlines', 'Virgin Atlantic', 'Xiamen Airlines']
2026-06-09 13:24:29 | INFO | P06-NB | ======================
2026-06-09 13:24:29 | INFO | P06-NB | Review the results. 
2026-06-09 13:24:29 | INFO | P06-NB | Determine the strongest correlations. 
2026-06-09 13:24:29 | INFO | P06-NB | ======================
2026-06-09 13:24:29 | INFO | P06-NB | Look for interesting patterns in the charts. 
2026-06-09 13:24:29 | INFO | P06-NB | Repeat the process, exploring additional angles.
2026-06-09 13:24:29 | INFO | P06-NB | After finding interesting insights, conclude your analysis.
2026-06-09 13:24:29 | INFO | P06-NB | ======================
2026-06-09 13:24:29 | INFO | P06-NB | Include instructions and specifics in your README.md file.
2026-06-09 13:24:29 | INFO | P06-NB | Write up your narrative on your docs/index.md file.
2026-06-09 13:24:29 | INFO | P06-NB | Include your next step suggestions for further analysis or modeling.
2026-06-09 13:24:29 | INFO | P06-NB | ======================
2026-06-09 13:24:29 | INFO | P06-NB | EDA workflow complete
2026-06-09 13:24:29 | INFO | P06-NB | ========================
2026-06-09 13:24:29 | INFO | P06-NB | Executed successfully!
2026-06-09 13:24:29 | INFO | P06-NB | ========================
2026-06-09 13:25:02 | INFO | P06-NB | ------- Creating another chart -------
2026-06-09 13:25:02 | INFO | P06-NB | ------ Creating Box Plot to see Distribution: ---------
2026-06-09 13:25:02 | INFO | P06-NB | ------   Use clean dataframe --------------------------
2026-06-09 13:25:02 | INFO | P06-NB | ------   Set x to the group column --------------------
2026-06-09 13:25:02 | INFO | P06-NB | ------   Set y to Fatalities (2000–2014) ----------------------
2026-06-09 13:25:02 | INFO | P06-NB | ========================
2026-06-09 13:25:02 | INFO | P06-NB | SUMMARY
2026-06-09 13:25:02 | INFO | P06-NB | ========================
2026-06-09 13:25:02 | INFO | P06-NB | Dataset: airline-safety
2026-06-09 13:25:02 | INFO | P06-NB | Original rows: 56
2026-06-09 13:25:02 | INFO | P06-NB | Clean rows:    56
2026-06-09 13:25:02 | INFO | P06-NB | Groups found in airline: ['Aer Lingus', 'Aeroflot*', 'Aerolineas Argentinas', 'Aeromexico*', 'Air Canada', 'Air France', 'Air India*', 'Air New Zealand*', 'Alaska Airlines*', 'Alitalia', 'All Nippon Airways', 'American*', 'Austrian Airlines', 'Avianca', 'British Airways*', 'COPA', 'Cathay Pacific*', 'China Airlines', 'Condor', 'Delta / Northwest*', 'Egyptair', 'El Al', 'Ethiopian Airlines', 'Finnair', 'Garuda Indonesia', 'Gulf Air', 'Hawaiian Airlines', 'Iberia', 'Japan Airlines', 'KLM*', 'Kenya Airways', 'Korean Air', 'LAN Airlines', 'Lufthansa*', 'Malaysia Airlines', 'Pakistan International', 'Philippine Airlines', 'Qantas*', 'Royal Air Maroc', 'SAS*', 'SWISS*', 'Saudi Arabian', 'Singapore Airlines', 'South African', 'Southwest Airlines', 'Sri Lankan / AirLanka', 'TACA', 'TAM', 'TAP - Air Portugal', 'Thai Airways', 'Turkish Airlines', 'US Airways / America West*', 'United / Continental*', 'Vietnam Airlines', 'Virgin Atlantic', 'Xiamen Airlines']
2026-06-09 13:25:02 | INFO | P06-NB | ======================
2026-06-09 13:25:02 | INFO | P06-NB | Review the results. 
2026-06-09 13:25:02 | INFO | P06-NB | Determine the strongest correlations. 
2026-06-09 13:25:02 | INFO | P06-NB | ======================
2026-06-09 13:25:02 | INFO | P06-NB | Look for interesting patterns in the charts. 
2026-06-09 13:25:02 | INFO | P06-NB | Repeat the process, exploring additional angles.
2026-06-09 13:25:02 | INFO | P06-NB | After finding interesting insights, conclude your analysis.
2026-06-09 13:25:02 | INFO | P06-NB | ======================
2026-06-09 13:25:02 | INFO | P06-NB | Include instructions and specifics in your README.md file.
2026-06-09 13:25:02 | INFO | P06-NB | Write up your narrative on your docs/index.md file.
2026-06-09 13:25:02 | INFO | P06-NB | Include your next step suggestions for further analysis or modeling.
2026-06-09 13:25:02 | INFO | P06-NB | ======================
2026-06-09 13:25:02 | INFO | P06-NB | EDA workflow complete
2026-06-09 13:25:02 | INFO | P06-NB | ========================
2026-06-09 13:25:02 | INFO | P06-NB | Executed successfully!
2026-06-09 13:25:02 | INFO | P06-NB | ========================
2026-06-09 13:25:34 | INFO | P06-NB | ------- Creating another chart -------
2026-06-09 13:25:34 | INFO | P06-NB | ------ Creating Box Plot to see Distribution: ---------
2026-06-09 13:25:34 | INFO | P06-NB | ------   Use clean dataframe --------------------------
2026-06-09 13:25:34 | INFO | P06-NB | ------   Set x to the group column --------------------
2026-06-09 13:25:34 | INFO | P06-NB | ------   Set y to Fatalities (2000–2014) ----------------------
2026-06-09 13:26:42 | INFO | P06-NB | ------- Creating another chart -------
2026-06-09 13:26:42 | INFO | P06-NB | ------ Creating Box Plot to see Distribution: ---------
2026-06-09 13:26:42 | INFO | P06-NB | ------   Use clean dataframe --------------------------
2026-06-09 13:26:42 | INFO | P06-NB | ------   Set x to the group column --------------------
2026-06-09 13:26:42 | INFO | P06-NB | ------   Set y to Fatalities (2000–2014) ----------------------
2026-06-09 13:26:42 | INFO | P06-NB | ========================
2026-06-09 13:26:42 | INFO | P06-NB | SUMMARY
2026-06-09 13:26:42 | INFO | P06-NB | ========================
2026-06-09 13:26:42 | INFO | P06-NB | Dataset: airline-safety
2026-06-09 13:26:42 | INFO | P06-NB | Original rows: 56
2026-06-09 13:26:42 | INFO | P06-NB | Clean rows:    56
2026-06-09 13:26:42 | INFO | P06-NB | Groups found in airline: ['Aer Lingus', 'Aeroflot*', 'Aerolineas Argentinas', 'Aeromexico*', 'Air Canada', 'Air France', 'Air India*', 'Air New Zealand*', 'Alaska Airlines*', 'Alitalia', 'All Nippon Airways', 'American*', 'Austrian Airlines', 'Avianca', 'British Airways*', 'COPA', 'Cathay Pacific*', 'China Airlines', 'Condor', 'Delta / Northwest*', 'Egyptair', 'El Al', 'Ethiopian Airlines', 'Finnair', 'Garuda Indonesia', 'Gulf Air', 'Hawaiian Airlines', 'Iberia', 'Japan Airlines', 'KLM*', 'Kenya Airways', 'Korean Air', 'LAN Airlines', 'Lufthansa*', 'Malaysia Airlines', 'Pakistan International', 'Philippine Airlines', 'Qantas*', 'Royal Air Maroc', 'SAS*', 'SWISS*', 'Saudi Arabian', 'Singapore Airlines', 'South African', 'Southwest Airlines', 'Sri Lankan / AirLanka', 'TACA', 'TAM', 'TAP - Air Portugal', 'Thai Airways', 'Turkish Airlines', 'US Airways / America West*', 'United / Continental*', 'Vietnam Airlines', 'Virgin Atlantic', 'Xiamen Airlines']
2026-06-09 13:26:42 | INFO | P06-NB | ======================
2026-06-09 13:26:42 | INFO | P06-NB | Review the results. 
2026-06-09 13:26:42 | INFO | P06-NB | Determine the strongest correlations. 
2026-06-09 13:26:42 | INFO | P06-NB | ======================
2026-06-09 13:26:42 | INFO | P06-NB | Look for interesting patterns in the charts. 
2026-06-09 13:26:42 | INFO | P06-NB | Repeat the process, exploring additional angles.
2026-06-09 13:26:42 | INFO | P06-NB | After finding interesting insights, conclude your analysis.
2026-06-09 13:26:42 | INFO | P06-NB | ======================
2026-06-09 13:26:42 | INFO | P06-NB | Include instructions and specifics in your README.md file.
2026-06-09 13:26:42 | INFO | P06-NB | Write up your narrative on your docs/index.md file.
2026-06-09 13:26:42 | INFO | P06-NB | Include your next step suggestions for further analysis or modeling.
2026-06-09 13:26:42 | INFO | P06-NB | ======================
2026-06-09 13:26:42 | INFO | P06-NB | EDA workflow complete
2026-06-09 13:26:42 | INFO | P06-NB | ========================
2026-06-09 13:26:42 | INFO | P06-NB | Executed successfully!
2026-06-09 13:26:42 | INFO | P06-NB | ========================
2026-06-09 13:27:08 | INFO | P06-NB | ------- Creating another chart -------
2026-06-09 13:27:08 | INFO | P06-NB | ------ Creating Box Plot to see Distribution: ---------
2026-06-09 13:27:08 | INFO | P06-NB | ------   Use clean dataframe --------------------------
2026-06-09 13:27:08 | INFO | P06-NB | ------   Set x to the group column --------------------
2026-06-09 13:27:08 | INFO | P06-NB | ------   Set y to Fatalities (2000–2014) ----------------------
2026-06-09 13:27:08 | INFO | P06-NB | ========================
2026-06-09 13:27:08 | INFO | P06-NB | SUMMARY
2026-06-09 13:27:08 | INFO | P06-NB | ========================
2026-06-09 13:27:08 | INFO | P06-NB | Dataset: airline-safety
2026-06-09 13:27:08 | INFO | P06-NB | Original rows: 56
2026-06-09 13:27:08 | INFO | P06-NB | Clean rows:    56
2026-06-09 13:27:08 | INFO | P06-NB | Groups found in airline: ['Aer Lingus', 'Aeroflot*', 'Aerolineas Argentinas', 'Aeromexico*', 'Air Canada', 'Air France', 'Air India*', 'Air New Zealand*', 'Alaska Airlines*', 'Alitalia', 'All Nippon Airways', 'American*', 'Austrian Airlines', 'Avianca', 'British Airways*', 'COPA', 'Cathay Pacific*', 'China Airlines', 'Condor', 'Delta / Northwest*', 'Egyptair', 'El Al', 'Ethiopian Airlines', 'Finnair', 'Garuda Indonesia', 'Gulf Air', 'Hawaiian Airlines', 'Iberia', 'Japan Airlines', 'KLM*', 'Kenya Airways', 'Korean Air', 'LAN Airlines', 'Lufthansa*', 'Malaysia Airlines', 'Pakistan International', 'Philippine Airlines', 'Qantas*', 'Royal Air Maroc', 'SAS*', 'SWISS*', 'Saudi Arabian', 'Singapore Airlines', 'South African', 'Southwest Airlines', 'Sri Lankan / AirLanka', 'TACA', 'TAM', 'TAP - Air Portugal', 'Thai Airways', 'Turkish Airlines', 'US Airways / America West*', 'United / Continental*', 'Vietnam Airlines', 'Virgin Atlantic', 'Xiamen Airlines']
2026-06-09 13:27:08 | INFO | P06-NB | ======================
2026-06-09 13:27:08 | INFO | P06-NB | Review the results. 
2026-06-09 13:27:08 | INFO | P06-NB | Determine the strongest correlations. 
2026-06-09 13:27:08 | INFO | P06-NB | ======================
2026-06-09 13:27:08 | INFO | P06-NB | Look for interesting patterns in the charts. 
2026-06-09 13:27:08 | INFO | P06-NB | Repeat the process, exploring additional angles.
2026-06-09 13:27:08 | INFO | P06-NB | After finding interesting insights, conclude your analysis.
2026-06-09 13:27:08 | INFO | P06-NB | ======================
2026-06-09 13:27:08 | INFO | P06-NB | Include instructions and specifics in your README.md file.
2026-06-09 13:27:08 | INFO | P06-NB | Write up your narrative on your docs/index.md file.
2026-06-09 13:27:08 | INFO | P06-NB | Include your next step suggestions for further analysis or modeling.
2026-06-09 13:27:08 | INFO | P06-NB | ======================
2026-06-09 13:27:08 | INFO | P06-NB | EDA workflow complete
2026-06-09 13:27:08 | INFO | P06-NB | ========================
2026-06-09 13:27:08 | INFO | P06-NB | Executed successfully!
2026-06-09 13:27:08 | INFO | P06-NB | ========================
2026-06-09 13:27:25 | INFO | P06-NB | ------- Creating another chart -------
2026-06-09 13:27:25 | INFO | P06-NB | ------ Creating Box Plot to see Distribution: ---------
2026-06-09 13:27:25 | INFO | P06-NB | ------   Use clean dataframe --------------------------
2026-06-09 13:27:25 | INFO | P06-NB | ------   Set x to the group column --------------------
2026-06-09 13:27:25 | INFO | P06-NB | ------   Set y to Fatalities (2000–2014) ----------------------
2026-06-09 13:27:26 | INFO | P06-NB | ========================
2026-06-09 13:27:26 | INFO | P06-NB | SUMMARY
2026-06-09 13:27:26 | INFO | P06-NB | ========================
2026-06-09 13:27:26 | INFO | P06-NB | Dataset: airline-safety
2026-06-09 13:27:26 | INFO | P06-NB | Original rows: 56
2026-06-09 13:27:26 | INFO | P06-NB | Clean rows:    56
2026-06-09 13:27:26 | INFO | P06-NB | Groups found in airline: ['Aer Lingus', 'Aeroflot*', 'Aerolineas Argentinas', 'Aeromexico*', 'Air Canada', 'Air France', 'Air India*', 'Air New Zealand*', 'Alaska Airlines*', 'Alitalia', 'All Nippon Airways', 'American*', 'Austrian Airlines', 'Avianca', 'British Airways*', 'COPA', 'Cathay Pacific*', 'China Airlines', 'Condor', 'Delta / Northwest*', 'Egyptair', 'El Al', 'Ethiopian Airlines', 'Finnair', 'Garuda Indonesia', 'Gulf Air', 'Hawaiian Airlines', 'Iberia', 'Japan Airlines', 'KLM*', 'Kenya Airways', 'Korean Air', 'LAN Airlines', 'Lufthansa*', 'Malaysia Airlines', 'Pakistan International', 'Philippine Airlines', 'Qantas*', 'Royal Air Maroc', 'SAS*', 'SWISS*', 'Saudi Arabian', 'Singapore Airlines', 'South African', 'Southwest Airlines', 'Sri Lankan / AirLanka', 'TACA', 'TAM', 'TAP - Air Portugal', 'Thai Airways', 'Turkish Airlines', 'US Airways / America West*', 'United / Continental*', 'Vietnam Airlines', 'Virgin Atlantic', 'Xiamen Airlines']
2026-06-09 13:27:26 | INFO | P06-NB | ======================
2026-06-09 13:27:26 | INFO | P06-NB | Review the results. 
2026-06-09 13:27:26 | INFO | P06-NB | Determine the strongest correlations. 
2026-06-09 13:27:26 | INFO | P06-NB | ======================
2026-06-09 13:27:26 | INFO | P06-NB | Look for interesting patterns in the charts. 
2026-06-09 13:27:26 | INFO | P06-NB | Repeat the process, exploring additional angles.
2026-06-09 13:27:26 | INFO | P06-NB | After finding interesting insights, conclude your analysis.
2026-06-09 13:27:26 | INFO | P06-NB | ======================
2026-06-09 13:27:26 | INFO | P06-NB | Include instructions and specifics in your README.md file.
2026-06-09 13:27:26 | INFO | P06-NB | Write up your narrative on your docs/index.md file.
2026-06-09 13:27:26 | INFO | P06-NB | Include your next step suggestions for further analysis or modeling.
2026-06-09 13:27:26 | INFO | P06-NB | ======================
2026-06-09 13:27:26 | INFO | P06-NB | EDA workflow complete
2026-06-09 13:27:26 | INFO | P06-NB | ========================
2026-06-09 13:27:26 | INFO | P06-NB | Executed successfully!
2026-06-09 13:27:26 | INFO | P06-NB | ========================
2026-06-09 13:27:37 | INFO | P06-NB | ------- Creating another chart -------
2026-06-09 13:27:37 | INFO | P06-NB | ------ Creating Box Plot to see Distribution: ---------
2026-06-09 13:27:37 | INFO | P06-NB | ------   Use clean dataframe --------------------------
2026-06-09 13:27:37 | INFO | P06-NB | ------   Set x to the group column --------------------
2026-06-09 13:27:37 | INFO | P06-NB | ------   Set y to Fatalities (2000–2014) ----------------------
2026-06-09 13:27:37 | INFO | P06-NB | ========================
2026-06-09 13:27:37 | INFO | P06-NB | SUMMARY
2026-06-09 13:27:37 | INFO | P06-NB | ========================
2026-06-09 13:27:37 | INFO | P06-NB | Dataset: airline-safety
2026-06-09 13:27:37 | INFO | P06-NB | Original rows: 56
2026-06-09 13:27:37 | INFO | P06-NB | Clean rows:    56
2026-06-09 13:27:37 | INFO | P06-NB | Groups found in airline: ['Aer Lingus', 'Aeroflot*', 'Aerolineas Argentinas', 'Aeromexico*', 'Air Canada', 'Air France', 'Air India*', 'Air New Zealand*', 'Alaska Airlines*', 'Alitalia', 'All Nippon Airways', 'American*', 'Austrian Airlines', 'Avianca', 'British Airways*', 'COPA', 'Cathay Pacific*', 'China Airlines', 'Condor', 'Delta / Northwest*', 'Egyptair', 'El Al', 'Ethiopian Airlines', 'Finnair', 'Garuda Indonesia', 'Gulf Air', 'Hawaiian Airlines', 'Iberia', 'Japan Airlines', 'KLM*', 'Kenya Airways', 'Korean Air', 'LAN Airlines', 'Lufthansa*', 'Malaysia Airlines', 'Pakistan International', 'Philippine Airlines', 'Qantas*', 'Royal Air Maroc', 'SAS*', 'SWISS*', 'Saudi Arabian', 'Singapore Airlines', 'South African', 'Southwest Airlines', 'Sri Lankan / AirLanka', 'TACA', 'TAM', 'TAP - Air Portugal', 'Thai Airways', 'Turkish Airlines', 'US Airways / America West*', 'United / Continental*', 'Vietnam Airlines', 'Virgin Atlantic', 'Xiamen Airlines']
2026-06-09 13:27:37 | INFO | P06-NB | ======================
2026-06-09 13:27:37 | INFO | P06-NB | Review the results. 
2026-06-09 13:27:37 | INFO | P06-NB | Determine the strongest correlations. 
2026-06-09 13:27:37 | INFO | P06-NB | ======================
2026-06-09 13:27:37 | INFO | P06-NB | Look for interesting patterns in the charts. 
2026-06-09 13:27:37 | INFO | P06-NB | Repeat the process, exploring additional angles.
2026-06-09 13:27:37 | INFO | P06-NB | After finding interesting insights, conclude your analysis.
2026-06-09 13:27:37 | INFO | P06-NB | ======================
2026-06-09 13:27:37 | INFO | P06-NB | Include instructions and specifics in your README.md file.
2026-06-09 13:27:37 | INFO | P06-NB | Write up your narrative on your docs/index.md file.
2026-06-09 13:27:37 | INFO | P06-NB | Include your next step suggestions for further analysis or modeling.
2026-06-09 13:27:37 | INFO | P06-NB | ======================
2026-06-09 13:27:37 | INFO | P06-NB | EDA workflow complete
2026-06-09 13:27:37 | INFO | P06-NB | ========================
2026-06-09 13:27:37 | INFO | P06-NB | Executed successfully!
2026-06-09 13:27:37 | INFO | P06-NB | ========================
2026-06-09 13:29:03 | INFO | P06-NB | ------- Creating another chart -------
2026-06-09 13:29:03 | INFO | P06-NB | ------ Creating Box Plot to see Distribution: ---------
2026-06-09 13:29:03 | INFO | P06-NB | ------   Use clean dataframe --------------------------
2026-06-09 13:29:03 | INFO | P06-NB | ------   Set x to the group column --------------------
2026-06-09 13:29:03 | INFO | P06-NB | ------   Set y to Fatalities (2000–2014) ----------------------
2026-06-09 13:29:03 | INFO | P06-NB | ========================
2026-06-09 13:29:03 | INFO | P06-NB | SUMMARY
2026-06-09 13:29:03 | INFO | P06-NB | ========================
2026-06-09 13:29:03 | INFO | P06-NB | Dataset: airline-safety
2026-06-09 13:29:03 | INFO | P06-NB | Original rows: 56
2026-06-09 13:29:03 | INFO | P06-NB | Clean rows:    56
2026-06-09 13:29:03 | INFO | P06-NB | Groups found in airline: ['Aer Lingus', 'Aeroflot*', 'Aerolineas Argentinas', 'Aeromexico*', 'Air Canada', 'Air France', 'Air India*', 'Air New Zealand*', 'Alaska Airlines*', 'Alitalia', 'All Nippon Airways', 'American*', 'Austrian Airlines', 'Avianca', 'British Airways*', 'COPA', 'Cathay Pacific*', 'China Airlines', 'Condor', 'Delta / Northwest*', 'Egyptair', 'El Al', 'Ethiopian Airlines', 'Finnair', 'Garuda Indonesia', 'Gulf Air', 'Hawaiian Airlines', 'Iberia', 'Japan Airlines', 'KLM*', 'Kenya Airways', 'Korean Air', 'LAN Airlines', 'Lufthansa*', 'Malaysia Airlines', 'Pakistan International', 'Philippine Airlines', 'Qantas*', 'Royal Air Maroc', 'SAS*', 'SWISS*', 'Saudi Arabian', 'Singapore Airlines', 'South African', 'Southwest Airlines', 'Sri Lankan / AirLanka', 'TACA', 'TAM', 'TAP - Air Portugal', 'Thai Airways', 'Turkish Airlines', 'US Airways / America West*', 'United / Continental*', 'Vietnam Airlines', 'Virgin Atlantic', 'Xiamen Airlines']
2026-06-09 13:29:03 | INFO | P06-NB | ======================
2026-06-09 13:29:03 | INFO | P06-NB | Review the results. 
2026-06-09 13:29:03 | INFO | P06-NB | Determine the strongest correlations. 
2026-06-09 13:29:03 | INFO | P06-NB | ======================
2026-06-09 13:29:03 | INFO | P06-NB | Look for interesting patterns in the charts. 
2026-06-09 13:29:03 | INFO | P06-NB | Repeat the process, exploring additional angles.
2026-06-09 13:29:03 | INFO | P06-NB | After finding interesting insights, conclude your analysis.
2026-06-09 13:29:03 | INFO | P06-NB | ======================
2026-06-09 13:29:03 | INFO | P06-NB | Include instructions and specifics in your README.md file.
2026-06-09 13:29:03 | INFO | P06-NB | Write up your narrative on your docs/index.md file.
2026-06-09 13:29:03 | INFO | P06-NB | Include your next step suggestions for further analysis or modeling.
2026-06-09 13:29:03 | INFO | P06-NB | ======================
2026-06-09 13:29:03 | INFO | P06-NB | EDA workflow complete
2026-06-09 13:29:03 | INFO | P06-NB | ========================
2026-06-09 13:29:03 | INFO | P06-NB | Executed successfully!
2026-06-09 13:29:03 | INFO | P06-NB | ========================
2026-06-09 13:33:33 | INFO | P06-NB | ------- Creating another chart -------
2026-06-09 13:33:33 | INFO | P06-NB | ------ Creating Box Plot to see Distribution: ---------
2026-06-09 13:33:33 | INFO | P06-NB | ------   Use clean dataframe --------------------------
2026-06-09 13:33:33 | INFO | P06-NB | ------   Set x to the group column --------------------
2026-06-09 13:33:33 | INFO | P06-NB | ------   Set y to Fatalities (2000–2014) ----------------------
2026-06-09 13:33:34 | INFO | P06-NB | ========================
2026-06-09 13:33:34 | INFO | P06-NB | SUMMARY
2026-06-09 13:33:34 | INFO | P06-NB | ========================
2026-06-09 13:33:34 | INFO | P06-NB | Dataset: airline-safety
2026-06-09 13:33:34 | INFO | P06-NB | Original rows: 56
2026-06-09 13:33:34 | INFO | P06-NB | Clean rows:    56
2026-06-09 13:33:34 | INFO | P06-NB | Groups found in airline: ['Aer Lingus', 'Aeroflot*', 'Aerolineas Argentinas', 'Aeromexico*', 'Air Canada', 'Air France', 'Air India*', 'Air New Zealand*', 'Alaska Airlines*', 'Alitalia', 'All Nippon Airways', 'American*', 'Austrian Airlines', 'Avianca', 'British Airways*', 'COPA', 'Cathay Pacific*', 'China Airlines', 'Condor', 'Delta / Northwest*', 'Egyptair', 'El Al', 'Ethiopian Airlines', 'Finnair', 'Garuda Indonesia', 'Gulf Air', 'Hawaiian Airlines', 'Iberia', 'Japan Airlines', 'KLM*', 'Kenya Airways', 'Korean Air', 'LAN Airlines', 'Lufthansa*', 'Malaysia Airlines', 'Pakistan International', 'Philippine Airlines', 'Qantas*', 'Royal Air Maroc', 'SAS*', 'SWISS*', 'Saudi Arabian', 'Singapore Airlines', 'South African', 'Southwest Airlines', 'Sri Lankan / AirLanka', 'TACA', 'TAM', 'TAP - Air Portugal', 'Thai Airways', 'Turkish Airlines', 'US Airways / America West*', 'United / Continental*', 'Vietnam Airlines', 'Virgin Atlantic', 'Xiamen Airlines']
2026-06-09 13:33:34 | INFO | P06-NB | ======================
2026-06-09 13:33:34 | INFO | P06-NB | Review the results. 
2026-06-09 13:33:34 | INFO | P06-NB | Determine the strongest correlations. 
2026-06-09 13:33:34 | INFO | P06-NB | ======================
2026-06-09 13:33:34 | INFO | P06-NB | Look for interesting patterns in the charts. 
2026-06-09 13:33:34 | INFO | P06-NB | Repeat the process, exploring additional angles.
2026-06-09 13:33:34 | INFO | P06-NB | After finding interesting insights, conclude your analysis.
2026-06-09 13:33:34 | INFO | P06-NB | ======================
2026-06-09 13:33:34 | INFO | P06-NB | Include instructions and specifics in your README.md file.
2026-06-09 13:33:34 | INFO | P06-NB | Write up your narrative on your docs/index.md file.
2026-06-09 13:33:34 | INFO | P06-NB | Include your next step suggestions for further analysis or modeling.
2026-06-09 13:33:34 | INFO | P06-NB | ======================
2026-06-09 13:33:34 | INFO | P06-NB | EDA workflow complete
2026-06-09 13:33:34 | INFO | P06-NB | ========================
2026-06-09 13:33:34 | INFO | P06-NB | Executed successfully!
2026-06-09 13:33:34 | INFO | P06-NB | ========================
2026-06-09 13:35:17 | INFO | P06-NB | ------- Creating another chart -------
2026-06-09 13:35:17 | INFO | P06-NB | ------ Creating Box Plot to see Distribution: ---------
2026-06-09 13:35:17 | INFO | P06-NB | ------   Use clean dataframe --------------------------
2026-06-09 13:35:17 | INFO | P06-NB | ------   Set x to the group column --------------------
2026-06-09 13:35:17 | INFO | P06-NB | ------   Set y to Fatalities (2000–2014) ----------------------
2026-06-09 13:35:17 | INFO | P06-NB | ========================
2026-06-09 13:35:17 | INFO | P06-NB | SUMMARY
2026-06-09 13:35:17 | INFO | P06-NB | ========================
2026-06-09 13:35:17 | INFO | P06-NB | Dataset: airline-safety
2026-06-09 13:35:17 | INFO | P06-NB | Original rows: 56
2026-06-09 13:35:17 | INFO | P06-NB | Clean rows:    56
2026-06-09 13:35:17 | INFO | P06-NB | Groups found in airline: ['Aer Lingus', 'Aeroflot*', 'Aerolineas Argentinas', 'Aeromexico*', 'Air Canada', 'Air France', 'Air India*', 'Air New Zealand*', 'Alaska Airlines*', 'Alitalia', 'All Nippon Airways', 'American*', 'Austrian Airlines', 'Avianca', 'British Airways*', 'COPA', 'Cathay Pacific*', 'China Airlines', 'Condor', 'Delta / Northwest*', 'Egyptair', 'El Al', 'Ethiopian Airlines', 'Finnair', 'Garuda Indonesia', 'Gulf Air', 'Hawaiian Airlines', 'Iberia', 'Japan Airlines', 'KLM*', 'Kenya Airways', 'Korean Air', 'LAN Airlines', 'Lufthansa*', 'Malaysia Airlines', 'Pakistan International', 'Philippine Airlines', 'Qantas*', 'Royal Air Maroc', 'SAS*', 'SWISS*', 'Saudi Arabian', 'Singapore Airlines', 'South African', 'Southwest Airlines', 'Sri Lankan / AirLanka', 'TACA', 'TAM', 'TAP - Air Portugal', 'Thai Airways', 'Turkish Airlines', 'US Airways / America West*', 'United / Continental*', 'Vietnam Airlines', 'Virgin Atlantic', 'Xiamen Airlines']
2026-06-09 13:35:17 | INFO | P06-NB | ======================
2026-06-09 13:35:17 | INFO | P06-NB | Review the results. 
2026-06-09 13:35:17 | INFO | P06-NB | Determine the strongest correlations. 
2026-06-09 13:35:17 | INFO | P06-NB | ======================
2026-06-09 13:35:17 | INFO | P06-NB | Look for interesting patterns in the charts. 
2026-06-09 13:35:17 | INFO | P06-NB | Repeat the process, exploring additional angles.
2026-06-09 13:35:17 | INFO | P06-NB | After finding interesting insights, conclude your analysis.
2026-06-09 13:35:17 | INFO | P06-NB | ======================
2026-06-09 13:35:17 | INFO | P06-NB | Include instructions and specifics in your README.md file.
2026-06-09 13:35:17 | INFO | P06-NB | Write up your narrative on your docs/index.md file.
2026-06-09 13:35:17 | INFO | P06-NB | Include your next step suggestions for further analysis or modeling.
2026-06-09 13:35:17 | INFO | P06-NB | ======================
2026-06-09 13:35:17 | INFO | P06-NB | EDA workflow complete
2026-06-09 13:35:17 | INFO | P06-NB | ========================
2026-06-09 13:35:17 | INFO | P06-NB | Executed successfully!
2026-06-09 13:35:17 | INFO | P06-NB | ========================
2026-06-09 13:38:47 | INFO | P06-NB | ------- Creating another chart -------
2026-06-09 13:38:47 | INFO | P06-NB | ------ Creating Box Plot to see Distribution: ---------
2026-06-09 13:38:47 | INFO | P06-NB | ------   Use clean dataframe --------------------------
2026-06-09 13:38:47 | INFO | P06-NB | ------   Set x to the group column --------------------
2026-06-09 13:38:47 | INFO | P06-NB | ------   Set y to Fatalities (2000–2014) ----------------------
2026-06-09 13:38:47 | INFO | P06-NB | ------ Creating Box Plot to see Distribution ---------
2026-06-09 13:38:47 | INFO | P06-NB | ========================
2026-06-09 13:38:47 | INFO | P06-NB | SUMMARY
2026-06-09 13:38:47 | INFO | P06-NB | ========================
2026-06-09 13:38:47 | INFO | P06-NB | Dataset: airline-safety
2026-06-09 13:38:47 | INFO | P06-NB | Original rows: 56
2026-06-09 13:38:47 | INFO | P06-NB | Clean rows:    56
2026-06-09 13:38:47 | INFO | P06-NB | Groups found in airline: ['Aer Lingus', 'Aeroflot*', 'Aerolineas Argentinas', 'Aeromexico*', 'Air Canada', 'Air France', 'Air India*', 'Air New Zealand*', 'Alaska Airlines*', 'Alitalia', 'All Nippon Airways', 'American*', 'Austrian Airlines', 'Avianca', 'British Airways*', 'COPA', 'Cathay Pacific*', 'China Airlines', 'Condor', 'Delta / Northwest*', 'Egyptair', 'El Al', 'Ethiopian Airlines', 'Finnair', 'Garuda Indonesia', 'Gulf Air', 'Hawaiian Airlines', 'Iberia', 'Japan Airlines', 'KLM*', 'Kenya Airways', 'Korean Air', 'LAN Airlines', 'Lufthansa*', 'Malaysia Airlines', 'Pakistan International', 'Philippine Airlines', 'Qantas*', 'Royal Air Maroc', 'SAS*', 'SWISS*', 'Saudi Arabian', 'Singapore Airlines', 'South African', 'Southwest Airlines', 'Sri Lankan / AirLanka', 'TACA', 'TAM', 'TAP - Air Portugal', 'Thai Airways', 'Turkish Airlines', 'US Airways / America West*', 'United / Continental*', 'Vietnam Airlines', 'Virgin Atlantic', 'Xiamen Airlines']
2026-06-09 13:38:47 | INFO | P06-NB | ======================
2026-06-09 13:38:47 | INFO | P06-NB | Review the results. 
2026-06-09 13:38:47 | INFO | P06-NB | Determine the strongest correlations. 
2026-06-09 13:38:47 | INFO | P06-NB | ======================
2026-06-09 13:38:47 | INFO | P06-NB | Look for interesting patterns in the charts. 
2026-06-09 13:38:47 | INFO | P06-NB | Repeat the process, exploring additional angles.
2026-06-09 13:38:47 | INFO | P06-NB | After finding interesting insights, conclude your analysis.
2026-06-09 13:38:47 | INFO | P06-NB | ======================
2026-06-09 13:38:47 | INFO | P06-NB | Include instructions and specifics in your README.md file.
2026-06-09 13:38:47 | INFO | P06-NB | Write up your narrative on your docs/index.md file.
2026-06-09 13:38:47 | INFO | P06-NB | Include your next step suggestions for further analysis or modeling.
2026-06-09 13:38:47 | INFO | P06-NB | ======================
2026-06-09 13:38:47 | INFO | P06-NB | EDA workflow complete
2026-06-09 13:38:47 | INFO | P06-NB | ========================
2026-06-09 13:38:47 | INFO | P06-NB | Executed successfully!
2026-06-09 13:38:47 | INFO | P06-NB | ========================
2026-06-09 13:40:51 | INFO | P06-NB | ------- Creating another chart -------
2026-06-09 13:40:51 | INFO | P06-NB | ------ Creating Box Plot to see Distribution: ---------
2026-06-09 13:40:51 | INFO | P06-NB | ------   Use clean dataframe --------------------------
2026-06-09 13:40:51 | INFO | P06-NB | ------   Set x to the group column --------------------
2026-06-09 13:40:51 | INFO | P06-NB | ------   Set y to Fatalities (2000–2014) ----------------------
2026-06-09 13:40:52 | INFO | P06-NB | ========================
2026-06-09 13:40:52 | INFO | P06-NB | SUMMARY
2026-06-09 13:40:52 | INFO | P06-NB | ========================
2026-06-09 13:40:52 | INFO | P06-NB | Dataset: airline-safety
2026-06-09 13:40:52 | INFO | P06-NB | Original rows: 56
2026-06-09 13:40:52 | INFO | P06-NB | Clean rows:    56
2026-06-09 13:40:52 | INFO | P06-NB | Groups found in airline: ['Aer Lingus', 'Aeroflot*', 'Aerolineas Argentinas', 'Aeromexico*', 'Air Canada', 'Air France', 'Air India*', 'Air New Zealand*', 'Alaska Airlines*', 'Alitalia', 'All Nippon Airways', 'American*', 'Austrian Airlines', 'Avianca', 'British Airways*', 'COPA', 'Cathay Pacific*', 'China Airlines', 'Condor', 'Delta / Northwest*', 'Egyptair', 'El Al', 'Ethiopian Airlines', 'Finnair', 'Garuda Indonesia', 'Gulf Air', 'Hawaiian Airlines', 'Iberia', 'Japan Airlines', 'KLM*', 'Kenya Airways', 'Korean Air', 'LAN Airlines', 'Lufthansa*', 'Malaysia Airlines', 'Pakistan International', 'Philippine Airlines', 'Qantas*', 'Royal Air Maroc', 'SAS*', 'SWISS*', 'Saudi Arabian', 'Singapore Airlines', 'South African', 'Southwest Airlines', 'Sri Lankan / AirLanka', 'TACA', 'TAM', 'TAP - Air Portugal', 'Thai Airways', 'Turkish Airlines', 'US Airways / America West*', 'United / Continental*', 'Vietnam Airlines', 'Virgin Atlantic', 'Xiamen Airlines']
2026-06-09 13:40:52 | INFO | P06-NB | ======================
2026-06-09 13:40:52 | INFO | P06-NB | Review the results. 
2026-06-09 13:40:52 | INFO | P06-NB | Determine the strongest correlations. 
2026-06-09 13:40:52 | INFO | P06-NB | ======================
2026-06-09 13:40:52 | INFO | P06-NB | Look for interesting patterns in the charts. 
2026-06-09 13:40:52 | INFO | P06-NB | Repeat the process, exploring additional angles.
2026-06-09 13:40:52 | INFO | P06-NB | After finding interesting insights, conclude your analysis.
2026-06-09 13:40:52 | INFO | P06-NB | ======================
2026-06-09 13:40:52 | INFO | P06-NB | Include instructions and specifics in your README.md file.
2026-06-09 13:40:52 | INFO | P06-NB | Write up your narrative on your docs/index.md file.
2026-06-09 13:40:52 | INFO | P06-NB | Include your next step suggestions for further analysis or modeling.
2026-06-09 13:40:52 | INFO | P06-NB | ======================
2026-06-09 13:40:52 | INFO | P06-NB | EDA workflow complete
2026-06-09 13:40:52 | INFO | P06-NB | ========================
2026-06-09 13:40:52 | INFO | P06-NB | Executed successfully!
2026-06-09 13:40:52 | INFO | P06-NB | ========================
2026-06-09 13:45:28 | INFO | P06-NB | === RUN START ===
2026-06-09 13:45:28 | INFO | P06-NB | project=P06-NB
2026-06-09 13:45:28 | INFO | P06-NB | repo_dir=datafun-06-applied
2026-06-09 13:45:28 | INFO | P06-NB | python=3.14.5
2026-06-09 13:45:28 | INFO | P06-NB | os=Windows 11
2026-06-09 13:45:28 | INFO | P06-NB | shell=powershell
2026-06-09 13:45:28 | INFO | P06-NB | cwd=notebooks
2026-06-09 13:45:28 | INFO | P06-NB | github_actions=False
2026-06-09 13:45:28 | INFO | P06-NB | Imports complete.
2026-06-09 13:45:28 | INFO | P06-NB | Loading dataset: airline-safety
2026-06-09 13:45:28 | INFO | P06-NB | Loaded: 56 rows, 8 columns
2026-06-09 13:45:28 | INFO | P06-NB | Previewing first few rows of the dataset
2026-06-09 13:45:28 | INFO | P06-NB | Column names
2026-06-09 13:45:28 | INFO | P06-NB | Building starter data dictionary
2026-06-09 13:45:28 | DEBUG | P06-NB | 
                   column  dtype  missing_count  missing_pct
0                 airline    str              0          0.0
1  avail_seat_km_per_week  int64              0          0.0
2         incidents_85_99  int64              0          0.0
3   fatal_accidents_85_99  int64              0          0.0
4        fatalities_85_99  int64              0          0.0
5         incidents_00_14  int64              0          0.0
6   fatal_accidents_00_14  int64              0          0.0
7        fatalities_00_14  int64              0          0.0
2026-06-09 13:45:28 | INFO | P06-NB | Missing values per column:
2026-06-09 13:45:28 | INFO | P06-NB | airline                   0
avail_seat_km_per_week    0
incidents_85_99           0
fatal_accidents_85_99     0
fatalities_85_99          0
incidents_00_14           0
fatal_accidents_00_14     0
fatalities_00_14          0
dtype: int64
2026-06-09 13:45:28 | INFO | P06-NB | Checking missing values per column
2026-06-09 13:45:28 | DEBUG | P06-NB | 
airline                   0
avail_seat_km_per_week    0
incidents_85_99           0
fatal_accidents_85_99     0
fatalities_85_99          0
incidents_00_14           0
fatal_accidents_00_14     0
fatalities_00_14          0
dtype: int64
2026-06-09 13:45:28 | INFO | P06-NB | Duplicate rows detected: 0
2026-06-09 13:45:28 | INFO | P06-NB | Call describe() for numeric columns
2026-06-09 13:45:28 | DEBUG | P06-NB | 
       avail_seat_km_per_week  incidents_85_99  fatal_accidents_85_99  incidents_00_14  fatalities_00_14
count            5.600000e+01        56.000000              56.000000        56.000000         56.000000
mean             1.384621e+09         7.178571               2.178571         4.125000         55.517857
std              1.465317e+09        11.035656               2.861069         4.544977        111.332751
min              2.593733e+08         0.000000               0.000000         0.000000          0.000000
25%              4.740362e+08         2.000000               0.000000         1.000000          0.000000
50%              8.029089e+08         4.000000               1.000000         3.000000          0.000000
75%              1.847239e+09         8.000000               3.000000         5.250000         83.250000
max              7.139291e+09        76.000000              14.000000        24.000000        537.000000

2026-06-09 13:45:28 | DEBUG | P06-NB | Columns required to be non-missing: ['avail_seat_km_per_week', 'incidents_85_99', 'fatal_accidents_85_99', 'incidents_00_14', 'fatalities_00_14', 'airline']
2026-06-09 13:45:28 | INFO | P06-NB | Original rows: 56
2026-06-09 13:45:28 | INFO | P06-NB | Clean rows:    56
2026-06-09 13:45:28 | INFO | P06-NB | Rows dropped:  0
2026-06-09 13:45:28 | INFO | P06-NB | --------------- Manual statistics ---------------
2026-06-09 13:45:28 | DEBUG | P06-NB | incidents_00_14 Statistics (using numpy):
2026-06-09 13:45:28 | DEBUG | P06-NB |   Mean: 4.12
2026-06-09 13:45:28 | DEBUG | P06-NB |   Std Dev: 4.50
2026-06-09 13:45:28 | DEBUG | P06-NB |   Min: 0.00
2026-06-09 13:45:28 | DEBUG | P06-NB |   Max: 24.00
2026-06-09 13:45:28 | DEBUG | P06-NB |   Range: 24.00
2026-06-09 13:45:28 | INFO | P06-NB | Computing overall descriptive statistics
2026-06-09 13:45:28 | DEBUG | P06-NB | 
                        count          mean           std          min           25%          50%           75%  \
avail_seat_km_per_week   56.0  1.384621e+09  1.465317e+09  259373346.0  4.740362e+08  802908893.0  1.847239e+09   
incidents_85_99          56.0  7.178571e+00  1.103566e+01          0.0  2.000000e+00          4.0  8.000000e+00   
fatal_accidents_85_99    56.0  2.178571e+00  2.861069e+00          0.0  0.000000e+00          1.0  3.000000e+00   
incidents_00_14          56.0  4.125000e+00  4.544977e+00          0.0  1.000000e+00          3.0  5.250000e+00   
fatalities_00_14         56.0  5.551786e+01  1.113328e+02          0.0  0.000000e+00          0.0  8.325000e+01   

                                 max  
avail_seat_km_per_week  7.139291e+09  
incidents_85_99         7.600000e+01  
fatal_accidents_85_99   1.400000e+01  
incidents_00_14         2.400000e+01  
fatalities_00_14        5.370000e+02  
2026-06-09 13:45:28 | INFO | P06-NB | --------------- Using pandas groupby() and agg() ---------------
2026-06-09 13:45:28 | INFO | P06-NB | Computing descriptive statistics by group
2026-06-09 13:45:28 | DEBUG | P06-NB | 
                           avail_seat_km_per_week                                           incidents_85_99            \
                                            count          mean std         min         max           count  mean std   
airline                                                                                                                 
Aer Lingus                                      1  3.209067e+08 NaN   320906734   320906734               1   2.0 NaN   
Aeroflot*                                       1  1.197672e+09 NaN  1197672318  1197672318               1  76.0 NaN   
Aerolineas Argentinas                           1  3.858036e+08 NaN   385803648   385803648               1   6.0 NaN   
Aeromexico*                                     1  5.968718e+08 NaN   596871813   596871813               1   3.0 NaN   
Air Canada                                      1  1.865254e+09 NaN  1865253802  1865253802               1   2.0 NaN   
Air France                                      1  3.004003e+09 NaN  3004002661  3004002661               1  14.0 NaN   
Air India*                                      1  8.692536e+08 NaN   869253552   869253552               1   2.0 NaN   
Air New Zealand*                                1  7.101748e+08 NaN   710174817   710174817               1   3.0 NaN   
Alaska Airlines*                                1  9.653468e+08 NaN   965346773   965346773               1   5.0 NaN   
Alitalia                                        1  6.980125e+08 NaN   698012498   698012498               1   7.0 NaN   
All Nippon Airways                              1  1.841234e+09 NaN  1841234177  1841234177               1   3.0 NaN   
American*                                       1  5.228357e+09 NaN  5228357340  5228357340               1  21.0 NaN   
Austrian Airlines                               1  3.582398e+08 NaN   358239823   358239823               1   1.0 NaN   
Avianca                                         1  3.969226e+08 NaN   396922563   396922563               1   5.0 NaN   
British Airways*                                1  3.179761e+09 NaN  3179760952  3179760952               1   4.0 NaN   
COPA                                            1  5.504915e+08 NaN   550491507   550491507               1   3.0 NaN   
Cathay Pacific*                                 1  2.582459e+09 NaN  2582459303  2582459303               1   0.0 NaN   
China Airlines                                  1  8.132165e+08 NaN   813216487   813216487               1  12.0 NaN   
Condor                                          1  4.179826e+08 NaN   417982610   417982610               1   2.0 NaN   
Delta / Northwest*                              1  6.525659e+09 NaN  6525658894  6525658894               1  24.0 NaN   
Egyptair                                        1  5.576999e+08 NaN   557699891   557699891               1   8.0 NaN   
El Al                                           1  3.354480e+08 NaN   335448023   335448023               1   1.0 NaN   
Ethiopian Airlines                              1  4.885606e+08 NaN   488560643   488560643               1  25.0 NaN   
Finnair                                         1  5.064650e+08 NaN   506464950   506464950               1   1.0 NaN   
Garuda Indonesia                                1  6.133567e+08 NaN   613356665   613356665               1  10.0 NaN   
Gulf Air                                        1  3.013798e+08 NaN   301379762   301379762               1   1.0 NaN   
Hawaiian Airlines                               1  4.938778e+08 NaN   493877795   493877795               1   0.0 NaN   
Iberia                                          1  1.173203e+09 NaN  1173203126  1173203126               1   4.0 NaN   
Japan Airlines                                  1  1.574218e+09 NaN  1574217531  1574217531               1   3.0 NaN   
KLM*                                            1  1.874562e+09 NaN  1874561773  1874561773               1   7.0 NaN   
Kenya Airways                                   1  2.774148e+08 NaN   277414794   277414794               1   2.0 NaN   
Korean Air                                      1  1.734523e+09 NaN  1734522605  1734522605               1  12.0 NaN   
LAN Airlines                                    1  1.001966e+09 NaN  1001965891  1001965891               1   3.0 NaN   
Lufthansa*                                      1  3.426530e+09 NaN  3426529504  3426529504               1   6.0 NaN   
Malaysia Airlines                               1  1.039171e+09 NaN  1039171244  1039171244               1   3.0 NaN   
Pakistan International                          1  3.485631e+08 NaN   348563137   348563137               1   8.0 NaN   
Philippine Airlines                             1  4.130072e+08 NaN   413007158   413007158               1   7.0 NaN   
Qantas*                                         1  1.917429e+09 NaN  1917428984  1917428984               1   1.0 NaN   
Royal Air Maroc                                 1  2.957053e+08 NaN   295705339   295705339               1   5.0 NaN   
SAS*                                            1  6.829719e+08 NaN   682971852   682971852               1   5.0 NaN   
SWISS*                                          1  7.926013e+08 NaN   792601299   792601299               1   2.0 NaN   
Saudi Arabian                                   1  8.596739e+08 NaN   859673901   859673901               1   7.0 NaN   
Singapore Airlines                              1  2.376858e+09 NaN  2376857805  2376857805               1   2.0 NaN   
South African                                   1  6.515024e+08 NaN   651502442   651502442               1   2.0 NaN   
Southwest Airlines                              1  3.276526e+09 NaN  3276525770  3276525770               1   1.0 NaN   
Sri Lankan / AirLanka                           1  3.255830e+08 NaN   325582976   325582976               1   2.0 NaN   
TACA                                            1  2.593733e+08 NaN   259373346   259373346               1   3.0 NaN   
TAM                                             1  1.509196e+09 NaN  1509195646  1509195646               1   8.0 NaN   
TAP - Air Portugal                              1  6.191308e+08 NaN   619130754   619130754               1   0.0 NaN   
Thai Airways                                    1  1.702802e+09 NaN  1702802250  1702802250               1   8.0 NaN   
Turkish Airlines                                1  1.946098e+09 NaN  1946098294  1946098294               1   8.0 NaN   
US Airways / America West*                      1  2.455688e+09 NaN  2455687887  2455687887               1  16.0 NaN   
United / Continental*                           1  7.139291e+09 NaN  7139291291  7139291291               1  19.0 NaN   
Vietnam Airlines                                1  6.250849e+08 NaN   625084918   625084918               1   7.0 NaN   
Virgin Atlantic                                 1  1.005249e+09 NaN  1005248585  1005248585               1   1.0 NaN   
Xiamen Airlines                                 1  4.304630e+08 NaN   430462962   430462962               1   9.0 NaN   

                                   fatal_accidents_85_99                   incidents_00_14                    \
                           min max                 count  mean std min max           count  mean std min max   
airline                                                                                                        
Aer Lingus                   2   2                     1   0.0 NaN   0   0               1   0.0 NaN   0   0   
Aeroflot*                   76  76                     1  14.0 NaN  14  14               1   6.0 NaN   6   6   
Aerolineas Argentinas        6   6                     1   0.0 NaN   0   0               1   1.0 NaN   1   1   
Aeromexico*                  3   3                     1   1.0 NaN   1   1               1   5.0 NaN   5   5   
Air Canada                   2   2                     1   0.0 NaN   0   0               1   2.0 NaN   2   2   
Air France                  14  14                     1   4.0 NaN   4   4               1   6.0 NaN   6   6   
Air India*                   2   2                     1   1.0 NaN   1   1               1   4.0 NaN   4   4   
Air New Zealand*             3   3                     1   0.0 NaN   0   0               1   5.0 NaN   5   5   
Alaska Airlines*             5   5                     1   0.0 NaN   0   0               1   5.0 NaN   5   5   
Alitalia                     7   7                     1   2.0 NaN   2   2               1   4.0 NaN   4   4   
All Nippon Airways           3   3                     1   1.0 NaN   1   1               1   7.0 NaN   7   7   
American*                   21  21                     1   5.0 NaN   5   5               1  17.0 NaN  17  17   
Austrian Airlines            1   1                     1   0.0 NaN   0   0               1   1.0 NaN   1   1   
Avianca                      5   5                     1   3.0 NaN   3   3               1   0.0 NaN   0   0   
British Airways*             4   4                     1   0.0 NaN   0   0               1   6.0 NaN   6   6   
COPA                         3   3                     1   1.0 NaN   1   1               1   0.0 NaN   0   0   
Cathay Pacific*              0   0                     1   0.0 NaN   0   0               1   2.0 NaN   2   2   
China Airlines              12  12                     1   6.0 NaN   6   6               1   2.0 NaN   2   2   
Condor                       2   2                     1   1.0 NaN   1   1               1   0.0 NaN   0   0   
Delta / Northwest*          24  24                     1  12.0 NaN  12  12               1  24.0 NaN  24  24   
Egyptair                     8   8                     1   3.0 NaN   3   3               1   4.0 NaN   4   4   
El Al                        1   1                     1   1.0 NaN   1   1               1   1.0 NaN   1   1   
Ethiopian Airlines          25  25                     1   5.0 NaN   5   5               1   5.0 NaN   5   5   
Finnair                      1   1                     1   0.0 NaN   0   0               1   0.0 NaN   0   0   
Garuda Indonesia            10  10                     1   3.0 NaN   3   3               1   4.0 NaN   4   4   
Gulf Air                     1   1                     1   0.0 NaN   0   0               1   3.0 NaN   3   3   
Hawaiian Airlines            0   0                     1   0.0 NaN   0   0               1   1.0 NaN   1   1   
Iberia                       4   4                     1   1.0 NaN   1   1               1   5.0 NaN   5   5   
Japan Airlines               3   3                     1   1.0 NaN   1   1               1   0.0 NaN   0   0   
KLM*                         7   7                     1   1.0 NaN   1   1               1   1.0 NaN   1   1   
Kenya Airways                2   2                     1   0.0 NaN   0   0               1   2.0 NaN   2   2   
Korean Air                  12  12                     1   5.0 NaN   5   5               1   1.0 NaN   1   1   
LAN Airlines                 3   3                     1   2.0 NaN   2   2               1   0.0 NaN   0   0   
Lufthansa*                   6   6                     1   1.0 NaN   1   1               1   3.0 NaN   3   3   
Malaysia Airlines            3   3                     1   1.0 NaN   1   1               1   3.0 NaN   3   3   
Pakistan International       8   8                     1   3.0 NaN   3   3               1  10.0 NaN  10  10   
Philippine Airlines          7   7                     1   4.0 NaN   4   4               1   2.0 NaN   2   2   
Qantas*                      1   1                     1   0.0 NaN   0   0               1   5.0 NaN   5   5   
Royal Air Maroc              5   5                     1   3.0 NaN   3   3               1   3.0 NaN   3   3   
SAS*                         5   5                     1   0.0 NaN   0   0               1   6.0 NaN   6   6   
SWISS*                       2   2                     1   1.0 NaN   1   1               1   3.0 NaN   3   3   
Saudi Arabian                7   7                     1   2.0 NaN   2   2               1  11.0 NaN  11  11   
Singapore Airlines           2   2                     1   2.0 NaN   2   2               1   2.0 NaN   2   2   
South African                2   2                     1   1.0 NaN   1   1               1   1.0 NaN   1   1   
Southwest Airlines           1   1                     1   0.0 NaN   0   0               1   8.0 NaN   8   8   
Sri Lankan / AirLanka        2   2                     1   1.0 NaN   1   1               1   4.0 NaN   4   4   
TACA                         3   3                     1   1.0 NaN   1   1               1   1.0 NaN   1   1   
TAM                          8   8                     1   3.0 NaN   3   3               1   7.0 NaN   7   7   
TAP - Air Portugal           0   0                     1   0.0 NaN   0   0               1   0.0 NaN   0   0   
Thai Airways                 8   8                     1   4.0 NaN   4   4               1   2.0 NaN   2   2   
Turkish Airlines             8   8                     1   3.0 NaN   3   3               1   8.0 NaN   8   8   
US Airways / America West*  16  16                     1   7.0 NaN   7   7               1  11.0 NaN  11  11   
United / Continental*       19  19                     1   8.0 NaN   8   8               1  14.0 NaN  14  14   
Vietnam Airlines             7   7                     1   3.0 NaN   3   3               1   1.0 NaN   1   1   
Virgin Atlantic              1   1                     1   0.0 NaN   0   0               1   0.0 NaN   0   0   
Xiamen Airlines              9   9                     1   1.0 NaN   1   1               1   2.0 NaN   2   2   

                           fatalities_00_14                       
                                      count   mean std  min  max  
airline                                                           
Aer Lingus                                1    0.0 NaN    0    0  
Aeroflot*                                 1   88.0 NaN   88   88  
Aerolineas Argentinas                     1    0.0 NaN    0    0  
Aeromexico*                               1    0.0 NaN    0    0  
Air Canada                                1    0.0 NaN    0    0  
Air France                                1  337.0 NaN  337  337  
Air India*                                1  158.0 NaN  158  158  
Air New Zealand*                          1    7.0 NaN    7    7  
Alaska Airlines*                          1   88.0 NaN   88   88  
Alitalia                                  1    0.0 NaN    0    0  
All Nippon Airways                        1    0.0 NaN    0    0  
American*                                 1  416.0 NaN  416  416  
Austrian Airlines                         1    0.0 NaN    0    0  
Avianca                                   1    0.0 NaN    0    0  
British Airways*                          1    0.0 NaN    0    0  
COPA                                      1    0.0 NaN    0    0  
Cathay Pacific*                           1    0.0 NaN    0    0  
China Airlines                            1  225.0 NaN  225  225  
Condor                                    1    0.0 NaN    0    0  
Delta / Northwest*                        1   51.0 NaN   51   51  
Egyptair                                  1   14.0 NaN   14   14  
El Al                                     1    0.0 NaN    0    0  
Ethiopian Airlines                        1   92.0 NaN   92   92  
Finnair                                   1    0.0 NaN    0    0  
Garuda Indonesia                          1   22.0 NaN   22   22  
Gulf Air                                  1  143.0 NaN  143  143  
Hawaiian Airlines                         1    0.0 NaN    0    0  
Iberia                                    1    0.0 NaN    0    0  
Japan Airlines                            1    0.0 NaN    0    0  
KLM*                                      1    0.0 NaN    0    0  
Kenya Airways                             1  283.0 NaN  283  283  
Korean Air                                1    0.0 NaN    0    0  
LAN Airlines                              1    0.0 NaN    0    0  
Lufthansa*                                1    0.0 NaN    0    0  
Malaysia Airlines                         1  537.0 NaN  537  537  
Pakistan International                    1   46.0 NaN   46   46  
Philippine Airlines                       1    1.0 NaN    1    1  
Qantas*                                   1    0.0 NaN    0    0  
Royal Air Maroc                           1    0.0 NaN    0    0  
SAS*                                      1  110.0 NaN  110  110  
SWISS*                                    1    0.0 NaN    0    0  
Saudi Arabian                             1    0.0 NaN    0    0  
Singapore Airlines                        1   83.0 NaN   83   83  
South African                             1    0.0 NaN    0    0  
Southwest Airlines                        1    0.0 NaN    0    0  
Sri Lankan / AirLanka                     1    0.0 NaN    0    0  
TACA                                      1    3.0 NaN    3    3  
TAM                                       1  188.0 NaN  188  188  
TAP - Air Portugal                        1    0.0 NaN    0    0  
Thai Airways                              1    1.0 NaN    1    1  
Turkish Airlines                          1   84.0 NaN   84   84  
US Airways / America West*                1   23.0 NaN   23   23  
United / Continental*                     1  109.0 NaN  109  109  
Vietnam Airlines                          1    0.0 NaN    0    0  
Virgin Atlantic                           1    0.0 NaN    0    0  
Xiamen Airlines                           1    0.0 NaN    0    0  
2026-06-09 13:45:28 | INFO | P06-NB | --------------- Improving the output ---------------
2026-06-09 13:45:28 | DEBUG | P06-NB | 
                                        count         mean  std        min        max
airline                                                                              
Aer Lingus      avail_seat_km_per_week      1  320906734.0  NaN  320906734  320906734
                incidents_85_99             1          2.0  NaN          2          2
                fatal_accidents_85_99       1          0.0  NaN          0          0
                incidents_00_14             1          0.0  NaN          0          0
                fatalities_00_14            1          0.0  NaN          0          0
...                                       ...          ...  ...        ...        ...
Xiamen Airlines avail_seat_km_per_week      1  430462962.0  NaN  430462962  430462962
                incidents_85_99             1          9.0  NaN          9          9
                fatal_accidents_85_99       1          1.0  NaN          1          1
                incidents_00_14             1          2.0  NaN          2          2
                fatalities_00_14            1          0.0  NaN          0          0

[280 rows x 5 columns]
2026-06-09 13:45:28 | INFO | P06-NB | Computing correlation matrix for numeric columns
2026-06-09 13:45:28 | INFO | P06-NB | 
Correlation matrix:
2026-06-09 13:45:28 | DEBUG | P06-NB | 
                        avail_seat_km_per_week  incidents_85_99  fatal_accidents_85_99  incidents_00_14  \
avail_seat_km_per_week                1.000000         0.279538               0.468300         0.725917   
incidents_85_99                       0.279538         1.000000               0.856991         0.403009   
fatal_accidents_85_99                 0.468300         0.856991               1.000000         0.572923   
incidents_00_14                       0.725917         0.403009               0.572923         1.000000   
fatalities_00_14                      0.228484         0.195337               0.186985         0.282009   

                        fatalities_00_14  
avail_seat_km_per_week          0.228484  
incidents_85_99                 0.195337  
fatal_accidents_85_99           0.186985  
incidents_00_14                 0.282009  
fatalities_00_14                1.000000  
2026-06-09 13:45:28 | INFO | P06-NB | ---------Visualize Correlation Matrix as a Heatmap---------------
2026-06-09 13:45:28 | INFO | P06-NB | ---- Creating Scatter Plot to see Relationships ------
2026-06-09 13:45:28 | INFO | P06-NB | ----   Use clean dataframe ---------------------------
2026-06-09 13:45:28 | INFO | P06-NB | ----   Set x to Available seat km per week -----------------------
2026-06-09 13:45:28 | INFO | P06-NB | ----   Set y to Incidents (2000–2014) --------------------------
2026-06-09 13:45:28 | INFO | P06-NB | ----   Set the hue (color mapping) to the group column --
2026-06-09 13:45:29 | INFO | P06-NB | ------- Creating another chart -------
2026-06-09 13:45:29 | INFO | P06-NB | ------ Creating Box Plot to see Distribution: ---------
2026-06-09 13:45:29 | INFO | P06-NB | ------   Use clean dataframe --------------------------
2026-06-09 13:45:29 | INFO | P06-NB | ------   Set x to the group column --------------------
2026-06-09 13:45:29 | INFO | P06-NB | ------   Set y to Fatalities (2000–2014) ----------------------
2026-06-09 13:45:29 | INFO | P06-NB | ========================
2026-06-09 13:45:29 | INFO | P06-NB | SUMMARY
2026-06-09 13:45:29 | INFO | P06-NB | ========================
2026-06-09 13:45:29 | INFO | P06-NB | Dataset: airline-safety
2026-06-09 13:45:29 | INFO | P06-NB | Original rows: 56
2026-06-09 13:45:29 | INFO | P06-NB | Clean rows:    56
2026-06-09 13:45:29 | INFO | P06-NB | Groups found in airline: ['Aer Lingus', 'Aeroflot*', 'Aerolineas Argentinas', 'Aeromexico*', 'Air Canada', 'Air France', 'Air India*', 'Air New Zealand*', 'Alaska Airlines*', 'Alitalia', 'All Nippon Airways', 'American*', 'Austrian Airlines', 'Avianca', 'British Airways*', 'COPA', 'Cathay Pacific*', 'China Airlines', 'Condor', 'Delta / Northwest*', 'Egyptair', 'El Al', 'Ethiopian Airlines', 'Finnair', 'Garuda Indonesia', 'Gulf Air', 'Hawaiian Airlines', 'Iberia', 'Japan Airlines', 'KLM*', 'Kenya Airways', 'Korean Air', 'LAN Airlines', 'Lufthansa*', 'Malaysia Airlines', 'Pakistan International', 'Philippine Airlines', 'Qantas*', 'Royal Air Maroc', 'SAS*', 'SWISS*', 'Saudi Arabian', 'Singapore Airlines', 'South African', 'Southwest Airlines', 'Sri Lankan / AirLanka', 'TACA', 'TAM', 'TAP - Air Portugal', 'Thai Airways', 'Turkish Airlines', 'US Airways / America West*', 'United / Continental*', 'Vietnam Airlines', 'Virgin Atlantic', 'Xiamen Airlines']
2026-06-09 13:45:29 | INFO | P06-NB | ======================
2026-06-09 13:45:29 | INFO | P06-NB | Review the results. 
2026-06-09 13:45:29 | INFO | P06-NB | Determine the strongest correlations. 
2026-06-09 13:45:29 | INFO | P06-NB | ======================
2026-06-09 13:45:29 | INFO | P06-NB | Look for interesting patterns in the charts. 
2026-06-09 13:45:29 | INFO | P06-NB | Repeat the process, exploring additional angles.
2026-06-09 13:45:29 | INFO | P06-NB | After finding interesting insights, conclude your analysis.
2026-06-09 13:45:29 | INFO | P06-NB | ======================
2026-06-09 13:45:29 | INFO | P06-NB | Include instructions and specifics in your README.md file.
2026-06-09 13:45:29 | INFO | P06-NB | Write up your narrative on your docs/index.md file.
2026-06-09 13:45:29 | INFO | P06-NB | Include your next step suggestions for further analysis or modeling.
2026-06-09 13:45:29 | INFO | P06-NB | ======================
2026-06-09 13:45:29 | INFO | P06-NB | EDA workflow complete
2026-06-09 13:45:29 | INFO | P06-NB | ========================
2026-06-09 13:45:29 | INFO | P06-NB | Executed successfully!
2026-06-09 13:45:29 | INFO | P06-NB | ========================
2026-06-09 13:46:11 | INFO | P06 | === RUN START ===
2026-06-09 13:46:11 | INFO | P06 | project=P06
2026-06-09 13:46:11 | INFO | P06 | repo_dir=datafun-06-applied
2026-06-09 13:46:11 | INFO | P06 | python=3.14.5
2026-06-09 13:46:11 | INFO | P06 | os=Windows 11
2026-06-09 13:46:11 | INFO | P06 | shell=powershell
2026-06-09 13:46:11 | INFO | P06 | cwd=.
2026-06-09 13:46:11 | INFO | P06 | github_actions=False
